word,character,sense
白天,天,day
包子,包,to wrap
超市,超,super-
出租车,租,to rent out
打电话,打,"a semantically light, transitive verb that is combined with various grammatical objects to form compound verbs and verb-object phrases with a diverse range of meanings (e.g. 打伞 dǎsǎn ""to hold an umbrella"", 打电话 dǎdiànhuà ""to make a phone call"", 打针 dǎzhēn ""to get an injection"", 打手套 dǎshǒutào ""to knit gloves"", 打气 dǎqì ""to inflate"")"
打电话,电,phone call or telegram etc
打电话,话,spoken words
大学生,生,(bound form) student; person engaged in a field
电话,电,phone call or telegram etc
电话,话,spoken words
电脑,电,electricity
电视,电,electricity
电影,电,electricity
电影,影,film
电影院,电,electricity
电影院,影,film
电影院,院,institution
读书,读,to read
对不起,对,to face
儿子,儿,son
饭店,饭,meal
房间,房,room
房间,间,room
非常,非,non-; un-; in-; de-
非常,常,common
飞机,机,(bound form) aircraft
分钟,分,minute (unit of time)
分钟,钟,"amount of time; o'clock (as in 三点钟 sāndiǎnzhōng ""three o'clock"" or ""three hours"" or 五分钟 wǔfēnzhōng ""five minutes"" etc)"
汉语,语,language
汉字,字,character
好吃,好,(before a verb) good to
好看,好,(before a verb) good to
好听,好,(before a verb) good to
好玩儿,好,(before a verb) good to
鸡蛋,鸡,chicken
家人,家,family
今年,今,"this (day, year etc)"
今天,今,"this (day, year etc)"
今天,天,day
开车,开,to turn on; to put in operation; to operate; to run
看病,看,to treat (a patient or illness)
可以,可,(prefix) can; may; able to; -able
老师,老,venerable (person)
妈妈,妈,mother
没关系,关,to concern; to involve
没关系,系,to relate to
米饭,米,uncooked rice
面条儿,面,noodles
面条儿,条,strip
明年,明,next
明天,明,next
明天,天,day
名字,字,courtesy or style name traditionally given to males aged 20 in dynastic China
哪个,哪,which
哪里,哪,which
哪里,里,inside
哪儿,哪,which
哪些,哪,which
那里,里,inside
你好,好,(after a form of address) hello
牛奶,牛,cow
牛奶,奶,milk
女儿,女,daughter
女士,女,woman
女士,士,honorific
起床,起,to get up
上班,上,to attend (class or university)
上班,班,work shift
上课,上,to attend (class or university)
上课,课,class
上学,上,to attend (class or university)
生病,生,to arise; to occur
时候,时,time
时间,时,time
时间,间,within a definite time or space
睡觉,觉,a sleep
说话,话,spoken words
天气,气,weather
同学,同,same
晚饭,晚,evening
晚饭,饭,meal
晚上,晚,evening
晚上,上,(noun suffix) on; above
问题,题,exam question
午饭,饭,meal
下雨,下,to go down
下班,下,to go down
下班,班,work shift
下课,下,to go down
下课,课,class
下午,下,later
现在,现,now
小朋友,小,young
小时,时,hour
小学生,生,(bound form) student; person engaged in a field
星期,期,a period of time
星期日,期,a period of time
星期天,期,a period of time
星期天,天,day
休息,息,to rest
学生,生,(bound form) student; person engaged in a field
衣服,服,clothes
医生,医,doctor
医生,生,(bound form) student; person engaged in a field
医院,院,institution
一下,下,measure word to show the frequency of an action
一点儿,点,a small amount; a bit; (after a verb or adjective) a bit more
有的,的,"(used after a noun, verb or adjective to form a nominal expression, as in 皮革的 pígéde ""one made of leather"" or 跑堂儿的 pǎotángrde ""a waiter (literally, one who runs back and forth in a restaurant)"" or 新的 xīnde ""new one"")"
有点儿,点,a small amount; a bit; (after a verb or adjective) a bit more
再见,见,to meet
早饭,早,morning
早饭,饭,meal
早上,早,morning
早上,上,(noun suffix) on; above
怎么样,样,manner
这个,这,"(bound form) this; these (followed by a classifier) (in this sense, commonly pr. zhèi, esp. in Beijing)"
这里,里,inside
正在,正,just (at that time)
正在,在,(used before a verb to indicate an action in progress)
知道,道,(bound form) way; reason; principle
中学生,生,(bound form) student; person engaged in a field
昨天,天,day
做饭,饭,meal
出来,来,"hither (directional complement for motion toward the speaker, as in 回来 huílai)"
出去,去,(after a verb of motion indicates movement away from the speaker)
从小,小,young
打车,打,"a semantically light, transitive verb that is combined with various grammatical objects to form compound verbs and verb-object phrases with a diverse range of meanings (e.g. 打伞 dǎsǎn ""to hold an umbrella"", 打电话 dǎdiànhuà ""to make a phone call"", 打针 dǎzhēn ""to get an injection"", 打手套 dǎshǒutào ""to knit gloves"", 打气 dǎqì ""to inflate"")"
地铁,地,ground
饭馆,饭,meal
饭馆,馆,term for certain service establishments
告诉,诉,to tell
个子,个,(bound form) individual
过来,来,"hither (directional complement for motion toward the speaker, as in 回来 huílai)"
过年,过,to celebrate (a holiday)
过去,过,to go over
过去,去,(after a verb of motion indicates movement away from the speaker)
后面,面,side
回来,来,"hither (directional complement for motion toward the speaker, as in 回来 huílai)"
回去,去,(after a verb of motion indicates movement away from the speaker)
机场,机,(bound form) aircraft
机场,场,large place used for a specific purpose
机票,机,(bound form) aircraft
记得,记,to remember
进来,进,to go in
进来,来,"hither (directional complement for motion toward the speaker, as in 回来 huílai)"
进去,进,to go in
进去,去,(after a verb of motion indicates movement away from the speaker)
开始,开,"(of ships, vehicles, troops etc) to start"
开学,开,"(of ships, vehicles, troops etc) to start"
考试,考,to take an exam
考试,试,examination
可能,可,(prefix) can; may; able to; -able
裤子,裤,trousers
快乐,快,pleased
快要,快,soon
快要,要,will; shall; about to
篮球,篮,basket (in basketball)
里面,里,inside
里面,面,side
路上,上,(noun suffix) on; above
旅游,旅,to travel
旅游,游,to tour
奶茶,奶,milk
起来,起,to get up
起来,来,"hither (directional complement for motion toward the speaker, as in 回来 huílai)"
前面,面,side
商场,场,large place used for a specific purpose
上来,上,to climb; to get onto; to go up
上来,来,"hither (directional complement for motion toward the speaker, as in 回来 huílai)"
上面,面,side
上去,上,to climb; to get onto; to go up
上去,去,(after a verb of motion indicates movement away from the speaker)
上网,上,to climb; to get onto; to go up
事情,情,(bound form) situation; condition
书包,包,bag
舒服,舒,to relax
虽然,然,-ly
外国,外,foreign
外面,面,side
网上,网,network
网上,上,(noun suffix) on; above
为什么,为,for
洗手间,间,room
下来,下,to go down
下来,来,"hither (directional complement for motion toward the speaker, as in 回来 huílai)"
下面,下,below
下面,面,side
下去,下,to go down
下去,去,(after a verb of motion indicates movement away from the speaker)
小孩儿,小,young
小时候,小,young
小时候,时,time
药店,店,(bound form) shop; store
一会儿,会,(bound form) a moment
有时,时,time
丈夫,丈,husband
这样,样,manner
自己,自,(bound form) self; oneself
足球,足,(bound form) foot; leg
安静,静,quiet
安全,安,safe; secure; in good health
班级,级,grade
办法,法,method
半天,天,day
报纸,报,newspaper
北方,方,direction
笔记,记,to note
比较,较,(bound form) to compare
笔记本,记,to note
比如,如,such as
必须,必,must
变成,成,to become
变化,化,to change into
表演,表,to show (one's opinion)
别的,别,(bound form) other; another; different
别的,的,"(used after a noun, verb or adjective to form a nominal expression, as in 皮革的 pígéde ""one made of leather"" or 跑堂儿的 pǎotángrde ""a waiter (literally, one who runs back and forth in a restaurant)"" or 新的 xīnde ""new one"")"
别人,别,(bound form) other; another; different
宾馆,宾,guest
宾馆,馆,term for certain service establishments
不但,但,merely; only; just
不用,用,to need; to have to (usu. used in the negative or in questions)
不同,同,same
不行,行,all right; OK!; will do
菜单,菜,dish (of food)
菜单,单,list
草地,地,land
常见,常,common
常用,常,common
成绩,成,to accomplish
成绩,绩,accomplishment
城市,城,city
城市,市,city
出院,院,institution
初中,初,(bound form) first; early
除了,除,except
词典,典,standard work of scholarship
聪明,聪,(bound form) clever; intelligent; sharp
聪明,明,wise
大概,概,(bound form) general; approximate
大人,大,older (than another person)
当然,然,-ly
得到,到,(verb complement indicating arriving at a place or reaching a point)
得分,分,a point (in sports or games)
地点,地,place
地点,点,point in time or space
地方,地,place
地方,方,place
地图,图,map
电梯,电,electricity
电子书,电,electricity
电子书,子,small thing
东方,方,direction
动物园,园,site used for public recreation
短裤,裤,trousers
对话,对,(bound form) opposite; facing; matching
对话,话,conversation
而且,且,moreover
耳朵,朵,earlobe
发烧,烧,to run a fever
发生,生,to arise; to occur
发展,发,to develop
方便,便,convenient
方便面,便,convenient
方便面,面,noodles
方法,方,method
方法,法,method
方向,方,direction
方向,向,direction
放假,放,to release
放学,放,to release
分开,分,to divide; to separate
分开,开,(directional complement) away; off
服务,服,"to serve (in the military, a prison sentence etc)"
附近,附,to be close to; to be attached
复习,复,to repeat
感兴趣,感,to feel
感兴趣,兴,interest in sth
感到,感,to feel
感到,到,(verb complement indicating arriving at a place or reaching a point)
感冒,感,to affect
刚才,刚,just; only a short while ago
刚才,才,just now
刚刚,刚,just; only a short while ago
根据,根,basis
公斤,公,"international (e.g. high seas, metric system, calendar)"
公园,园,site used for public recreation
关系,关,to concern; to involve
关系,系,to relate to
关心,关,to concern; to involve
关于,关,to concern; to involve
关于,于,(indicating any indirect relation) to; toward; vis-à-vis; with regard to; for
关注,关,to concern; to involve
过节,过,to celebrate (a holiday)
过节,节,seasonal festival
好多,好,(before an adjective for exclamatory effect) so
好久,好,(before an adjective for exclamatory effect) so
号码,号,"(after a numeral) number designation (e.g. 237號房間|237号房间 èrsānqīhàofángjiān ""Room 237"")"
号码,码,number
合适,合,to fit
合适,适,suitable
后来,后,later
后年,后,later
后天,后,later
后天,天,day
花园,花,flower
画家,家,"noun suffix for a specialist in some activity, such as a musician or revolutionary, corresponding to English -ist, -er, -ary or -ian"
环境,环,to surround
环境,境,circumstances
回答,回,to reply; to answer
会议,会,meeting; gathering
会议,议,to discuss
机会,机,(bound form) an opportunity
机会,会,(bound form) a moment
季节,节,solar term (one of the 24 divisions of the year in the traditional Chinese calendar)
假期,期,a period of time
坚持,持,to persevere
检查,检,to examine
检查,查,to examine
检票,检,to inspect
见面,见,to meet
结婚,婚,(bound form) to marry
节目,节,(bound form) section; segment
节目,目,item; section
节日,节,seasonal festival
结束,结,to bind
结束,束,to bind
解决,解,to solve
经理,理,to manage
句子,句,sentence
开花,花,flower
开会,会,meeting; gathering
开机,开,to turn on; to put in operation; to operate; to run
看来,看,to consider; to regard as
可爱,可,(prefix) can; may; able to; -able
课文,课,lesson
课文,文,writing
空调,空,air
空调,调,to adjust
离开,开,(directional complement) away; off
历史,历,history
凉快,快,pleasant
留学,留,to stay
留学生,留,to stay
留学生,生,(bound form) student; person engaged in a field
马上,上,(noun suffix) on; above
满意,满,satisfied
满意,意,(bound form) intention; feeling; inclination; state of mind
明白,明,(of meaning) clear
明白,白,"(bound form) (of facts, the truth, a situation) clear; evident (e.g. 真相大白 zhēnxiàngdàbái)"
名单,单,list
名人,名,famous
南方,方,direction
难看,难,not good
男生,生,(bound form) student; person engaged in a field
难题,题,problem for discussion
难听,难,not good
年级,级,grade
女人,女,woman
女生,生,(bound form) student; person engaged in a field
拍照,拍,to take (a photo)
盘子,盘,tray; plate; dish
啤酒,酒,alcoholic beverage
平时,平,(bound form) average; ordinary
平时,时,time
其他,他,(bound form) other; another; some other (as in 他日 tārì and 他人 tārén)
前年,前,ago
前天,前,ago
前天,天,day
清楚,清,clear; distinct
请假,请,to request
请客,请,to treat (to a meal etc)
球场,场,large place used for a specific purpose
然后,然,thus
然后,后,after
热情,热,fervent
认为,为,to take sth as
认真,真,true
如果,如,as if
如果,果,if really
身高,高,tall
生活,生,to live; to be alive
生气,生,to arise; to occur
生气,气,to make angry; to annoy; to get angry
世界,世,world
世界,界,(bound form) realm
收到,到,(verb complement indicating arriving at a place or reaching a point)
受到,到,(verb complement indicating arriving at a place or reaching a point)
数学,学,science
太阳,太,highest
太阳,阳,sun
特别,特,special
特别,别,(bound form) other; another; different
提高,提,to lift
体育,育,to educate
体育馆,育,to educate
同事,同,together
同事,事,work
同意,同,same
同意,意,(bound form) intention; feeling; inclination; state of mind
突然,突,sudden
突然,然,-ly
图书馆,图,picture
外地,地,place
外语,外,foreign
外语,语,language
完成,成,to complete
晚点,点,point in time or space
晚会,晚,evening
晚会,会,meeting; gathering
网站,网,network
网站,站,website
为了,为,for
卫生间,卫,health
卫生间,间,room
文化,文,culture
西方,方,direction
习惯,习,habit
相信,信,to believe
相机,相,picture
校长,长,chief
心里,里,inside
新闻,闻,news
信用卡,信,trust
行李,行,(literary) trip; journey; visit
兴趣,兴,interest in sth
休假,休,to stop doing sth for a period of time
需要,需,to need
学期,期,term
牙刷,刷,a brush
要求,求,to request
一定,定,(literary) definitely
一共,一,entire; whole; all; throughout
一共,共,altogether
以后,以,at (a certain date or place)
以后,后,after
以前,以,at (a certain date or place)
以前,前,before
以上,以,at (a certain date or place)
以外,以,at (a certain date or place)
以为,以,to use
以为,为,to take sth as
以下,以,at (a certain date or place)
以下,下,lower
一般,般,kind
一边,边,simultaneously
一直,一,entire; whole; all; throughout
一直,直,(indicates continuing motion or action)
银行,银,relating to money or currency
银行,行,(bound form) commercial firm
银行卡,银,relating to money or currency
银行卡,行,(bound form) commercial firm
应该,应,should
邮件,邮,mail
邮件,件,item
游客,游,to tour
游戏,戏,play
邮箱,邮,mail
有关,关,to concern; to involve
有名,名,famous
有用,用,usefulness; utility
羽毛球,毛,feather
语言,语,language
遇到,到,(verb complement indicating arriving at a place or reaching a point)
遇见,见,to meet
愿意,意,(bound form) intention; feeling; inclination; state of mind
运动会,会,meeting; gathering
咱们,咱,we (including both the speaker and the person spoken to)
怎样,样,manner
着急,着,to feel
着急,急,worried
照片,照,photo
照相,相,picture
直到,直,(indicates continuing motion or action)
直到,到,to (a place); until (a time); up to (a point)
只要,要,if (same as 要是 yàoshi)
中间,间,between
重要,重,serious
重要,要,(bound form) important
周末,周,cycle
周末,末,end
主要,主,main
主要,要,(bound form) important
住院,院,institution
字典,字,character
字典,典,standard work of scholarship
自行车,自,(bound form) self; oneself
自行车,车,vehicle
最后,后,rear
做客,做,"(of a person) to be (an intermediary, a good student etc); to become (husband and wife, friends etc)"
作业,业,job
安检,安,safe; secure; in good health
安排,安,to place (sb) in a suitable position (job)
按时,按,according to
按时,时,time
按照,按,according to
按照,照,according to
白酒,酒,liquor
办理,理,to manage
保证,保,to guarantee; to ensure
保证,证,proof
报考,报,to sign up for; to register for (abbr. for 报名 bàomíng)
报考,考,to take an exam
报名,报,to sign up for; to register for (abbr. for 报名 bàomíng)
抱歉,抱,to cherish
背包,包,bag
北部,部,part
本来,本,originally; initially
笔试,试,examination
毕业,毕,to finish
毕业,业,school studies
毕业生,毕,to finish
毕业生,业,school studies
毕业生,生,(bound form) student; person engaged in a field
便于,便,convenient
标准,准,standard
表示,表,to show (one's opinion)
表现,表,to show (one's opinion)
表扬,表,to show (one's opinion)
表扬,扬,to propagate
并且,并,and
播放,放,to release
博士,博,learned; well-read
博士,士,scholar (old)
不必,必,must
不便,便,convenient
不断,断,to cut off
不过,过,excessively
不论,论,to consider
不得不,得,to allow
部分,部,part
部分,分,fraction
不管,管,to care about
不光,光,only; merely
不仅,仅,only
不满,满,satisfied
部门,部,department
部门,门,(bound form) class; category; division; phylum
参赛,赛,competition
操场,操,to drill (practice)
操场,场,large place used for a specific purpose
厕所,所,place
查看,查,to examine
查找,查,to look up (e.g. a word in a dictionary)
查找,找,to look for
差点儿,差,to fall short; to lack
差点儿,点,a small amount; a bit; (after a verb or adjective) a bit more
产生,产,to produce
产生,生,to arise; to occur
超过,过,to go over
车速,车,vehicle
车位,位,place
成功,成,to succeed
成功,功,achievement
诚实,实,honest
成为,成,to become
成为,为,to become
乘坐,坐,"to take (a bus, airplane etc)"
吃惊,吃,"to suffer (shock, injury, defeat etc)"
重新,新,newly
出差,差,job; official post
出现,出,to arise; to occur
出租,租,to rent out
厨房,房,room
厨师,师,expert
窗户,户,door
词语,语,speech
此外,外,in addition
从来,从,(used before a negative) ever
从来,来,ever since (as in 自古以来 zìgǔyǐlái)
从中,中,within; among; in
粗心,粗,(of sb's manner etc) rough; crude; careless; rude
粗心,心,mind
错过,错,to miss
错过,过,to go over
错误,误,mistake
打招呼,打,"a semantically light, transitive verb that is combined with various grammatical objects to form compound verbs and verb-object phrases with a diverse range of meanings (e.g. 打伞 dǎsǎn ""to hold an umbrella"", 打电话 dǎdiànhuà ""to make a phone call"", 打针 dǎzhēn ""to get an injection"", 打手套 dǎshǒutào ""to knit gloves"", 打气 dǎqì ""to inflate"")"
打招呼,招,to beckon
打印,打,"a semantically light, transitive verb that is combined with various grammatical objects to form compound verbs and verb-object phrases with a diverse range of meanings (e.g. 打伞 dǎsǎn ""to hold an umbrella"", 打电话 dǎdiànhuà ""to make a phone call"", 打针 dǎzhēn ""to get an injection"", 打手套 dǎshǒutào ""to knit gloves"", 打气 dǎqì ""to inflate"")"
打印,印,to print
打印机,打,"a semantically light, transitive verb that is combined with various grammatical objects to form compound verbs and verb-object phrases with a diverse range of meanings (e.g. 打伞 dǎsǎn ""to hold an umbrella"", 打电话 dǎdiànhuà ""to make a phone call"", 打针 dǎzhēn ""to get an injection"", 打手套 dǎshǒutào ""to knit gloves"", 打气 dǎqì ""to inflate"")"
打印机,印,to print
打折,打,"a semantically light, transitive verb that is combined with various grammatical objects to form compound verbs and verb-object phrases with a diverse range of meanings (e.g. 打伞 dǎsǎn ""to hold an umbrella"", 打电话 dǎdiànhuà ""to make a phone call"", 打针 dǎzhēn ""to get an injection"", 打手套 dǎshǒutào ""to knit gloves"", 打气 dǎqì ""to inflate"")"
打折,折,discount
打针,打,"a semantically light, transitive verb that is combined with various grammatical objects to form compound verbs and verb-object phrases with a diverse range of meanings (e.g. 打伞 dǎsǎn ""to hold an umbrella"", 打电话 dǎdiànhuà ""to make a phone call"", 打针 dǎzhēn ""to get an injection"", 打手套 dǎshǒutào ""to knit gloves"", 打气 dǎqì ""to inflate"")"
打针,针,injection
大巴,巴,informal abbr. for bus 巴士 bāshì
大大,大,greatly; freely; fully
大量,量,quantity
大赛,赛,competition
大约,约,approximately
大自然,自,naturally; as a matter of course
大自然,然,-ly
袋子,袋,bag
单位,位,place
当时,当,just at (a time or place)
当时,时,time
导游,导,to lead
导游,游,to tour
到底,到,to (a place); until (a time); up to (a point)
道歉,道,(bound form) to express; to extend (polite words)
得意,得,proud
得意,意,(bound form) intention; feeling; inclination; state of mind
登机,登,to mount
登机,机,(bound form) aircraft
等到,等,by the time; when; till
等到,到,to (a place); until (a time); up to (a point)
低温,温,(bound form) temperature
低于,于,(used in comparison) than
底下,下,below
地球,球,globe
地址,地,place
点名,点,to mark with a dot; to check off (on a list)
点头,点,to touch briefly; to tap
电动车,电,electric (bound form)
电动车,车,vehicle
电视剧,电,electric (bound form)
调查,调,to investigate
调查,查,to investigate
东部,部,part
动车,车,vehicle
读者,读,to read
读者,者,-er
堵车,车,vehicle
度假,度,to spend (time)
短信,信,letter
对方,对,(bound form) opposite; facing; matching
对方,方,"party (to a contract, dispute etc)"
对面,对,(bound form) opposite; facing; matching
对面,面,side
对于,对,concerning; regarding
队员,队,team
队员,员,(bound form) member
队长,队,team
队长,长,chief
多么,多,how (to what extent)
多样,多,(bound form) multi-; poly-
翻译,翻,to translate
烦恼,烦,to feel vexed
反对,反,to oppose
反对,对,(bound form) opposite; facing; matching
方面,方,side
方面,面,aspect
方式,方,method
方式,式,pattern
房东,东,landlord
房租,租,rent
放弃,放,to let go
放松,放,to release
放松,松,to relax
费用,费,expenses
费用,用,(bound form) expense; outlay
分数,分,a point (in sports or games)
分为,分,to divide; to separate
分为,为,to become
丰富,富,abundant
否则,否,not
符合,符,to correspond to
符合,合,to fit
父母,母,mother
父女,女,daughter
父亲,亲,parent
复印,复,to duplicate
复印,印,to print
复杂,复,complex (not simple)
负责,责,responsibility
负责人,责,responsibility
感动,感,to move
感动,动,to stir (emotions)
赶紧,赶,to hurry; to rush
赶紧,紧,urgent
感觉,感,to feel
赶快,赶,to hurry; to rush
感情,感,feeling
感人,感,to move
赶上,上,(directional complement) up
感受,感,to feel
感谢,感,to feel
干活儿,干,to work
干活儿,活,work
钢琴,琴,musical instrument in general
高考,考,to take an entrance exam for
高温,温,(bound form) temperature
高于,于,(used in comparison) than
胳膊,膊,upper arm
歌声,声,voice
歌手,手,person engaged in certain types of work
各地,地,place
各个,个,(bound form) individual
各种,种,kind
更加,更,even more
功夫,功,accomplishment
公共,共,common
功课,课,lesson
公里,公,"international (e.g. high seas, metric system, calendar)"
工人,工,worker
工资,工,labor
工资,资,money
共同,共,common
共同,同,same
估计,计,to compute
姑娘,娘,young lady
鼓励,鼓,to rouse
故意,意,(bound form) intention; feeling; inclination; state of mind
关键,关,mountain pass
关键,键,linchpin
观看,观,to watch
观看,看,to watch
观众,观,to watch
管理,管,to manage
管理,理,to manage
广播,广,to spread
广告,广,to spread
广告,告,to announce; to report
规定,规,a rule
国籍,籍,(bound form) place of one's family or ancestral records
国际,际,inter-
过程,过,to pass (time)
过程,程,procedure
航班,航,to fly
航班,班,classifier for groups of people and scheduled transport vehicles
好处,处,(bound form) part; aspect
好笑,好,(before a verb) good to
合格,合,to fit
合格,格,(bound form) standard; norm; specification
红包,红,bonus
红包,包,package
后悔,后,later
忽然,忽,suddenly
忽然,然,-ly
话剧,话,spoken words
怀疑,怀,to harbor in one's mind
坏处,处,(bound form) part; aspect
环保,环,to surround
换乘,换,to change (clothes etc)
回复,复,to reply
回信,回,to reply; to answer
回信,信,letter
会员,会,(suffix) union; group; association
会员,员,(bound form) member
活动,活,living
活泼,活,alive
获得,获,(literary) to get; to obtain; to win
获奖,获,(literary) to get; to obtain; to win
获取,获,(literary) to get; to obtain; to win
获取,取,to get
基本,本,(bound form) inherent
基本上,上,(noun suffix) on; above
激动,激,to excite
激动,动,to stir (emotions)
及时,及,in time for
及时,时,time
计划,计,to plan
计划,划,to plan
既然,既,since
既然,然,so
技术,术,technique
继续,继,to continue
记者,者,-er
加班,班,work shift
加快,加,to increase; to augment
加强,加,to increase; to augment
加入,入,to join; to become a member of
加上,上,(directional complement) up
家乡,乡,native place
家长,家,family
家长,长,chief
价格,格,(bound form) standard; norm; specification
价钱,钱,money
减轻,减,to reduce
减少,减,to decrease
减少,少,less
健身,健,to invigorate
健身房,健,to invigorate
健身房,房,room
建议,议,to suggest
将来,将,will
将来,来,(prefix) the coming ...; the next ... (as in 来世 láishì)
将要,将,will
将要,要,will; shall; about to
奖金,金,money
奖学金,金,money
降低,低,to lower (one's head)
降落,降,to descend
降温,温,(bound form) temperature
交警,警,police
交流,流,to circulate or spread
郊区,区,district
交通,交,(of lines) to intersect
交通,通,to connect
教练,练,to train
教授,授,(bound form) to teach; to instruct
教育,育,to educate
叫作,叫,to be called
叫作,作,to be; to act the part of
接着,接,to take over for sb
结果,果,result
节假日,节,seasonal festival
节约,节,(bound form) to economize; to save
节约,约,to economize
结账,结,to check out (of a hotel)
结账,账,bill
解释,解,to solve
今后,后,afterwards
仅仅,仅,only
进入,进,to enter
进行,行,(bound form) to do; to perform
精彩,精,highly perfected
经历,经,to undergo
经验,经,to undergo
经验,验,to test
景点,点,point; dot; spot; speck
景色,色,look
竟然,然,-ly
究竟,竟,actually
就是,就,(same as 就是 jiùshì) merely; nothing else but; simply; just; precisely; exactly
举办,举,to raise
举办,办,to establish; to set up; to manage; to run (an enterprise)
举行,举,to act
举行,行,(bound form) to do; to perform
聚会,会,meeting; gathering
拒绝,拒,to refuse
距离,离,to be away from
剧院,院,institution
看法,看,to consider; to regard as
看法,法,way
考生,考,to take an exam
考生,生,(bound form) student; person engaged in a field
科学,学,science
可惜,惜,to pity
课程,程,journey
客厅,厅,living room
肯定,定,(literary) definitely
口语,语,speech
快餐,快,quick
快递,快,quick
困难,难,difficult
来不及,及,in time for
来得及,及,in time for
浪费,浪,dissipated
浪费,费,to spend
浪漫,浪,unrestrained
浪漫,漫,free
老家,老,of long standing
老是,老,always
冷静,静,calm
理发,理,to manage
理解,解,to solve
礼貌,礼,courtesy
理想,理,reason
力气,力,strength
力气,气,vital energy; qi
例如,如,such as
零下,下,below
零花钱,零,fractional
零花钱,钱,money
零钱,零,fractional
零钱,钱,money
零食,零,fractional
零食,食,food
另外,外,in addition
流行,流,to circulate or spread
流行,行,(bound form) current; in circulation
路过,过,to go over
旅馆,旅,travel
旅馆,馆,term for certain service establishments
旅客,旅,travel
旅行,旅,to travel
律师,师,expert
麻烦,烦,to bother
毛衣,毛,wool
美食,美,very satisfactory; good
美食,食,food
密码,密,(bound form) secret; confidential
密码,码,(computing) code
免费,免,to exempt
面对,对,to face
民族,族,ethnicity
母女,母,mother
母女,女,daughter
母亲,母,mother
母亲,亲,parent
母子,母,mother
母子,子,child
目标,标,target
目的地,地,place
难道,道,"to say (introducing a direct quotation, as in a novel)"
男士,士,honorific
难受,受,to bear
男性,性,sex
内容,容,to contain
能否,否,not
能力,能,ability
能力,力,ability
年底,底,(suffix) end of a year or month
女性,女,woman
女性,性,sex
牌子,牌,brand; trademark
判断,断,to judge
批评,批,to criticize
批评,评,to criticize
脾气,气,vital energy; qi
皮鞋,皮,leather; hide; fur
平常,平,(bound form) average; ordinary
平常,常,common
普遍,遍,everywhere
普通话,话,speech
期末,期,term
期末,末,end
期中,期,term
其次,其,it (refers to sth preceding it)
其次,次,next in sequence
其中,其,it (refers to sth preceding it)
其中,中,within; among; in
起到,到,(verb complement indicating arriving at a place or reaching a point)
气候,气,weather
气候,候,climate
气温,温,(bound form) temperature
千万,万,a great number
签证,签,visa
前方,方,direction
前后,后,rear
亲戚,亲,relative
青年,青,young (of people)
轻松,轻,easy
轻松,松,to relax
情况,情,(bound form) situation; condition
情况,况,situation
球队,球,ball game
球队,队,team
球迷,球,ball game
球迷,迷,fan
区别,区,distinguish
区别,别,(literary) to differentiate; to distinguish
取得,取,to get
取得,得,to get
全部,部,part
全球,球,globe
全身,全,whole
缺点,缺,deficiency
缺点,点,point; dot; spot; speck
缺少,少,to lack
确实,确,real
然而,而,but (not)
人生,生,life
仍然,然,-ly
日常,常,common
日期,期,time
散步,步,walk
扫码,扫,to sweep (one's eyes etc) over; to scan
扫码,码,(computing) code
商量,商,to consult
商量,量,to estimate
商品,品,(bound form) article; commodity; product; goods
伤心,伤,to injure
少见,少,seldom
少量,量,quantity
社会,会,(suffix) union; group; association
申请,申,to state
申请,请,to request
甚至,甚,very; extremely
甚至,至,to
生命,生,life
师傅,师,master
失去,去,to remove
师生,生,(bound form) student; person engaged in a field
十分,分,fraction
时间表,时,time
时间表,间,within a definite time or space
实际上,上,(noun suffix) on; above
食品,食,food
食品,品,(bound form) article; commodity; product; goods
食堂,堂,large room for a specific purpose
食物,食,food
使馆,使,envoy
使馆,馆,embassy or consulate
使用,使,to use
市场,场,large place used for a specific purpose
是否,是,correct; right; true
适合,合,to fit
世纪,世,age
世纪,纪,era
市区,市,city
试题,试,examination
试题,题,exam question
收费,收,to collect
收拾,收,to put away
收拾,拾,to collate or arrange
首都,首,chief
首先,首,"first (occasion, thing etc)"
受不了,受,to stand
熟悉,熟,familiar; acquainted
熟悉,悉,know
暑假,暑,summer heat
数量,量,quantity
数字,字,symbol
顺便,顺,along
顺便,便,convenient
顺利,顺,favorable
顺利,利,favorable
顺序,顺,to follow
说法,法,way
说明,说,to explain; to comment
说明,明,(of meaning) clear
说明书,说,to explain; to comment
说明书,明,(of meaning) clear
说明书,书,document
硕士,硕,(bound form) master's degree (abbr. for 硕士 shuòshì)
硕士,士,scholar (old)
速度,度,measure
塑料,塑,(bound form) plastic (i.e. the synthetic material)
酸奶,奶,milk
随便,随,to allow
随便,便,convenient
孙女,女,daughter
所有,所,that which
抬头,抬,to raise
态度,态,attitude
讨论,讨,to discuss or study
讨论,论,to discuss
讨厌,讨,to provoke
特点,特,special
特点,点,point; dot; spot; speck
提出,提,to put forward
提到,提,to mention
提到,到,(verb complement indicating arriving at a place or reaching a point)
提供,提,to put forward
提前,提,to lift
提醒,醒,to become aware
填写,填,(of a form etc) to fill in
条件,条,clause (of law or treaty)
条件,件,item
听力,力,ability
停车场,停,to park (a car)
停车场,场,large place used for a specific purpose
通知,通,to communicate
同时,同,same
同时,时,time
同样,同,same
图片,图,picture
推迟,推,to put off
完全,完,complete
完全,全,complete
晚安,晚,night
晚餐,晚,evening
网购,网,network
网友,网,network
网址,网,network
味道,道,(bound form) way; reason; principle
卫生,生,life
温度,温,(bound form) temperature
文件,文,writing
文件,件,item
文字,文,writing
文字,字,character
污染,染,to contaminate
无法,法,method
无聊,聊,(literary) to depend upon
无论,论,to discuss
误会,误,mistake
西部,部,part
吸引,吸,to suck in
细心,细,fine
细心,心,mind
下降,下,to go down
鲜花,花,flower
现金,现,existing
现金,金,money
线上,上,(noun suffix) on; above
线下,下,below
现有,现,existing
相反,反,opposite
相同,同,same
详细,细,fine
想法,想,to think of; to devise
想法,法,method
消息,息,news
小伙子,小,young
小伙子,伙,companion
效果,果,result
笑话,话,spoken words
辛苦,辛,laborious
辛苦,苦,hardship
心情,心,mind
信号,信,letter
信号,号,(bound form) signal; bugle call (e.g. 起床号 qǐchuánghào)
信息,信,letter
信息,息,news
信心,信,confidence
性别,性,sex
性别,别,"(noun suffix) category (as in 性别 xìngbié, 派别 pàibié)"
幸福,福,happiness
性格,性,nature
性格,格,(bound form) character; disposition; moral quality; style; aesthetic tone
修理,修,to repair
修理,理,to manage
许多,许,somewhat
学院,院,institution
压力,压,pressure
压力,力,force
牙膏,膏,paste
严格,严,strict
严格,格,(bound form) standard; norm; specification
研究,研,research
研究,究,to investigate
研究生,研,research
研究生,究,to investigate
研究生,生,(bound form) student; person engaged in a field
严重,严,severe
严重,重,serious
演出,出,to produce; to yield
眼镜,镜,lens
阳光,阳,sun
养成,养,to bring up (children)
养成,成,to become
样子,样,appearance
邀请,请,to invite
要是,要,if (same as 要是 yàoshi)
也许,许,perhaps
夜晚,晚,night
意见,见,opinion
一生,一,entire; whole; all; throughout
一生,生,(bound form) life; lifetime
艺术,艺,art
引起,起,to raise
印象,印,a trace
印象,象,appearance
应聘,应,to respond
用来,用,(coverb) with; using
用来,来,(between two verbs) in order to
优点,点,point; dot; spot; speck
优秀,秀,(bound form) superior; excellent
游玩,游,to tour
友好,好,(of two people) close; on intimate terms
有趣,有,(bound form) having; with; -ful; -ed; -al (as in 有意 yǒuyì intentional)
有效,有,(bound form) having; with; -ful; -ed; -al (as in 有意 yǒuyì intentional)
愉快,快,pleased
语法,语,language
预习,预,in advance
预习,习,to study
原谅,谅,to excuse
原因,原,cause
原因,因,cause
远离,离,to be away from
院长,院,institution
院长,长,chief
约会,会,to meet; to get together
阅读,阅,to read
阅读,读,to read
月份,月,month
允许,允,to permit
杂志,杂,miscellaneous
杂志,志,to record
再说,再,"(used to introduce additional information, as in 再则 zàizé, 再就是 zàijiùshì etc)"
暂时,时,time
早餐,早,morning
早晨,早,morning
责任,任,responsibility
增加,加,to increase; to augment
增长,长,to increase
真正,真,genuine
真正,正,proper
整理,整,(bound form) to put in order; to straighten
整理,理,to manage
正常,正,proper
正常,常,common
正好,好,appropriate; proper
证件,件,item
证明,证,to prove
证明,明,(of meaning) clear
正确,正,proper
正确,确,true
正式,正,proper
正式,式,form
支持,支,to support
支持,持,to support
支付,支,to draw money
之后,后,after
之间,间,between
之前,前,before
知识,识,knowledge
之中,中,within; among; in
直接,接,to connect
职业,业,occupation
指出,指,to indicate or refer to
指出,出,(used after a verb to indicate an outward direction or a positive result)
只好,好,appropriate; proper
质量,质,quality
质量,量,quantity
至少,至,to
重点,重,to attach importance to
重点,点,point; dot; spot; speck
重视,重,to attach importance to
周围,周,circumference
祝贺,祝,"to wish (sb bon voyage, happy birthday etc)"
著名,著,outstanding
著名,名,famous
专门,门,(bound form) class; category; division; phylum
专业,专,specialized
专业,业,school studies
转发,转,to forward (mail)
转机,转,to transfer
转机,机,(bound form) aircraft
准确,确,true
准时,时,time
仔细,仔,(bound form) fine; detailed
仔细,细,fine
自然,然,-ly
自习,自,(bound form) self; oneself
自习,习,to study
自信,自,(bound form) self; oneself
自信,信,confidence
自学,自,(bound form) self; oneself
自学,学,to study
总结,总,to sum up
尊重,尊,to respect
尊重,重,to attach importance to
做法,做,to do; to engage in; to hold (a party etc)
做法,法,method
作家,作,to write; to compose
作家,家,"noun suffix for a specialist in some activity, such as a musician or revolutionary, corresponding to English -ist, -er, -ary or -ian"
做梦,做,to do; to engage in; to hold (a party etc)
作品,作,writings; works
作品,品,(bound form) article; commodity; product; goods
作为,作,to be; to act the part of
座位,位,seat
作文,作,to write; to compose
作文,文,writing
作用,用,usefulness; utility
作者,作,to write; to compose
作者,者,(after a verb or adjective) one who (is) ...
安全带,安,safe; secure; in good health
安全带,全,complete
安全带,带,belt
安慰,安,to calm; to set at ease
安装,安,to install; to fix; to fit
安装,装,to install
熬夜,熬,to endure
把握,把,to hold; to grasp
傍晚,傍,approaching
傍晚,晚,evening
包裹,包,to wrap
包含,包,to include
包含,含,to contain
包括,包,to include
包括,括,(bound form) to include; to comprise
包装,包,to wrap
包装,装,to pack
保安,安,safe; secure; in good health
保持,持,to maintain
保存,存,to keep
宝贵,宝,precious
宝贵,贵,(bound form) highly valued; precious
保留,留,to retain
保险,保,to guarantee; to ensure
保险,险,danger
保质期,保,to guarantee; to ensure
保质期,质,quality
保质期,期,a period of time
报到,报,to sign up for; to register for (abbr. for 报名 bàomíng)
报道,道,"to say (introducing a direct quotation, as in a novel)"
报告,告,to announce; to report
暴雨,暴,violent
抱怨,抱,to cherish
背后,后,behind
被子,被,quilt
本地,本,(bound form) this; the current (year etc)
本地,地,place
本领,本,(bound form) inherent
本人,本,(bound form) one's own; this
本质,本,(bound form) inherent
本质,质,nature
比分,比,ratio
比分,分,a point (in sports or games)
比例,比,ratio
比例,例,rule
毕竟,毕,to finish
避免,免,to avoid
闭幕式,幕,curtain or screen
必然,然,-ly
必需,必,must
必要,必,necessarily
变动,动,to alter
便利,便,convenient
便利,利,favorable
便利店,便,convenient
便利店,利,favorable
便利店,店,(bound form) shop; store
标题,标,label
标志,标,mark
标志,志,mark
表达,表,to show (one's opinion)
表达,达,to communicate
表面,表,exterior surface
表面,面,surface
表明,表,to show (one's opinion)
表明,明,(of meaning) clear
表情,表,to show (one's opinion)
病房,房,room
病情,情,(bound form) situation; condition
拨打,拨,to dial
拨打,打,"a semantically light, transitive verb that is combined with various grammatical objects to form compound verbs and verb-object phrases with a diverse range of meanings (e.g. 打伞 dǎsǎn ""to hold an umbrella"", 打电话 dǎdiànhuà ""to make a phone call"", 打针 dǎzhēn ""to get an injection"", 打手套 dǎshǒutào ""to knit gloves"", 打气 dǎqì ""to inflate"")"
玻璃,璃,glass
不利,利,favorable
不要紧,要,(bound form) important
不要紧,紧,urgent
补充,补,to supplement
不符,符,to correspond to
不良,良,good
不然,然,so
步行,步,walk
裁判,裁,judgment
采访,采,to gather
采取,采,to select
采用,采,to select
参考,参,to counsel
参与,参,to participate
操作,操,to operate
测试,测,to measure
曾经,经,to undergo
差别,别,(bound form) other; another; different
差距,距,(bound form) distance
产量,产,to produce
产量,量,quantity
产品,产,product
产品,品,(bound form) article; commodity; product; goods
产业,产,property
长处,长,(bound form) strong point; forte
长处,处,(bound form) part; aspect
长度,长,(bound form) length
长度,度,measure
长期,期,a period of time
常识,常,common
常识,识,knowledge
尝试,试,to try
场所,场,large place used for a specific purpose
场所,所,place
超出,出,to go beyond; to exceed
超级,超,super-
车辆,车,vehicle
沉默,沉,deep
称为,称,to name
称为,为,to be
称赞,称,to praise
成本,本,capital; principal
承担,承,to undertake
程度,度,extent
成分,分,ingredient
成果,成,to accomplish
成果,果,result
成立,成,to become
成立,立,to set up
成年,成,to become
城区,城,city
成人,成,to become
承认,承,to receive
承认,认,to admit
承受,受,to bear
成熟,成,to become
乘务员,务,business
程序,程,sequence
成员,员,(bound form) member
成长,成,to become
持续,持,to persevere
尺子,尺,a ruler
翅膀,膀,wing
充电,电,electricity
充值,值,value
充足,充,sufficient; full
重复,重,to repeat
出版,版,block of printing
初期,初,(bound form) first; early
初期,期,stage
出色,出,to go beyond; to exceed
出席,席,place in a democratic assembly
除夕,夕,(bound form) evening; night
处理,处,to deal with
处理,理,to manage
处于,处,to be in
传播,传,to spread
窗台,台,platform
创业,业,enterprise
创造,造,to invent
创作,作,to write; to compose
词汇,汇,collection
此后,后,after
此前,前,before
此时,时,time
刺激,激,to stimulate
从不,从,(used before a negative) ever
从而,而,and so
从前,前,before
从事,从,(bound form) to engage in (an activity)
促进,促,(bound form) to hasten; to hurry; to urge
促进,进,to advance
促使,促,(bound form) to hasten; to hurry; to urge
促销,促,(bound form) to hasten; to hurry; to urge
促销,销,to sell
存放,存,to store
存放,放,to place
存款,存,to deposit
存款,款,funds
措施,措,to take action on
达成,达,to reach
达成,成,to accomplish
打扮,打,"a semantically light, transitive verb that is combined with various grammatical objects to form compound verbs and verb-object phrases with a diverse range of meanings (e.g. 打伞 dǎsǎn ""to hold an umbrella"", 打电话 dǎdiànhuà ""to make a phone call"", 打针 dǎzhēn ""to get an injection"", 打手套 dǎshǒutào ""to knit gloves"", 打气 dǎqì ""to inflate"")"
打扮,扮,to dress up
打包,打,"a semantically light, transitive verb that is combined with various grammatical objects to form compound verbs and verb-object phrases with a diverse range of meanings (e.g. 打伞 dǎsǎn ""to hold an umbrella"", 打电话 dǎdiànhuà ""to make a phone call"", 打针 dǎzhēn ""to get an injection"", 打手套 dǎshǒutào ""to knit gloves"", 打气 dǎqì ""to inflate"")"
打包,包,to wrap
打断,断,to cut off
打听,打,"a semantically light, transitive verb that is combined with various grammatical objects to form compound verbs and verb-object phrases with a diverse range of meanings (e.g. 打伞 dǎsǎn ""to hold an umbrella"", 打电话 dǎdiànhuà ""to make a phone call"", 打针 dǎzhēn ""to get an injection"", 打手套 dǎshǒutào ""to knit gloves"", 打气 dǎqì ""to inflate"")"
大胆,胆,courage
大多,大,greatly; freely; fully
大力,大,greatly; freely; fully
大妈,大,older (than another person)
大米,米,uncooked rice
大型,型,type
大爷,大,older (than another person)
大于,于,(used in comparison) than
代表,表,to show (one's opinion)
带动,带,to lead
带动,动,to set in movement
代替,替,to replace
待遇,待,to treat
待遇,遇,(bound form) to treat; to receive
担任,任,to take up a post
单一,一,single
单元,元,(bound form) constituent; part
胆小,胆,courage
当地,当,just at (a time or place)
当地,地,place
当年,当,just at (a time or place)
当中,当,just at (a time or place)
当成,成,to become
当作,作,to regard as; to consider to be
导演,导,to direct
导致,导,to lead
导致,致,(bound form) to cause; to lead to; consequently
到达,达,to reach
道理,道,(bound form) way; reason; principle
道理,理,reason
到期,期,term
登记,登,to enter (e.g. in a register)
登录,登,to enter (e.g. in a register)
登录,录,record
低头,低,to lower (one's head)
的确,确,real
地面,地,ground
地面,面,surface
地区,地,place
地区,区,region
地位,地,place
地位,位,position
地下,地,ground
地下,下,below
点心,点,to touch briefly; to tap
点赞,点,to touch briefly; to tap
点赞,赞,(bound form) to praise; to laud
电池,电,electricity
电动,电,electric (bound form)
电器,电,electric (bound form)
电商,电,electric (bound form)
电视台,电,electricity
电视台,台,station
电子版,电,electric (bound form)
电子版,子,small thing
电子版,版,edition
调研,调,to investigate
调研,研,research
定期,期,a period of time
动画,画,picture; painting
动人,动,to stir (emotions)
独立,独,independent
独特,独,sole
独特,特,special
读音,读,to pronounce
独自,自,(bound form) self; oneself
短处,短,weak point
短处,处,(bound form) part; aspect
短期,短,brief
短期,期,a period of time
对比,对,to check; to compare
对待,对,to treat (sb a certain way)
对待,待,to treat
对手,对,(bound form) opposite; facing; matching
对手,手,person engaged in certain types of work
儿女,女,daughter
二维码,维,dimension
二维码,码,(computing) code
发表,发,to issue
发表,表,to show (one's opinion)
发布,发,to issue
发布,布,to announce
发达,发,to develop
发达,达,eminent
发明,发,to develop
发起,起,to start
发言,言,speech
罚款,款,funds
番茄,番,(bound form) foreign (non-Chinese); barbarian
繁荣,繁,in great numbers
繁荣,荣,thriving
反而,反,instead
反而,而,(indicates contrast)
反复,反,to return
反复,复,to repeat
反应,反,to return
反应,应,to respond
反映,反,to return
反正,反,opposite
范围,围,all around
方案,方,method
防止,防,to prevent
访问,访,(bound form) to visit; to call on
分别,分,to divide; to separate
分别,别,to leave; to part (from)
分布,分,to distribute; to allocate
分布,布,to spread
分类,分,to divide; to separate
分离,分,to divide; to separate
分离,离,to part from
分配,分,to distribute; to allocate
分配,配,to allocate
分手,分,to divide; to separate
分析,分,to divide; to separate
分析,析,to analyze
分享,分,to distribute; to allocate
丰富多彩,富,abundant
丰富多彩,彩,variety
风格,风,style
风格,格,(bound form) character; disposition; moral quality; style; aesthetic tone
风俗,风,custom
风俗,俗,custom
风险,险,danger
否认,否,to deny
否认,认,to admit
服装,服,clothes
服装,装,clothing
付出,出,(used after a verb to indicate an outward direction or a positive result)
妇女,女,woman
复制,复,to duplicate
复制,制,to make
改革,革,to reform
改进,进,to advance
改善,善,to improve or perfect
改天,天,day
改正,改,to correct
改正,正,to correct
概括,括,(bound form) to include; to comprise
概念,概,(bound form) general; approximate
概念,念,idea
刚好,好,appropriate; proper
高大,高,tall
高档,高,above average
高档,档,(bound form) (of goods) grade
高度,度,extent
歌词,词,statement; speech; lyrics
歌曲,曲,song
格外,格,(bound form) standard; norm; specification
格外,外,in addition
个别,个,(bound form) individual
个别,别,(bound form) other; another; different
各行各业,行,(bound form) line of business; trade; profession
各行各业,业,line of business
个人,个,(bound form) individual
个性,个,(bound form) individual
个性,性,nature
各自,自,(bound form) self; oneself
根本,本,(bound form) root; stem
公布,公,make public
公布,布,to announce
工程,程,procedure
工程师,程,procedure
工程师,师,expert
功能,功,result
功能,能,ability
公平,公,fair
公平,平,(bound form) fair; impartial
恭喜,喜,happiness
工艺,工,craft
工艺,艺,art
公寓,寓,(bound form) residence; dwelling
沟通,通,to connect
构成,构,to form
古代,代,generation; dynasty; age; period; (historical) era; (geological) eon
古老,老,of long standing
鼓掌,鼓,to strike
固定,固,solid
故乡,故,old
故乡,乡,native place
挂号,挂,to register (at a hospital); to make an appointment (with a doctor)
挂号,号,"(after a numeral) number designation (e.g. 237號房間|237号房间 èrsānqīhàofángjiān ""Room 237"")"
观察,观,to observe
观察,察,to observe
观点,观,point of view
观点,点,point; dot; spot; speck
观念,观,concept
观念,念,idea
冠军,冠,to be first
光临,临,to arrive
光线,线,line
广泛,泛,extensive
规律,规,a rule
规则,规,a rule
规则,则,(bound form) standard; norm
贵姓,贵,(prefix) (honorific) your
国画,国,(bound form) national
国画,画,picture; painting
国庆,国,(bound form) national
果然,果,indeed
果然,然,-ly
果实,实,fruit
过度,过,excessively
过度,度,extent
过分,过,excessively
过敏,过,excessively
过期,过,to go over
过期,期,term
过于,过,excessively
海关,关,mountain pass
海鲜,鲜,aquatic foods
含量,含,to contain
含量,量,quantity
含有,含,to contain
好评,评,to judge
好运,运,luck
好转,转,to change direction
合法,合,to fit
盒饭,饭,meal
合理,合,to fit
合理,理,reason
河流,流,stream of water or sth resembling one
合同,同,same
合影,合,together
合影,影,photograph
合作,合,together
厚度,度,extent
后果,后,after
后果,果,result
呼吸,呼,to breath out
户外,户,door
花费,花,fancy pattern
话费,话,spoken words
画面,画,picture; painting
画面,面,surface
话题,话,talk
化学,化,to transform
化学,学,science
环节,环,(chain) link
环节,节,(bound form) section; segment
缓解,缓,not tense
缓解,解,to remove
缓慢,缓,slow
恢复,恢,(bound form) to restore; to recover
恢复,复,to restore
灰色,灰,gray
回收,收,to collect
汇率,汇,to exchange
婚礼,礼,ceremony
伙伴,伙,companion
或许,或,perhaps
或许,许,perhaps
机构,构,to form
激烈,激,fierce
激烈,烈,intense
肌肉,肉,flesh
及格,及,to reach
及格,格,(bound form) standard; norm; specification
集合,集,to gather
集合,合,to join
即将,将,will
急忙,急,hurried
急忙,忙,hurriedly
集体,集,to gather
集中,集,to gather
记录,录,record
纪录,纪,to chronicle
纪录,录,record
纪录片,纪,to chronicle
纪录片,录,record
纪录片,片,film
技能,能,ability
纪念,纪,to chronicle
纪念,念,remembrance
纪念日,纪,to chronicle
纪念日,念,remembrance
记忆,记,to remember
记忆,忆,to remember
嘉宾,宾,guest
家电,电,electricity
加热,热,to heat up
加深,加,to increase; to augment
加速,加,to increase; to augment
加速,速,velocity
假如,假,if
假如,如,as if
驾驶,驾,to drive
驾驶,驶,(of a vehicle) to run; to go
价值,价,value
艰苦,苦,hardship
减肥,减,to reduce
简直,直,straightforward
渐渐,渐,gradually
建立,立,to establish
键盘,盘,tray; plate; dish
建造,建,to build
建造,造,to build
建筑,建,to build
将近,将,will
将近,近,approximately
讲话,话,speech
讲究,讲,to be particular about
讲究,究,to study carefully
讲座,讲,lecture
降水,降,to fall
交易,易,to exchange
角度,角,angle
接触,接,to connect
接待,待,to treat
阶段,段,stage (of a process)
接近,接,to connect
结构,结,to bind
结合,结,to bind
结合,合,to join
结论,结,to check out (of a hotel)
节省,节,(bound form) to economize; to save
节省,省,to save; to economize; to be frugal
今日,今,"this (day, year etc)"
紧急,紧,urgent
进步,步,stages in a process
近代,代,generation; dynasty; age; period; (historical) era; (geological) eon
近年来,来,for the past (amount of time)
近期,期,a period of time
经典,经,classics
精力,精,energy
精神,精,vitality
精神,神,spirit; mind; energy
惊喜,喜,happiness
经营,营,to operate
救护车,车,vehicle
就业,就,to undertake; to engage in
就业,业,employment
居民,民,inhabitants of a country
居然,然,-ly
具备,具,to possess
剧场,场,large place used for a specific purpose
具体,具,to possess
具有,具,to have
绝对,绝,absolutely
绝对,对,(bound form) opposite; facing; matching
决赛,赛,competition
决心,心,intention
开发,发,to develop
开放,放,to let out
开幕,幕,curtain or screen
开幕式,幕,curtain or screen
开水,开,to boil
开业,业,line of business
看望,看,to visit; to call on
看望,望,to visit
看作,看,to consider; to regard as
看作,作,to regard as; to consider to be
靠近,靠,to come near to
科研,研,research
可见,可,(prefix) can; may; able to; -able
可靠,可,(prefix) can; may; able to; -able
可怕,可,(prefix) can; may; able to; -able
克服,克,to overcome
客服,服,"to serve (in the military, a prison sentence etc)"
客观,观,point of view
空间,空,air
空间,间,between
空中,空,air
空中,中,within; among; in
宽度,度,extent
来源,源,source
老百姓,百,all kinds of
老公,公,male (animal)
老婆,婆,(bound form) matron
乐观,观,outlook
类似,似,similar
类型,型,type
厘米,厘,centi-
理论,理,reason
理论,论,theory
里头,里,inside
理由,理,reason
理由,由,because of; due to
立即,立,at once
立刻,立,at once
立刻,刻,moment
利润,利,profit
利润,润,profit; remuneration
利益,利,benefit
利用,利,advantage
联合,合,to join
连接,连,to link
连接,接,to connect
连忙,连,continuously
连忙,忙,hurriedly
连续,连,in succession
脸色,色,look
良好,良,good
粮食,食,food
列车,列,series
列车,车,vehicle
临时,临,just before
临时,时,time
领带,带,band
领导,领,to lead
领导,导,to lead
领取,领,to receive
领先,领,to lead
流传,流,to circulate or spread
流传,传,to spread
流感,流,to disseminate
陆地,地,land
录取,录,record
路线,路,route
路线,线,line
录音,录,record
旅行社,旅,to travel
论文,论,to discuss
论文,文,writing
满足,满,to satisfy
毛笔,毛,hair
毛病,病,defect
没法儿,法,method
媒体,体,form
美味,美,very satisfactory; good
魅力,魅,to charm
迷路,迷,lost
秘密,密,(bound form) secret; confidential
密切,密,intimate; close
密切,切,(bound form) close to
秘书,秘,secretary
秘书,书,document
面积,积,(math.) product (the result of multiplication)
敏感,感,to feel
名称,称,name
名牌,名,famous
名牌,牌,brand; trademark
明确,明,(of meaning) clear
明确,确,firm
明显,明,(of meaning) clear
命运,命,fate
命运,运,fortune
模糊,糊,blurry; unclear; muddled
模式,模,model
模式,式,pattern
陌生,生,unfamiliar; strange
木头,木,(bound form) wood
难得,得,to get
难度,难,difficulty
难度,度,degree of intensity
闹钟,闹,to make noise
闹钟,钟,clock
内部,部,section
能干,能,ability
能干,干,capable
年初,初,(bound form) first; early
年代,代,generation; dynasty; age; period; (historical) era; (geological) eon
年纪,纪,age
年夜饭,饭,meal
牛仔裤,裤,pants
农业,业,line of business
女子,女,woman
欧洲,欧,used in transliteration
偶然,然,-ly
拍摄,拍,to take (a photo)
拍摄,摄,to capture (video or still images)
派出所,所,place
陪伴,伴,to accompany
培训,培,to train (people)
培养,培,to cultivate (lit. or fig.)
培养,养,to bring up (children)
配合,配,to match
配合,合,to fit
配送,配,to allocate
批准,批,to act on
品牌,品,(bound form) article; commodity; product; goods
品牌,牌,brand; trademark
品质,品,character; disposition; nature; temperament
品质,质,quality
品种,品,kind; type; variety
品种,种,species
聘请,请,to invite
平安,平,(bound form) calm; peaceful
平安,安,safe; secure; in good health
平衡,平,equal; on the same level
评价,评,to judge
评价,价,value
凭借,凭,to rely on
凭借,借,to make use of; to avail oneself of
平静,平,(bound form) calm; peaceful
平静,静,calm
平均,平,equal; on the same level
屏幕,幕,curtain or screen
平台,台,platform
破坏,破,to destroy
破坏,坏,to break down
普及,及,to reach
期待,期,to hope
期间,期,a period of time
期间,间,within a definite time or space
奇迹,奇,wonderful
其余,其,that
其余,余,remaining
企业,企,(bound form) company; firm; enterprise; corporation (abbr. for 企业 qǐyè)
企业,业,enterprise
汽油,油,petroleum
签订,订,to conclude
前进,前,forward
前进,进,to advance
前来,前,forward
前途,前,future
前往,前,forward
强调,调,tone
强度,度,degree of intensity
强烈,烈,intense
抢救,抢,to rush
亲爱,亲,intimate
亲朋好友,亲,relative
亲朋好友,好,(of two people) close; on intimate terms
亲切,亲,intimate
亲切,切,(bound form) close to
亲情,亲,relative
亲人,亲,relative
亲自,亲,in person
亲自,自,(bound form) self; oneself
轻易,轻,easy
情感,感,feeling
情景,情,(bound form) situation; condition
情景,景,scene (of a play)
情绪,绪,mental state
请求,请,to request
请求,求,to request
趋势,趋,to tend towards
趋势,势,trend
区域,域,region
去世,去,to die (euphemism)
权利,权,right
权利,利,benefit
全面,面,aspect
全新,全,complete
确保,确,firm
确保,保,to guarantee; to ensure
确定,确,firm
确认,确,real
确认,认,to admit
群体,群,group
热爱,热,fervent
热量,热,heat
热量,量,quantity
热烈,热,fervent
热心,热,fervent
人才,才,ability; talent
人工,工,labor
人际,际,inter-
人群,群,crowd
日用品,品,(bound form) article; commodity; product; goods
如何,何,how
如今,今,the present time
如下,下,next (week etc)
软件,件,item
赛场,赛,competition
赛场,场,large place used for a specific purpose
沙漠,沙,sand
沙子,沙,sand
擅长,擅,to be good at
擅长,长,(bound form) strong point; forte
善良,善,benevolent
善良,良,good
善于,善,good at sth
扇子,扇,fan
伤害,伤,to injure
伤害,害,to do harm to
商家,商,merchant
商家,家,classifier for families or businesses
商人,商,merchant
商务,务,business
商业,业,line of business
上传,传,to transmit
上升,上,to climb; to get onto; to go up
上涨,上,to climb; to get onto; to go up
烧烤,烧,to cook; to prepare food
设计,计,to plan
设立,立,to set up
摄影,摄,to capture (video or still images)
摄影,影,photograph
深度,度,extent
深厚,厚,deep or profound
神秘,神,supernatural; magical; mysterious
生产,产,to produce
生存,生,to live; to be alive
生存,存,to survive
生动,生,to live; to be alive
升级,级,grade
升温,温,(bound form) temperature
生物,生,to live; to be alive
生肖,肖,to resemble
省会,会,meeting; gathering
胜利,胜,victory
失恋,恋,to love
失误,失,to miss
失误,误,mistake
失业,业,job
时差,时,time
时常,时,time
时代,时,period
时代,代,generation; dynasty; age; period; (historical) era; (geological) eon
时刻,时,time
时刻,刻,moment
实力,实,solid
实力,力,strength
时期,时,period
时期,期,period
石头,石,stone
实行,行,(bound form) to do; to perform
实验,验,to test
实验室,验,to test
实用,用,usefulness; utility
适当,适,suitable
适当,当,suitable
事故,故,happening
事件,件,item
试卷,试,examination
试卷,卷,examination paper
市民,市,city
市民,民,inhabitants of a country
视为,为,to take sth as
试验,试,experiment
试验,验,to test
事业,事,affair
事业,业,enterprise
试用,试,to try
适用,适,suitable
收获,收,to collect
收集,收,to collect
收集,集,to gather
收看,看,to watch
首次,首,"first (occasion, thing etc)"
手工,工,craft
手术,术,technique
手指,指,finger
蔬菜,菜,vegetable; greens
书法,书,to write
书法,法,method
书房,房,room
书架,架,rack
输入,输,(bound form) to transport
舒适,舒,to relax
舒适,适,comfortable
熟练,熟,experienced; skilled
熟人,熟,familiar; acquainted
双方,双,both
双方,方,"party (to a contract, dispute etc)"
水分,分,ingredient
说不定,定,(literary) definitely
说服,服,to convince
私人,私,private
四周,周,circumference
随后,后,after
随时,随,varying according to...
随时,时,time
随意,意,(bound form) intention; feeling; inclination; state of mind
损害,损,(bound form) to harm; to damage
损害,害,to do harm to
缩短,缩,to reduce
缩小,缩,to reduce
他人,他,(bound form) other; another; some other (as in 他日 tārì and 他人 tārén)
台阶,台,terrace
谈话,话,talk
特产,特,special
特产,产,product
特色,特,special
特色,色,look
特殊,特,special
特殊,殊,(bound form) different
特有,特,special
特有,有,(bound form) having; with; -ful; -ed; -al (as in 有意 yǒuyì intentional)
特征,特,special
特征,征,characteristic sign (used as proof)
提交,提,to put forward
题目,目,name; title
提起,提,to mention
提起,起,to raise
提升,提,to lift
提问,提,to put forward
体会,体,to experience
体验,体,to experience
天空,空,sky
天上,上,(noun suffix) on; above
甜品,品,(bound form) article; commodity; product; goods
挑选,挑,to choose
调皮,皮,(coll.) naughty; mischievous
调整,调,to adjust
调整,整,(bound form) to put in order; to straighten
挑战,挑,to incite
停留,留,to stay
通常,常,common
同情,同,same
同一,同,same
统计,计,to count
统一,统,to unify
痛苦,痛,pain
痛苦,苦,pain
投入,投,"to put in (money for investment, a coin to operate a slot machine)"
突出,突,to protrude
图画,图,picture
图画,画,picture; painting
土地,地,land
团队,团,group
团队,队,team
推动,推,to push forward
推动,动,to set in movement
推广,推,to push forward
推广,广,to spread
推荐,推,to nominate
推进,推,to push forward
推进,进,to advance
退还,退,to reject; to return (sth)
退还,还,to return
退休,休,to stop doing sth for a period of time
外部,外,external
外部,部,part
外形,外,external
外形,形,shape
玩具,玩,toy
完美,完,complete
完善,完,complete
完善,善,to improve or perfect
完整,完,complete
万一,万,a great number
网络,网,network
危害,危,to endanger
危害,害,to do harm to
威胁,胁,to threaten
维持,维,to maintain
维持,持,to maintain
违法,违,to violate
违反,违,to violate
围巾,围,"to wear by wrapping around (scarf, shawl)"
围巾,巾,general purpose cloth
围绕,绕,to rotate around
维修,维,to maintain
维修,修,to repair
唯一,一,single
尾巴,巴,"nominalizing suffix on certain nouns, such as 尾巴 wěiba, tail"
伟大,伟,great
未来,来,(prefix) the coming ...; the next ... (as in 来世 láishì)
位于,位,location
位置,位,position
位置,置,to place
文学,文,literary
文学,学,-ology
问卷,卷,examination paper
无关,关,to concern; to involve
无限,限,(bound form) limit
武术,术,technique
舞台,台,stage
物理,理,natural science (esp. physics)
物品,品,(bound form) article; commodity; product; goods
物业,业,property
吸管,吸,to suck in
吸管,管,tube
吸收,吸,to absorb
吸收,收,to accept
西装,装,clothing
细节,细,trifling
细节,节,(bound form) section; segment
戏剧,戏,drama
先后,先,(prefix) my late (in referring to deceased relatives older than oneself)
先后,后,after
先进,进,to advance
显得,显,to reveal
显然,然,-ly
显示,显,to reveal
现场,现,present
现场,场,large place used for a specific purpose
现代,现,present
现代,代,generation; dynasty; age; period; (historical) era; (geological) eon
现代化,现,present
现代化,代,generation; dynasty; age; period; (historical) era; (geological) eon
线路,线,line
现实,现,existing
现象,象,appearance
现状,现,current
现状,状,(bound form) state; condition
相处,处,to get along with
相当,当,match equally
相对,对,(bound form) opposite; facing; matching
相关,关,to concern; to involve
相似,似,similar
想念,想,to miss (feel wistful about the absence of)
想念,念,to miss (sb)
响声,响,sound
想象,象,appearance
相册,相,picture
相册,册,book
项目,项,item
项目,目,item; section
向上,向,towards
象征,征,characteristic sign (used as proof)
消费,消,to consume; to reduce
消费,费,to spend
消费者,消,to consume; to reduce
消费者,费,to spend
消费者,者,(after a verb or adjective) one who (is) ...
消化,消,to consume; to reduce
消化,化,to change into
消极,极,"pole (geography, physics)"
销量,销,to sell
销量,量,quantity
销售,销,to sell
小姐,小,young
小型,型,type
小于,于,(used in comparison) than
效率,效,efficacy
写作,作,to write; to compose
心理,理,inner essence
新娘,娘,young lady
心态,心,mind
心态,态,state
新型,型,type
信封,信,letter
信封,封,to seal
行程,行,(bound form) temporary; makeshift
形成,形,form
形成,成,to become
行动,行,(bound form) to do; to perform
形容,形,form
形容,容,appearance
形式,形,form
形式,式,form
形势,形,shape
形势,势,situation
行驶,驶,(of a vehicle) to run; to go
行为,行,behavior; conduct
行为,为,to do
形象,形,form
形象,象,appearance
形状,形,shape
幸运,运,fortune
性质,性,nature
性质,质,nature
修建,修,to build
需求,求,to demand
虚心,虚,humble or modest
宣布,布,to declare
宣传,传,to spread
选手,手,person skilled in certain types of work
学分,分,a point (in sports or games)
学科,学,science
学历,历,history
学术,学,science
学者,者,(after a noun) person involved in ...
押金,金,money
压岁钱,压,to keep under (control)
压岁钱,钱,money
研发,发,to develop
严肃,严,stern
严肃,肃,solemn
阳台,阳,sun
阳台,台,terrace
样式,样,pattern
样式,式,style
要不,要,if (same as 要是 yàoshi)
要不是,要,if (same as 要是 yàoshi)
要不是,不,(bound form) not; un-
药品,品,(bound form) article; commodity; product; goods
夜间,间,within a definite time or space
业务,业,line of business
业余,业,occupation
业余,余,remaining
依据,依,according to
依然,然,-ly
医学,学,science
一次性,一,single
一次性,性,"suffix forming noun from adjective, corresponding to -ness or -ity"
一代,代,generation; dynasty; age; period; (historical) era; (geological) eon
一旦,一,as soon as
一路,一,entire; whole; all; throughout
一路,路,journey
一路顺风,一,entire; whole; all; throughout
一路顺风,路,journey
一路顺风,顺,favorable
一致,一,entire; whole; all; throughout
以来,来,ever since (as in 自古以来 zìgǔyǐlái)
意味着,味,sense
意义,义,meaning
因而,而,and so
因素,因,cause
因素,素,element
引进,引,to lead
引进,进,to take in
饮食,食,food
印刷,印,to print
应当,应,should
应当,当,ought
迎接,接,to meet or welcome sb
营业,营,to operate
营业,业,line of business
影片,影,film
影片,片,film
影视,影,film
应对,应,to deal or cope with
应对,对,to answer; to reply
硬件,件,component
应用,应,to respond
拥抱,抱,to embrace
拥有,拥,(literary) to have; to possess
勇气,气,vital energy; qi
用法,法,method
用品,品,(bound form) article; commodity; product; goods
用途,用,usefulness; utility
优良,良,good
优质,质,quality
邮寄,寄,to send by post; to mail
邮局,局,office
游览,游,to tour
油条,条,strip
有害,有,(bound form) having; with; -ful; -ed; -al (as in 有意 yǒuyì intentional)
有力,有,(bound form) having; with; -ful; -ed; -al (as in 有意 yǒuyì intentional)
有利,有,(bound form) having; with; -ful; -ed; -al (as in 有意 yǒuyì intentional)
有利,利,advantage
有限,有,(bound form) having; with; -ful; -ed; -al (as in 有意 yǒuyì intentional)
有限,限,(bound form) limit
有益,有,(bound form) having; with; -ful; -ed; -al (as in 有意 yǒuyì intentional)
有助于,有,(bound form) having; with; -ful; -ed; -al (as in 有意 yǒuyì intentional)
有助于,于,(indicating any indirect relation) to; toward; vis-à-vis; with regard to; for
语气,语,speech
语文,文,writing
预报,报,to respond; to reply
预测,测,to measure
预订,预,in advance
预订,订,to order
玉米,米,uncooked rice
元旦,元,(bound form) first; original; primary
员工,工,worker
原则,则,(bound form) principle
愿望,愿,(bound form) wish; hope; desire
运费,运,to transport
运气,运,luck
运输,输,(bound form) to transport
运用,运,to use
在场,场,large place used for a specific purpose
在内,在,(of sb or sth) to be (located) at
在线,在,(of sb or sth) to be (located) at
在线,线,line
在于,在,(of sb or sth) to be (located) at
早期,期,a period of time
早晚,早,morning
早晚,晚,evening
早已,早,long ago
增进,进,to advance
赠送,送,to give (as a present)
展览,展,to exhibit
展示,展,to exhibit
展现,展,to exhibit
站台,台,platform
占线,占,to occupy
占线,线,line
掌握,掌,to hold in one's hand
账号,号,"(after a numeral) number designation (e.g. 237號房間|237号房间 èrsānqīhàofángjiān ""Room 237"")"
着凉,着,to be affected by
着凉,凉,cold
召开,开,to turn on; to put in operation; to operate; to run
折扣,折,discount
折扣,扣,to deduct (money)
哲学,学,science
真诚,真,genuine
针对,对,to face
珍贵,珍,valuable
珍贵,贵,(bound form) highly valued; precious
真实,真,real
珍惜,珍,to value highly
诊断,断,to judge
争取,取,to get
整齐,整,(bound form) in good order; tidy; neat
政府,政,government
证据,证,proof
证书,书,document
政治,政,politics
知名,名,famous
职场,场,large place used for a specific purpose
职工,工,worker
执行,行,(bound form) to do; to perform
指导,导,to guide
制订,订,to draw up
制度,度,measure
至今,至,until
治疗,治,to treat (a disease)
智能,能,ability
志愿者,愿,(bound form) wish; hope; desire
志愿者,者,(after a noun) person involved in ...
中华民族,族,ethnicity
中介,介,to lie between
中期,期,a period of time
中外,外,foreign
中心,心,center
种类,种,kind
种子,种,seed
众多,众,(bound form) many; numerous
周年,周,cycle
逐步,逐,one by one; individually
逐渐,逐,one by one; individually
主持,主,host
主持,持,to manage
主动,主,main
主观,主,individual or party concerned
主观,观,point of view
主任,主,main
主任,任,office
主食,主,main
主食,食,food
主题,主,main
主席,主,host
主席,席,seat
注册,注,(bound form) to put on record; to register
注册,册,book
注重,重,to attach importance to
专家,专,expert
专家,家,"noun suffix for a specialist in some activity, such as a musician or revolutionary, corresponding to English -ist, -er, -ary or -ian"
专心,专,focused on one thing
专心,心,mind
转变,转,to change direction
转告,转,to transfer
装饰,装,to adorn
装饰,饰,to decorate
装修,装,to install
状况,状,(bound form) state; condition
状况,况,situation
状态,状,(bound form) state; condition
状态,态,state
追求,追,to pursue
资金,资,capital
资金,金,money
姿势,姿,appearance
姿势,势,gesture
资源,源,source
子女,子,child
子女,女,daughter
自动,自,(bound form) self; oneself
自觉,自,(bound form) self; oneself
自觉,觉,aware
字母,母,origin
自身,自,(bound form) self; oneself
自身,身,oneself
自由,自,(bound form) self; oneself
自由,由,to follow
综合,合,to join
总部,总,(bound form) general; overall
总部,部,department
总共,总,to sum up
总共,共,altogether
总数,总,to sum up
总统,总,(bound form) general; overall
总统,统,to unify
总之,总,to sum up
租金,租,rent
租金,金,money
组成,组,to form
组成,成,to become
组合,组,to form
组合,合,to join
组织,组,to organize
嘴巴,巴,"nominalizing suffix on certain nouns, such as 尾巴 wěiba, tail"
最初,初,(bound form) first; early
最佳,佳,good
遵守,守,to observe (rules or ritual)
作出,出,(used after a verb to indicate an outward direction or a positive result)
暗示,暗,secret; hidden
昂贵,昂,expensive
白白,白,in vain
白领,领,collar
百分点,分,fraction
百分点,点,point; dot; spot; speck
百货,百,all kinds of
摆脱,摆,to move to and fro
摆脱,脱,to escape
拜访,拜,to make a courtesy call
拜访,访,(bound form) to visit; to call on
拜年,拜,(bound form) to extend greetings (on a specific occasion)
榜样,样,pattern
棒球,棒,stick
保修,保,to guarantee; to ensure
保修,修,to repair
保障,保,to guarantee; to ensure
报刊,报,newspaper
报刊,刊,periodical
暴力,暴,violent
暴力,力,force
暴露,暴,to show or expose
暴露,露,to expose
报社,报,newspaper
悲观,观,point of view
北极,极,"pole (geography, physics)"
本能,本,(bound form) inherent
本能,能,ability
本身,本,(bound form) one's own; this
本身,身,oneself
本土,本,(bound form) one's own; this
本土,土,local
比重,比,ratio
必修,必,must
必修,修,to take (a class)
编辑,编,to edit
编辑,辑,to edit
编写,编,to write
遍地,遍,everywhere
便捷,便,convenient
便捷,捷,quick
变质,质,nature
播种,种,seed
博览会,会,meeting; gathering
薄弱,薄,weak
不耐烦,不,(bound form) not; un-
不顾,不,(bound form) not; un-
不料,不,(bound form) not; un-
不料,料,to expect
不适,不,(bound form) not; un-
不适,适,comfortable
不至于,不,(bound form) not; un-
补偿,补,to make up for
补偿,偿,to compensate for
补课,补,to make up for
补课,课,lesson
补贴,补,to supplement
补贴,贴,to subsidize
补习,补,to supplement
补习,习,to study
不安,不,(bound form) not; un-
不曾,不,(bound form) not; un-
不成,不,(bound form) not; un-
不成,成,to be all right
不得,不,(bound form) not; un-
不得,得,to allow
部队,部,troops
不禁,不,(bound form) not; un-
不时,不,(bound form) not; un-
不时,时,time
部位,部,part
部位,位,position
不许,不,(bound form) not; un-
不宜,不,(bound form) not; un-
不宜,宜,suitable
不已,不,(bound form) not; un-
不已,已,to stop
布置,布,to spread
布置,置,to place
不止,不,(bound form) not; un-
步骤,步,stages in a process
猜测,测,to conjecture
财产,产,estate
财富,财,wealth
才华,才,ability; talent
才能,才,ability; talent
才能,能,ability
财物,财,property
材质,质,quality
采购,采,to collect
采集,采,to collect
采集,集,to gather
采纳,采,to select
采纳,纳,to accept
彩票,彩,lottery prize
参展,展,to exhibit
残疾,残,disabled
草原,原,level
策划,策,plan
策划,划,to plan
测量,测,to measure
策略,略,plan; strategy
层次,层,layer; stratum
层次,次,order
层面,层,layer; stratum
层面,面,aspect
插座,座,base; stand
查询,查,to check
拆除,拆,to tear down
拆除,除,to remove
产出,产,to produce
产出,出,to produce; to yield
产地,产,to produce
产地,地,place
长短,长,(bound form) length
常规,常,common
常规,规,a rule
常年,常,always
常温,常,common
常温,温,(bound form) temperature
场地,场,large place used for a specific purpose
场地,地,place
场馆,场,large place used for a specific purpose
厂家,家,"noun suffix for a specialist in some activity, such as a musician or revolutionary, corresponding to English -ist, -er, -ary or -ian"
场景,场,scene (of a play)
场景,景,scene (of a play)
场面,场,scene (of a play)
场面,面,aspect
厂商,商,merchant
畅通,畅,unimpeded
畅销,畅,smooth
畅销,销,to sell
超越,越,to exceed
朝代,朝,dynasty
朝代,代,generation; dynasty; age; period; (historical) era; (geological) eon
潮湿,潮,damp; moist; humid
嘲笑,笑,to laugh at
炒股,炒,to speculate (in real estate etc); to scalp
炒股,股,(finance) stock; share
吵架,吵,to quarrel
撤销,销,to cancel; to annul
沉重,沉,heavy
称号,称,appellation
称号,号,"(bound form) name; appellation (e.g. 国号 guóhào, 年号 niánhào, 辽宁号 Liáoníng Hào)"
称呼,称,to name
称作,作,to regard as; to consider to be
承办,承,to undertake
成交,成,to complete
承诺,承,to undertake
承诺,诺,to promise
成千上万,成,to turn into
成效,成,to accomplish
诚信,信,trust
成语,语,language
城镇,城,city
城镇,镇,small town
持久,持,to persevere
冲动,动,to stir (emotions)
冲击,冲,to rush
充实,充,sufficient; full
充实,实,solid
崇拜,崇,to worship
重建,建,to build
抽象,抽,to remove part of the whole
初步,初,(bound form) first; early
初步,步,stages in a process
出场,场,stage
初等,等,(bound form) class; rank; grade
出力,力,strength
出名,出,to arise; to occur
出名,名,famous
出游,游,to tour
出于,出,to arise; to occur
出于,于,(indicating a source) from; out of
除非,除,except
储存,存,to store
处罚,处,to punish
穿过,穿,to go through (e.g. a tunnel); to cross (e.g. a street)
传承,承,to continue
传达,达,to communicate
传染,传,to infect
传染,染,to catch (a disease)
传染病,传,to infect
传染病,染,to catch (a disease)
传染病,病,disease
传授,授,(bound form) to teach; to instruct
传输,传,to transmit
传输,输,(bound form) to transport
传真,传,to transmit
传真,真,real
创办,办,to establish; to set up; to manage; to run (an enterprise)
创立,立,to establish
垂直,直,vertical
此刻,刻,moment
匆忙,忙,hurriedly
从未,从,(used before a negative) ever
从业,业,occupation
脆弱,脆,fragile
村庄,庄,village
存储,存,to store
挫折,折,to suffer loss
搭配,搭,to arrange in pairs
搭配,配,to match
答复,答,to reply
答复,复,to reply
打交道,打,"a semantically light, transitive verb that is combined with various grammatical objects to form compound verbs and verb-object phrases with a diverse range of meanings (e.g. 打伞 dǎsǎn ""to hold an umbrella"", 打电话 dǎdiànhuà ""to make a phone call"", 打针 dǎzhēn ""to get an injection"", 打手套 dǎshǒutào ""to knit gloves"", 打气 dǎqì ""to inflate"")"
打交道,交,to make friends
打动,动,to stir (emotions)
打架,打,to fight
打卡,打,"a semantically light, transitive verb that is combined with various grammatical objects to form compound verbs and verb-object phrases with a diverse range of meanings (e.g. 打伞 dǎsǎn ""to hold an umbrella"", 打电话 dǎdiànhuà ""to make a phone call"", 打针 dǎzhēn ""to get an injection"", 打手套 dǎshǒutào ""to knit gloves"", 打气 dǎqì ""to inflate"")"
打雷,打,"a semantically light, transitive verb that is combined with various grammatical objects to form compound verbs and verb-object phrases with a diverse range of meanings (e.g. 打伞 dǎsǎn ""to hold an umbrella"", 打电话 dǎdiànhuà ""to make a phone call"", 打针 dǎzhēn ""to get an injection"", 打手套 dǎshǒutào ""to knit gloves"", 打气 dǎqì ""to inflate"")"
打仗,打,to fight
打仗,仗,war
大吃一惊,大,greatly; freely; fully
大吃一惊,吃,"to suffer (shock, injury, defeat etc)"
大幅,大,greatly; freely; fully
大幅,幅,width
大伙儿,伙,group
大使,使,envoy
大师,师,master
贷款,款,funds
代理,理,to manage
带领,带,to lead
带领,领,to lead
单调,调,tone
耽误,耽,to delay
当场,当,just at (a time or place)
当场,场,large place used for a specific purpose
当初,当,just at (a time or place)
当初,初,(bound form) at first; initially
当代,当,just at (a time or place)
当代,代,generation; dynasty; age; period; (historical) era; (geological) eon
当今,当,just at (a time or place)
当今,今,the present time
当面,当,just at (a time or place)
当下,当,just at (a time or place)
当选,选,to elect
档案,档,(bound form) files
档案,案,file
当天,当,at or in the very same...
当天,天,day
倒闭,倒,to fail; to go bankrupt
倒车,倒,to change (trains or buses)
倒车,车,vehicle
导师,导,to guide
道德,道,(bound form) way; reason; principle
得了,得,finished
得以,得,to allow
得以,以,in order to
得知,得,to get
灯笼,灯,lantern
等级,等,(bound form) class; rank; grade
等级,级,grade
抵达,抵,to arrive at; to reach
抵达,达,to reach
抵抗,抵,to resist; to withstand
地形,形,shape
地域,域,region
点击,点,to touch briefly; to tap
典礼,典,ceremony
典礼,礼,ceremony
典型,型,type
电饭锅,电,electric (bound form)
电力,电,electricity
店铺,店,(bound form) shop; store
店铺,铺,shop
电源,电,electricity
电源,源,source
订单,订,to order
订单,单,bill
订婚,订,to conclude
定时,时,time
定位,位,position
定义,义,meaning
动态,态,state
动听,动,to touch
都市,都,metropolis
都市,市,city
短缺,短,brief
对称,对,(bound form) opposite; facing; matching
对接,对,to match together; to adjust
对接,接,to join
对抗,对,(bound form) opposite; facing; matching
对立,对,(bound form) opposite; facing; matching
对应,对,to match together; to adjust
对应,应,to respond
顿时,顿,at once
顿时,时,time
多才多艺,才,ability; talent
多亏,亏,luckily; fortunately; thanks to
多媒体,多,(bound form) multi-; poly-
多余,多,too many; in excess
多余,余,extra
多元,多,(bound form) multi-; poly-
多元,元,(bound form) constituent; part
发病,发,to develop
发愁,发,to develop
发动,动,to set in movement
发放,发,to issue
发放,放,to release
发票,发,to issue
发行,发,to issue
发行,行,(bound form) current; in circulation
发炎,发,to develop
发炎,炎,inflammation
发育,发,to develop
发育,育,to raise or bring up
法规,规,a rule
繁忙,繁,many
凡是,凡,every
繁殖,繁,in great numbers
繁殖,殖,to reproduce
反馈,反,to return
反馈,馈,(bound form) to send; to transmit
反思,反,to return
方方面面,方,side
方方面面,面,side
方位,方,direction
方位,位,position
方言,方,place
方言,言,speech
防治,防,to prevent
防治,治,to treat (a disease)
访谈,访,(bound form) to visit; to call on
放飞,放,to release
肥沃,肥,fertile
肺炎,炎,inflammation
分工,分,to divide; to separate
分级,分,to divide; to separate
分期,分,to divide; to separate
分期,期,stage
分散,分,to divide; to separate
氛围,围,all around
封闭,封,to seal
丰收,收,to collect
服从,从,(bound form) to obey
幅度,幅,width
幅度,度,extent
符号,号,(bound form) mark; sign
福利,利,benefit
服用,服,to take (medicine)
辅导,导,to guide
覆盖,盖,to cover
附件,件,item
负面,负,negative (math. etc)
负面,面,side
赋予,赋,to bestow on
改编,编,to arrange
概率,概,(bound form) general; approximate
干脆,脆,neat
感激,感,to feel
赶忙,赶,to hurry; to rush
赶忙,忙,hurriedly
感染,感,to affect
感染,染,to catch (a disease)
感想,感,feeling
岗位,岗,sentry post; policeman's beat
岗位,位,position
高层,层,layer; stratum
高超,超,to surpass
高等,等,(bound form) class; rank; grade
高端,端,(bound form) tip; end; extremity
高峰,峰,highest level
高尚,尚,to value
高手,手,person skilled in certain types of work
高新技术,术,technique
高原,原,level
稿件,件,item
稿子,稿,draft
歌唱,歌,(bound form) to sing
革命,革,to reform
革命,命,order or command
个体,个,(bound form) individual
跟随,跟,to follow closely
跟踪,跟,to follow closely
公安,安,safe; secure; in good health
工地,地,place
公告,告,to announce; to report
功效,功,result
功效,效,efficacy
供应,应,to respond
公元,公,common
公元,元,era (of a reign)
公正,公,fair
公正,正,upright
共计,共,altogether
股票,股,(finance) stock; share
股市,股,(finance) stock; share
鼓舞,鼓,to rouse
固体,固,solid
固体,体,substance
故障,故,happening
拐弯,弯,a bend; a turn (in a road etc)
官方,官,governmental
官方,方,"party (to a contract, dispute etc)"
关怀,怀,to think of
管道,管,pipe
规范,规,a rule
规划,规,to plan
规划,划,to plan
归还,还,to return
规矩,规,a rule
规矩,矩,rule
贵重,贵,(bound form) highly valued; precious
国宝,国,(bound form) national
国宝,宝,treasure
国产,国,(bound form) national
国产,产,to produce
国歌,国,(bound form) national
国旗,国,(bound form) national
国旗,旗,flag
国情,国,(bound form) national
国情,情,(bound form) situation; condition
过后,过,to pass (time)
过后,后,after
过时,过,to pass (time)
过时,时,time
海拔,拔,to stand out (above level)
海面,面,surface
海域,域,area
含义,含,to contain
含义,义,meaning
航空,航,to fly
航空,空,air
毫不,毫,(in the) least
毫无,毫,(in the) least
毫米,毫,one thousandth
毫升,毫,one thousandth
毫升,升,liter
好不,好,(before an adjective for exclamatory effect) so
好容易,好,(before an adjective for exclamatory effect) so
号召,号,(literary) to call out; to command
合并,合,to join
合成,合,to join
合成,成,to turn into
和平,和,to make peace
和平,平,(bound form) calm; peaceful
和谐,和,(bound form) harmonious
核心,核,nucleus
核心,心,center
黑暗,黑,dark
痕迹,痕,traces
后代,后,later
后代,代,generation; dynasty; age; period; (historical) era; (geological) eon
后期,后,later
后期,期,stage
后人,后,later
后者,后,later
忽略,略,to omit
花朵,花,flower
花朵,朵,flower
花生,花,flower
滑冰,滑,to slip; to slide
滑行,滑,to slip; to slide
滑雪,滑,to slip; to slide
划分,分,to divide; to separate
化石,化,to change into
话筒,话,spoken words
化妆,化,to make into
化妆,妆,makeup
怀念,怀,to think of
怀念,念,to miss (sb)
怀孕,怀,to conceive (a child)
还原,还,to return
还原,原,original
患者,者,(after a verb or adjective) one who (is) ...
灰尘,灰,dust
灰心,灰,discouraged; dejected
回报,报,to reward; to recompense
汇报,汇,to converge (of rivers)
会见,会,to meet; to get together
会见,见,to meet
汇款,款,funds
混合,合,to join
混乱,混,muddled
活力,活,alive
活跃,活,alive
货币,货,money
基地,地,place
基金,金,money
激情,激,fierce
机遇,机,(bound form) an opportunity
即便,即,even if
即便,便,even if
极端,极,utmost
极端,端,(bound form) tip; end; extremity
急切,切,(bound form) eager
集团,集,to gather
集团,团,group
极为,为,to be
继承,继,to inherit
继承,承,to continue
季军,季,fourth or youngest amongst brothers
纪律,纪,discipline
加倍,加,to increase; to augment
加倍,倍,double
家常,家,family
家常,常,common
家家户户,家,family
加剧,加,to increase; to augment
加剧,剧,acute
家属,属,family members
加以,加,"(used before a disyllabic verb, often after an adverb like 不 bù, 大 dà, 稍 shāo etc, to indicate that the action applies to sth previously mentioned, as in 稍加改良 shāojiāgǎiliáng ""make some minor improvements to (it)"")"
假设,假,suppose
假设,设,(math.) given; suppose; if
监测,测,to measure
坚定,坚,firm
坚固,坚,solid
坚决,坚,resolute
艰难,难,difficult
艰辛,辛,laborious
坚硬,坚,solid
检测,测,to measure
减弱,减,to diminish
减压,减,to reduce
减压,压,pressure
间接,接,to connect
健全,全,complete
奖品,品,(bound form) article; commodity; product; goods
胶带,胶,glue
胶带,带,band
焦点,点,point; dot; spot; speck
交际,交,to make friends
交际,际,between
焦虑,焦,worried
胶水,胶,glue
角落,角,corner
脚印,印,a print
较为,较,(before an adjective) relatively; comparatively; rather
较为,为,to be
接连,接,to connect
接连,连,continuously
结实,实,solid
杰出,杰,prominent
杰出,出,to go beyond; to exceed
节能,节,(bound form) to economize; to save
节能,能,(physics) energy
结尾,尾,extremity
截至,截,to stop
截至,至,until
截止,截,to stop
解答,解,to solve
解读,解,to solve
解读,读,to read
解放,解,to emancipate
解放,放,to free
解说,说,to explain; to comment
借鉴,借,to make use of; to avail oneself of
借鉴,鉴,sth that serves as a warning or a lesson
戒指,戒,ring (for a finger)
戒指,指,finger
借助,借,to make use of; to avail oneself of
金额,金,money
金额,额,specified number or amount
金钱,金,money
金钱,钱,money
金属,金,generic term for lustrous and ductile metals
金属,属,category
进而,进,to advance
进度,进,to advance
进度,度,extent
进化,进,to advance
进化,化,to transform
近来,来,ever since (as in 自古以来 zìgǔyǐlái)
进展,展,to open up
精美,精,highly perfected
精确,精,highly perfected
精通,通,to know well
精心,精,highly perfected
精致,精,highly perfected
精准,精,highly perfected
警告,警,to warn
景观,观,to behold
景象,象,appearance
镜头,镜,lens
纠纷,纠,to entangle
纠纷,纷,confused
纠正,纠,to correct
纠正,正,to correct
酒精,酒,alcoholic beverage
酒精,精,essence
就读,就,to undertake; to engage in
就读,读,to attend (school); to study (a subject in school)
就算,就,(pattern: 就 jiù ... 也 yě ...) even if ... still ...
就算,算,to regard as; to consider (to be ...)
菊花,花,flower
局面,局,situation
局面,面,aspect
举动,举,act
聚集,集,to gather
剧烈,剧,severe
剧烈,烈,fierce
捐款,款,funds
开关,开,to turn on; to put in operation; to operate; to run
开头,头,beginning or end
看不起,看,to consider; to regard as
看待,待,to treat
看得起,看,to consider; to regard as
看好,看,to consider; to regard as
看中,看,to consider; to regard as
看重,看,to consider; to regard as
看重,重,to attach importance to
康复,复,to recover
考古,考,to verify
考核,核,to examine
考验,考,to test
考验,验,to test
科目,目,item; section
科普,普,popular
可口,可,to suit
可怜,可,(prefix) can; may; able to; -able
可行,行,all right; OK!; will do
空地,空,vacant
空地,地,land
空闲,空,leisure
口感,感,feeling
口号,号,(literary) to call out; to command
枯燥,枯,(bound form) dull; boring
夸奖,夸,to praise
夸奖,奖,(bound form) to encourage; to commend; to praise
夸张,张,to spread
快捷,捷,quick
款式,款,classifier for versions or models (of a product)
款式,式,style
扩展,展,to open up
来临,临,to arrive
兰花,花,flower
老实,实,honest
老鼠,老,prefix used before the surname of a person or a numeral indicating the order of birth of the children in a family or to indicate affection or familiarity
老太太,太,highest
类别,别,"(noun suffix) category (as in 性别 xìngbié, 派别 pàibié)"
理科,理,natural science (esp. physics)
理念,理,reason
理念,念,idea
理性,性,nature
立场,场,large place used for a specific purpose
力度,力,strength
力度,度,degree of intensity
历经,经,to undergo
历年,历,each
例外,例,rule
利息,利,interest
利息,息,interest (on an investment or loan)
联合国,合,to join
联网,网,network
联想,想,to think of; to devise
链接,接,to connect
两岸,两,both
两极,两,both
两极,极,"pole (geography, physics)"
流程,程,procedure
流量,量,quantity
楼道,楼,storied building
漏洞,洞,hole
路程,路,journey
路程,程,journey
路况,况,situation
路面,面,surface
录像,录,record
录像,像,image
录用,录,record
录制,录,record
旅程,程,journey
履行,履,to tread on
履行,行,(bound form) to do; to perform
轮船,轮,steamship
论坛,论,to discuss
论坛,坛,platform; rostrum
落地,地,ground
落后,落,to lag or fall behind
落后,后,behind
蚂蚁,蚂,used in 蚂蚁 mǎyǐ
麦克风,麦,mic (abbr. for 麦克风 màikèfēng)
漫画,画,picture; painting
冒险,冒,to brave; to face
冒险,险,danger
贸易,易,to exchange
梅花,花,flower
眉毛,毛,hair
美观,观,to behold
弥补,弥,to fill
弥补,补,to make up for
密度,度,degree of intensity
密集,集,to gather
勉强,勉,to make an effort
勉强,强,to compel
免税,免,to exempt
免疫,免,to exempt
面部,部,part
面子,面,surface
描绘,绘,to depict; to portray
民间,间,among
民俗,俗,custom
民主,主,master
名额,名,place (e.g. among winners)
名额,额,specified number or amount
明明,明,(of meaning) clear
名胜,名,famous
名胜,胜,superb (of vista)
命令,命,order or command
命名,命,"to assign a name, title etc"
模拟,拟,to imitate
模特儿,模,model
摩托车,车,vehicle
模型,模,model
模样,样,appearance
母语,母,mother
母语,语,language
木材,木,(bound form) wood
木材,材,timber
目录,目,list; catalogue
目录,录,record
奶粉,奶,milk
难点,难,difficulty
难点,点,point; dot; spot; speck
南极洲,极,"pole (geography, physics)"
难免,难,problem
脑袋,脑,head
内涵,内,inner
内科,内,internal
内衣,内,inner
能量,能,(physics) energy
能量,量,quantity
能源,能,(physics) energy
能源,源,source
念书,念,to study (a subject)
农产品,产,product
农产品,品,(bound form) article; commodity; product; goods
浓厚,浓,dense
偶像,偶,image
偶像,像,image
排除,排,to exclude; to eliminate; to repel; to expel; to discharge
排放,排,to exclude; to eliminate; to repel; to expel; to discharge
排放,放,to release
排练,排,to rehearse
排名,名,place (e.g. among winners)
赔偿,偿,to compensate for
陪同,同,together
培育,培,to train (people)
培育,育,to raise or bring up
配备,配,to allocate
佩服,服,to admire
片刻,片,partial
片刻,刻,moment
片面,片,partial
片面,面,side
频繁,频,frequently
频繁,繁,many
贫困,困,destitute
平等,平,equal; on the same level
平等,等,(bound form) equal to; same as
平方,方,power or involution (math.)
平方米,方,power or involution (math.)
评估,评,to judge
评论,评,to comment
评论,论,to discuss
评选,评,to choose (by public appraisal)
破产,破,broken
破产,产,property
迫切,迫,urgent
迫切,切,(bound form) eager
扑灭,扑,to pat
朴素,素,"plain, unadorned"
欺骗,欺,to deceive
期望,期,to hope
期限,期,a period of time
期限,限,(bound form) limit
其间,其,that
其间,间,within a definite time or space
齐全,齐,all together
齐全,全,complete
棋子,子,small thing
起初,起,to start
起初,初,(bound form) at first; initially
起点,起,to start
起点,点,point in time or space
启动,启,to start
启动,动,to set in movement
启发,启,to enlighten or awaken
启示,示,to reveal
启事,启,to inform
起源,起,to start
起源,源,origin
气体,体,substance
气味,气,smell
气味,味,smell
恰当,当,suitable
恰好,好,appropriate; proper
千家万户,家,family
谦虚,虚,humble or modest
潜力,潜,latent
前期,前,first
前期,期,a period of time
前提,前,before
前提,提,to put forward
前者,前,former
强化,化,to ... -ize
桥梁,梁,bridge
切实,切,to correspond to
亲密,亲,intimate
亲密,密,intimate; close
亲属,亲,relative
亲属,属,family members
青春,青,young (of people)
青春,春,youthful
青春期,青,young (of people)
青春期,春,youthful
青春期,期,a period of time
清理,清,to clear; to settle (accounts)
清理,理,to manage
清扫,清,to clear; to settle (accounts)
倾听,倾,to lean
清晰,清,clear; distinct
倾向,倾,to tend
倾向,向,to turn towards
清醒,清,clear; distinct
清醒,醒,to be awake
情节,情,(bound form) situation; condition
情节,节,(bound form) section; segment
情形,情,(bound form) situation; condition
情形,形,form
求婚,求,to request
求救,求,to request
求助,求,to request
区分,区,distinguish
区分,分,to distinguish (good and bad)
全程,全,whole
全程,程,journey
权力,权,power
缺陷,缺,deficiency
缺陷,陷,defect
确立,确,firm
确立,立,to establish
群众,群,crowd
热点,点,point; dot; spot; speck
热门,热,fervent
热门,门,(bound form) class; category; division; phylum
热线,线,line
热议,热,fervent
热议,议,to discuss
人工智能,能,ability
人山人海,海,great number of people or things
人为,为,to do
忍受,受,to bear
认错,错,mistake
认可,可,to approve; to permit
认同,同,same
日后,后,later
日前,前,ago
日益,益,all the more
融合,合,to fit
融化,融,to thaw
融化,化,to change into
融入,融,to blend
荣誉,荣,honor
荣誉,誉,reputation
弱点,点,point; dot; spot; speck
赛事,赛,competition
散文,散,loose
散文,文,writing
散发,散,to disseminate
扫描,扫,to sweep (one's eyes etc) over; to scan
山顶,顶,top
闪电,闪,lightning
商标,标,mark
伤口,伤,wound
伤员,伤,wound
上当,上,to climb; to get onto; to go up
上进,上,to climb; to get onto; to go up
上市,上,to climb; to get onto; to go up
上台,上,to climb; to get onto; to go up
上台,台,stage
上旬,上,first (of multiple parts)
涉及,涉,to be involved
摄像,摄,to capture (video or still images)
摄像,像,image
设想,设,(math.) given; suppose; if
摄像头,摄,to capture (video or still images)
摄像头,像,image
身心,心,mind
神经,神,spirit; mind; energy
神经,经,channel (TCM)
神奇,神,supernatural; magical; mysterious
生成,成,to become
声调,声,tone
声调,调,tone
生命力,生,life
生态,生,to live; to be alive
生态,态,state
剩余,余,remaining
诗词,词,"a form of lyric poetry, flourishing in the Song dynasty 宋朝 Sòngcháo"
识别,别,(literary) to differentiate; to distinguish
时光,时,time
实话,话,words
实惠,实,solid
时机,时,time
时机,机,(bound form) an opportunity
时尚,时,time
时尚,尚,to value
实时,时,time
时速,速,velocity
石油,油,petroleum
食欲,欲,appetite
实质,质,nature
使劲,使,to use
士兵,士,soldier
适度,适,suitable
适度,度,extent
示范,范,model
释放,释,to release
释放,放,to release
事后,后,after
试图,图,to attempt
事务,事,affair
事项,项,item
适宜,适,suitable
收藏,收,to collect
收藏,藏,to collect
收购,收,to collect
收益,益,profit
手势,势,gesture
首要,首,chief
首要,要,(bound form) important
寿命,寿,life
受灾,受,to suffer
输出,输,(bound form) to transport
书画,书,to write
书画,画,picture; painting
书面,书,to write
书面,面,aspect
输送,输,(bound form) to transport
书写,书,to write
树立,树,to set up
树立,立,to set up
数目,目,item; section
数字化,字,symbol
数字化,化,to ... -ize
率领,领,to lead
水流,流,stream of water or sth resembling one
水面,面,surface
瞬间,间,within a definite time or space
思路,路,route
思念,念,to miss (sb)
搜集,集,to collect
素质,素,essence
素质,质,nature
算是,算,to regard as; to consider (to be ...)
岁数,岁,year
岁月,岁,year
岁月,月,month
损坏,损,(bound form) to harm; to damage
损坏,坏,broken
损伤,损,(bound form) to harm; to damage
损伤,伤,to injure
踏实,实,solid
台球,台,platform
太空,太,highest
太空,空,sky
太阳能,太,highest
太阳能,阳,sun
太阳能,能,(physics) energy
谈论,谈,to discuss
谈论,论,to discuss
谈判,谈,to discuss
弹性,弹,elastic (of materials)
弹性,性,nature
探讨,讨,to discuss or study
汤圆,圆,round
糖果,糖,candy
逃跑,跑,to run away
淘气,淘,(dialect) naughty; mischievous
淘汰,汰,to eliminate
特长,特,special
特长,长,(bound form) strong point; forte
特定,特,special
特性,特,special
特性,性,property
特意,特,special
特意,意,(bound form) intention; feeling; inclination; state of mind
题材,题,subject
提取,提,to lift
提示,提,to put forward
体操,操,to exercise
体积,积,(math.) product (the result of multiplication)
体系,体,system
天才,才,ability; talent
天然,然,-ly
天然气,然,-ly
天下,天,heaven
天下,下,below
天真,真,real
调节,调,to adjust
贴近,贴,to keep close to
贴近,近,close to
听话,听,to heed; to obey
听话,话,what sb said
通话,通,to communicate
通话,话,conversation
通信,通,to communicate
通信,信,letter
通讯,通,to communicate
通讯,讯,(bound form) news; information
同伴,同,together
同行,同,same
同行,行,(bound form) line of business; trade; profession
同类,同,same
痛快,痛,thoroughly
痛快,快,gratified
偷偷,偷,stealthily
头脑,脑,mind
投票,投,to cast (a ballot)
投票,票,ballot
投诉,投,"to send (a letter, a manuscript etc)"
投资,投,"to put in (money for investment, a coin to operate a slot machine)"
投资,资,capital
透露,透,to tell secretly; to leak
透露,露,to reveal
透明,透,thoroughly; through and through
透明,明,(of meaning) clear
突破,突,to break through
图案,图,picture
图表,图,chart
徒弟,弟,junior male
图像,图,picture
图像,像,image
团结,团,to gather
团结,结,bond
团圆,团,to gather
团圆,圆,to make consistent and whole (the narrative of a dream or a lie)
推销,推,to push forward
推销,销,to sell
推行,推,to push forward
推行,行,(bound form) to do; to perform
退税,退,to reject; to return (sth)
拖延,拖,to delay
拖延,延,to delay
托运,托,to ask; to beg; to entrust (variant of 托 (託) tuō)
托运,运,to transport
外表,表,exterior surface
外交,外,foreign
外交,交,to make friends
外界,界,(bound form) realm
外科,外,external
外来,外,external
顽强,顽,stubborn
万物,万,a great number
往后,往,towards
往后,后,later
往年,往,past
危机,机,(bound form) crucial point; pivot
微小,微,tiny
违规,违,to violate
违规,规,a rule
维护,维,to maintain
为难,为,to take sth as
为期,为,to be
为期,期,a period of time
维生素,维,vitamin (abbr. for 维生素 wéishēngsù)
维生素,生,life
维生素,素,element
为止,为,to be
为止,止,until
委屈,委,winding
委屈,屈,to feel wronged
委托,托,to entrust
未必,未,not
未必,必,necessarily
未成年人,成,to become
为何,何,why
温和,温,(bound form) mild; soft; tender
温和,和,(bound form) harmonious
温柔,温,(bound form) mild; soft; tender
文档,文,writing
文档,档,(bound form) files
文具,文,writing
文科,文,culture
文明,文,culture
闻名,闻,fame
闻名,名,famous
文物,文,culture
文献,文,culture
文献,献,worthy person (old)
文艺,文,literary
文艺,艺,art
无所谓,谓,to name
武器,武,military
武器,器,tool
误解,误,mistakenly
吸取,吸,to absorb
习俗,习,custom
习俗,俗,custom
喜剧,喜,happiness
喜事,喜,happiness
细菌,菌,bacteria
系列,列,series
戏曲,戏,drama
细致,细,delicate
下单,下,"to arrive at (a decision, conclusion etc)"
下单,单,bill
夏令营,令,season
下线,下,to go down
下线,线,line
下旬,下,later
鲜明,鲜,bright (in color)
鲜明,明,(of meaning) clear
先前,前,formerly
鲜艳,鲜,bright (in color)
显著,著,outstanding
现存,现,existing
限度,限,(bound form) limit
限度,度,limit
现货,现,existing
陷入,陷,to sink
线索,索,large rope
限于,限,to restrict
香肠,香,savory or appetizing
相传,相,mutually
相等,等,(bound form) equal to; same as
相连,连,to link
香水,香,perfume or spice
项链,项,back of neck
向往,向,to turn towards
消耗,消,to consume; to reduce
消耗,耗,to consume
消灭,灭,to exterminate or wipe out
小偷儿,偷,thief
笑容,容,appearance
携带,带,to carry
协会,会,(suffix) union; group; association
协调,协,to harmonize
协助,协,to help
新款,款,classifier for versions or models (of a product)
心灵,灵,spirit
心目,心,mind
新能源,能,(physics) energy
新能源,源,source
薪水,薪,(bound form) salary
心疼,疼,to love dearly
心愿,心,intention
心愿,愿,(bound form) wish; hope; desire
心脏,脏,(anatomy) organ
信赖,赖,to depend on
信念,信,to believe
信念,念,idea
型号,型,type
型号,号,(bound form) size; type; category (e.g. 五号电池 wǔhàodiànchí)
形态,形,form
形态,态,form
性价比,性,property
性价比,比,ratio
性能,性,property
性能,能,ability
修订,修,to write
修订,订,to draw up
修复,修,to repair
修复,复,to restore
许可,可,to approve; to permit
选拔,拔,to select
选修,修,to take (a class)
学会,学,science
学会,会,(suffix) union; group; association
学位,位,position
学员,员,(bound form) member
血管,管,tube
血型,型,type
血压,压,pressure
循环,环,loop
压缩,缩,to contract
淹没,没,to inundate
严寒,严,severe
严禁,严,strict
严厉,严,strict
延期,延,to delay
延期,期,time
延伸,延,to extend
研讨,研,study
研讨,讨,to discuss or study
言语,语,speech
炎症,炎,inflammation
宴会,宴,(bound form) banquet; feast
宴会,会,meeting; gathering
验证,证,to prove
养老,养,to support
养老院,养,to support
养老院,院,institution
要点,要,(bound form) important
要点,点,point; dot; spot; speck
要么,要,if (same as 要是 yàoshi)
要素,要,(bound form) important
要素,素,element
野外,野,open space
液体,体,substance
依旧,依,to comply with or listen to sb
依赖,赖,to depend on
一流,流,"class, rate or grade"
衣食住行,食,food
医药,医,medicine
一辈子,一,entire; whole; all; throughout
遗产,产,estate
一带,带,band
一贯,一,entire; whole; all; throughout
一贯,贯,to pass through
疑惑,惑,to be puzzled
一律,一,entire; whole; all; throughout
仪式,仪,ceremony
一向,向,always
一系列,一,a (article)
一系列,列,series
以便,以,in order to
以便,便,convenient
以免,以,in order to
以免,免,to avoid
以往,往,past
异常,异,unusual
异常,常,common
益处,处,(bound form) part; aspect
一帆风顺,一,entire; whole; all; throughout
一帆风顺,顺,favorable
议论,论,to discuss
一模一样,模,pattern
一模一样,样,appearance
一身,一,entire; whole; all; throughout
一时,时,period
一同,同,together
音节,音,syllable
音节,节,(bound form) section; segment
引导,引,to guide
引导,导,to guide
引发,引,to lead
引入,引,to lead
隐私,私,private
饮用水,用,(courteous) to eat; to drink
英雄,雄,person or state having great power and influence
影子,影,shadow
拥挤,拥,to throng; to swarm
用餐,用,(courteous) to eat; to drink
用餐,餐,to eat
用处,处,(bound form) part; aspect
用心,心,mind
优化,化,to ... -ize
优异,异,unusual
由来,来,ever since (as in 自古以来 zìgǔyǐlái)
游人,游,to tour
有机,机,(bound form) organic
余额,余,surplus
余额,额,specified number or amount
羽绒服,服,clothes
预定,预,in advance
预料,预,in advance
预料,料,to expect
预期,预,in advance
预期,期,to hope
原本,原,original
原本,本,(bound form) original
原材料,原,raw
原理,理,reason
原料,原,raw
圆满,圆,round
圆满,满,satisfied
元素,元,(bound form) constituent; part
元素,素,element
源于,源,source
源于,于,(indicating a source) from; out of
远程,程,journey
远方,方,place
约束,约,to restrict
约束,束,to control
月球,球,sphere
运送,运,to transport
运营,运,to use
运营,营,to operate
灾害,害,calamity
赞同,同,same
噪声,声,noise
粘贴,贴,to paste
崭新,崭,very
占比,比,ratio
占据,占,to occupy
占据,据,to occupy
战胜,胜,to defeat
战争,战,war
长辈,长,elder
长辈,辈,generation
账单,单,bill
招待,待,to treat
招生,生,(bound form) student; person engaged in a field
招手,招,to beckon
招收,收,to accept
照明,照,to illuminate
真相,真,true
珍珠,珠,pearl
枕头,枕,(bound form) pillow
阵雨,阵,burst
争吵,吵,to quarrel
争夺,争,to vie for
争论,争,to argue or debate
争论,论,to discuss
争议,争,to argue or debate
争议,议,to discuss
正规,正,proper
正规,规,a rule
正面,面,side
证实,证,to confirm
正义,正,upright
支出,支,to draw money
之所以,所,that which
之所以,以,because of
值班,值,to be on duty
值班,班,work shift
职位,位,position
职务,职,duty
职责,职,duty
指定,指,to indicate or refer to
指挥,指,to indicate or refer to
指挥,挥,to command
指示,指,to indicate or refer to
指责,责,to reproach
至关重要,至,most
至关重要,关,to concern; to involve
至关重要,重,serious
至关重要,要,(bound form) important
智力,力,ability
治理,治,to govern
治理,理,to manage
制品,品,(bound form) article; commodity; product; goods
秩序,秩,(literary) order; orderliness
质疑,质,to question
至于,至,to
中等,等,(bound form) class; rank; grade
终点,点,point in time or space
中断,断,to cut off
终身,身,life
钟头,钟,"amount of time; o'clock (as in 三点钟 sāndiǎnzhōng ""three o'clock"" or ""three hours"" or 五分钟 wǔfēnzhōng ""five minutes"" etc)"
种地,地,land
中毒,中,"to be struck by (a bullet, illness etc)"
中奖,中,to win (a prize or lottery)
中暑,中,"to be struck by (a bullet, illness etc)"
众所周知,众,(bound form) many; numerous
众所周知,所,that which
众所周知,周,all over
重心,心,center
周期,周,cycle
周期,期,a period of time
珠宝,珠,pearl
诸多,诸,various
主办,主,host
主办,办,to establish; to set up; to manage; to run (an enterprise)
主播,主,host
主导,主,main
主导,导,to lead
主管,主,main
主管,管,to be in charge of
主角,主,main
主流,主,main
主流,流,stream of water or sth resembling one
主演,主,main
祝福,祝,"to wish (sb bon voyage, happy birthday etc)"
助理,理,to manage
助手,手,person engaged in certain types of work
祝愿,祝,"to wish (sb bon voyage, happy birthday etc)"
祝愿,愿,to wish (that sth may happen); may ...
著作,著,to write
专科,专,specialized
专利,利,advantage
专注,专,focused on one thing
转换,转,to change direction
转换,换,to switch
转交,转,to transfer
转让,转,to transfer
转移,转,to transfer
装备,装,to install
庄稼,稼,(farm) crop
追究,追,to investigate
追究,究,to investigate
资本,资,capital
资本,本,capital; principal
资产,资,capital
资产,产,property
自豪,自,(bound form) self; oneself
自来水,来,"hither (directional complement for motion toward the speaker, as in 回来 huílai)"
自律,自,(bound form) self; oneself
字幕,幕,curtain or screen
自杀,自,(bound form) self; oneself
自我,自,(bound form) self; oneself
自言自语,自,(bound form) self; oneself
自言自语,言,to say
自言自语,语,speech
自愿,自,(bound form) self; oneself
自助,自,(bound form) self; oneself
棕色,棕,brown
总裁,总,(bound form) general; overall
总裁,裁,decision
总计,总,to sum up
总理,总,(bound form) general; overall
总理,理,to manage
足以,以,in order to
挨家挨户,挨,in order; in sequence
哀求,求,to beseech
爱不释手,释,to release
爱戴,戴,to respect
暧昧,暧,obscure
暧昧,昧,dark
艾滋病,艾,used in transliteration
艾滋病,病,disease
安抚,安,to calm; to set at ease
安逸,安,content; satisfied (as in 安于 ānyú)
安置,安,to place (sb) in a suitable position (job)
安置,置,to place
暗地里,暗,secret; hidden
暗地里,地,place
暗地里,里,inside
案件,件,item
按理,按,according to
按理,理,reason
按说,按,according to
暗中,暗,secret; hidden
暗中,中,within; among; in
傲慢,傲,arrogant
奥秘,奥,mysterious
八卦,卦,one of the eight divinatory trigrams of the Book of Changes 易经 Yìjīng
巴结,巴,to cling to
芭蕾,芭,used in transliteration
把柄,柄,sth that affords an advantage to an opponent
把关,把,to hold; to grasp
把关,关,mountain pass
把手,把,to hold; to grasp
霸道,霸,to rule by force
霸道,道,(Daoism) the Way; the Dao
罢了,了,"(modal particle indicating change of state, situation now)"
罢免,罢,to dismiss
罢免,免,to remove or dismiss from office
罢休,休,to cease
霸占,霸,to usurp
百般,百,all kinds of
百般,般,kind
摆动,摆,to move to and fro
百分比,分,fraction
百分比,比,ratio
百合,合,to join
百科全书,百,all kinds of
摆平,平,(bound form) fair; impartial
摆设,摆,to exhibit
柏树,柏,cypress
败坏,败,to damage
拜会,拜,to make a courtesy call
拜会,会,to meet; to get together
拜见,拜,to make a courtesy call
拜见,见,to meet
拜托,拜,(used before some verbs to indicate politeness)
拜托,托,to entrust
颁布,布,to declare
斑点,点,point; dot; spot; speck
颁发,颁,to grant or confer
颁发,发,to issue
颁奖,颁,to grant or confer
斑马线,斑,stripe
斑马线,线,line
板块,板,plate
板块,块,lump; chunk; piece
版权,版,block of printing
版权,权,right
半导体,半,semi-
半导体,导,to conduct
半径,径,diameter
办事处,处,(bound form) office; department; bureau
半途而废,废,to abandon
半信半疑,信,to believe
伴奏,伴,to accompany
帮手,手,person engaged in certain types of work
绑架,绑,to kidnap
绑架,架,to support
包庇,庇,hide or harbor
褒贬,贬,to censure
包袱,包,bundle
包罗万象,包,to include
包罗万象,罗,to collect
包罗万象,万,a great number
包罗万象,象,appearance
包容,包,to hold or embrace
包容,容,to tolerate
包扎,包,to wrap
饱经沧桑,经,to undergo
宝库,宝,treasure
保密,密,(bound form) secret; confidential
保姆,姆,used in 保姆 bǎomǔ
宝石,宝,gem
宝石,石,stone
保卫,保,(old) civil administration unit in the baojia 保甲 bǎojiǎ system
保卫,卫,to defend
保养,养,to support
宝藏,宝,treasure
保重,重,to attach importance to
报酬,报,to reward; to recompense
报酬,酬,to reward
报仇,报,to take revenge; to retaliate
报答,报,to reward; to recompense
报废,废,to abandon
暴风骤雨,暴,violent
抱负,抱,to cherish
暴利,利,profit
报销,销,to expend; to spend
暴躁,暴,violent
卑鄙,卑,base
卑鄙,鄙,base
悲欢离合,离,to part from
悲欢离合,合,to join
悲痛,痛,sorrow
卑微,卑,humble
卑微,微,tiny
被告,告,to file a lawsuit; to sue
贝壳,贝,shellfish
备课,课,lesson
背面,面,side
背叛,背,to turn one's back
背诵,背,to recite from memory
背诵,诵,to recite
备忘录,录,record
背影,影,shadow
备战,战,war
奔驰,奔,to run quickly
奔赴,奔,to rush
本分,本,(bound form) one's own; this
本钱,本,capital; principal
本钱,钱,money
本色,本,(bound form) inherent
本性,本,(bound form) inherent
本性,性,nature
本意,本,(bound form) original
本意,意,(bound form) intention; feeling; inclination; state of mind
笨蛋,蛋,oval-shaped thing
笨重,笨,clumsy
笨拙,笨,clumsy
笨拙,拙,clumsy
绷带,带,band
崩溃,溃,(bound form) to be routed; to be overrun; to fall to pieces
逼近,逼,to press on towards
逼真,逼,to press up to
逼真,真,true
鼻涕,涕,nasal mucus
笔墨,墨,China ink
鄙视,鄙,to despise
弊病,病,defect
必不可少,必,necessarily
必不可少,可,(prefix) can; may; able to; -able
必不可少,少,to lack
必定,定,(literary) definitely
弊端,端,(bound form) aspect; facet
壁画,画,picture; painting
必将,必,necessarily
必将,将,will
壁垒,壁,rampart
碧绿,碧,bluish green
毕生,生,(bound form) life; lifetime
避暑,暑,summer heat
鞭策,鞭,to whip
鞭策,策,to whip (a horse)
编程,编,to write
编程,程,procedure
编号,编,to arrange
编号,号,to mark; to label; to assign a number
边疆,边,border
边界,边,boundary
边境,边,border
编剧,编,to write
编排,编,to arrange
鞭炮,炮,firecracker
边缘,边,edge
边缘,缘,edge
边远,边,border
编造,编,to fabricate
编造,造,to fabricate
编制,编,to compile
贬低,贬,to disparage
贬值,贬,to depreciate
贬值,值,value
辨别,别,(literary) to differentiate; to distinguish
遍布,遍,all over
遍布,布,to spread
便饭,便,plain
便饭,饭,meal
变革,革,to reform
变故,故,happening
变幻莫测,测,to conjecture
辩论,辩,to debate
辩论,论,to discuss
变迁,迁,to change (a position or location etc)
便携式,便,convenient
变形,形,shape
变异,变,to vary
辩证,证,to prove
标本,标,visible symptom
标本,本,(bound form) root; stem
标点,点,point; dot; spot; speck
标记,记,mark
标签,标,label
标签,签,label
飙升,飙,(bound form) wild; violent; unrestrained; furious
表白,表,to show (one's opinion)
表白,白,(bound form) to explain; to state (e.g. 辩白 biànbái)
表决,表,to show (one's opinion)
表述,表,to show (one's opinion)
表率,表,a model
表态,表,to show (one's opinion)
表态,态,attitude
表彰,表,to show (one's opinion)
表彰,彰,manifest
别具匠心,别,(bound form) other; another; different
别具匠心,具,to possess
别具匠心,心,mind
别墅,别,(bound form) other; another; different
别致,别,(bound form) other; another; different
别扭,扭,to twist
彬彬有礼,有,(bound form) having; with; -ful; -ed; -al (as in 有意 yǒuyì intentional)
彬彬有礼,礼,courtesy
冰山一角,角,corner
冰天雪地,地,ground
秉承,承,to receive
秉持,持,to maintain
并发症,发,to develop
并非,并,(not) at all
并购,并,to amalgamate
并肩,并,to join
病历,历,history
并列,并,simultaneously
并列,列,to line up
并行,并,simultaneously
病症,病,disease
剥夺,剥,to flay
剥夺,夺,to take away forcibly
波及,及,to reach
拨款,拨,to allocate
拨款,款,funds
波折,折,to twist
博大精深,精,highly perfected
伯父,父,(bound form) male relative of father's generation (as in 伯父 bófù)
驳回,驳,to refute
伯母,母,mother
博学,博,learned; well-read
博弈,博,to play; to gamble
不算,算,to regard as; to consider (to be ...)
不当,当,suitable
不动产,产,property
不力,力,strenuously
不像话,话,spoken words
不屑,屑,to condescend to
不厌其烦,其,its
不亚于,亚,inferior
不亚于,于,(used in comparison) than
不亦乐乎,乎,"(classical final particle similar to 吗 (嗎) ma, 吧 ba, 呢 ne, expressing question, doubt or astonishment)"
不正之风,正,upright
不正之风,风,style
补给,补,to supplement
补救,补,to make up for
哺乳,乳,(bound form) milk
哺育,育,to raise or bring up
补助,补,to supplement
捕捉,捉,to capture
不耻下问,下,lower
不辞而别,辞,(literary) to take leave
不辞而别,别,to leave; to part (from)
不得已,已,to stop
不妨,妨,(in the negative or interrogative) (no) harm
不敢当,当,withstand
不及,及,to reach
部件,部,part
部件,件,component
不假思索,假,to borrow
不景气,景,circumstance
不景气,气,vital energy; qi
布局,布,to spread
布局,局,situation
不堪,堪,(bound form) to endure; to bear
不可或缺,可,(prefix) can; may; able to; -able
不可思议,可,(prefix) can; may; able to; -able
不可思议,议,to discuss
不了了之,之,it
不免,免,to avoid
不容,容,to allow
部首,部,section
部首,首,head
部署,署,to arrange
不惜,惜,to begrudge
不言而喻,言,to say
不以为然,以,to use
不以为然,为,to take sth as
不由得,由,to follow
不由自主,由,to follow
不由自主,自,(bound form) self; oneself
不由自主,主,master
不约而同,同,same
不折不扣,折,discount
不折不扣,扣,to deduct (money)
不知不觉,觉,aware
不知所措,所,that which
裁定,裁,decision
才干,才,ability; talent
才干,干,capable
裁决,裁,decision
裁员,裁,to cut back (e.g. on staff)
财政,政,government
采矿,矿,a mine
菜肴,菜,dish (of food)
参见,参,to counsel
参谋,参,to counsel
参照,参,to counsel
参照,照,according to
残酷,残,cruel
残留,留,to remain
惨白,惨,gloomy
惨痛,痛,pain
惨重,惨,disastrous
惨重,重,serious
苍白,苍,ash-gray
藏品,藏,to collect
藏品,品,(bound form) article; commodity; product; goods
藏身,身,oneself
操控,操,to control
操劳,操,to manage
操练,操,to drill (practice)
嘈杂,嘈,noisy
草丛,丛,thicket
草率,草,careless
草率,率,rash
测定,测,to measure
侧面,面,side
测算,测,to measure
测验,测,to measure
测验,验,to test
侧重,侧,to incline towards
侧重,重,to attach importance to
层出不穷,层,to pile on top of one another
层出不穷,出,to arise; to occur
层出不穷,穷,to exhaust
差错,错,mistake
差额,额,specified number or amount
插曲,插,to interpose
插手,插,to take part in
插图,图,picture
插嘴,插,to interpose
查处,查,to investigate
查处,处,to deal with
查获,查,to investigate
察觉,觉,aware
察看,察,to observe
查明,查,to investigate
查明,明,(of meaning) clear
诧异,异,surprising
拆迁,拆,to tear down
柴油,油,petroleum
产权,产,property
产权,权,right
产物,产,product
产业链,产,estate
产值,产,product
产值,值,value
猖狂,狂,wild
常理,常,common
常理,理,reason
长期以来,期,a period of time
长期以来,来,ever since (as in 自古以来 zìgǔyǐlái)
常人,常,common
常态,常,common
常态,态,state
敞开,敞,to open wide
倡导,导,to lead
畅谈,谈,to talk
倡议,议,to suggest
超标,标,quota
钞票,钞,paper money
钞票,票,banknote
抄袭,抄,to plagiarize
嘲弄,弄,to toy with
炒作,炒,to hype up
车间,车,machine
车间,间,room
彻夜,彻,to pass through
沉淀,沉,to sink
沉甸甸,沉,heavy
沉浸,沉,to immerse
陈旧,陈,old; stale
沉闷,沉,heavy
沉闷,闷,depressed
沉迷,沉,to immerse
沉迷,迷,crazy about
陈述,陈,(bound form) to narrate; to state; to explain; to tell
沉睡,沉,deep
沉思,沉,deep
趁机,机,(bound form) an opportunity
衬托,衬,to contrast with
称心如意,意,(bound form) intention; feeling; inclination; state of mind
承包,承,to undertake
承包,包,to contract (to or for)
成才,成,to become
成才,才,ability; talent
成家,成,to become
成家,家,family
成家立业,成,to become
成家立业,家,family
成家立业,立,to establish
成家立业,业,occupation
承接,承,to receive
成品,成,to finish
成品,品,(bound form) article; commodity; product; goods
澄清,清,clear; distinct
成全,成,to complete
成全,全,complete
成群结队,成,to become
成群结队,群,group
成群结队,结,to bind
成群结队,队,group
成天,天,day
成心,心,intention
成型,成,to become
诚意,意,(bound form) intention; feeling; inclination; state of mind
痴呆,痴,stupid
吃喝玩乐,玩,to have fun
吃苦,吃,"to suffer (shock, injury, defeat etc)"
吃苦,苦,hardship
吃亏,吃,"to suffer (shock, injury, defeat etc)"
痴迷,痴,sentimental
痴迷,迷,crazy about
痴心,痴,sentimental
迟迟,迟,delayed
迟缓,迟,slow
迟缓,缓,slow
驰名,驰,to spread
驰名,名,famous
持平,持,to maintain
池塘,塘,pool or pond
迟疑,迟,delayed
持之以恒,持,to persevere
持之以恒,之,it
持之以恒,恒,constant
尺度,尺,a ruler
尺度,度,measure
耻笑,笑,to laugh at
冲刺,冲,to rush
冲刺,刺,thrust
充当,充,to serve as; to act as
充当,当,to act as
冲浪,冲,to rush
充沛,充,sufficient; full
冲洗,冲,to rinse
充裕,充,sufficient; full
冲撞,冲,to clash
重重,重,classifier: layer
重叠,重,to repeat
重合,合,to fit
崇敬,崇,to esteem
崇尚,崇,to esteem
崇尚,尚,to value
重申,申,to state
重组,组,to organize
抽查,抽,to remove part of the whole
抽查,查,to check
抽样,抽,to remove part of the whole
筹划,划,to plan
筹集,集,to collect
筹码,筹,chip (in gambling); token (for counting); ticket
仇人,仇,foe
丑恶,丑,ugly
丑陋,丑,ugly
丑陋,陋,ugly
丑闻,闻,news
出发点,点,point in time or space
出访,访,(bound form) to visit; to call on
出具,具,to provide
出口成章,成,to become
出任,任,to take up a post
出人意料,出,to go beyond; to exceed
出人意料,料,to expect
出神,神,spirit; mind; energy
出台,台,stage
出息,出,to produce; to yield
出息,息,interest (on an investment or loan)
出众,出,to go beyond; to exceed
初衷,初,(bound form) at first; initially
出资,资,capital
出走,走,to leave
除去,去,to remove
除外,除,to exclude
处方,处,to deal with
处方,方,prescription (medicine)
处分,处,to discipline
处境,处,to be in
处境,境,circumstances
储量,量,quantity
处事,处,to deal with
处置,处,to deal with
触动,触,to stir up sb's emotions
触动,动,to stir (emotions)
触摸,摸,to touch
揣测,揣,to guess
揣测,测,to conjecture
川流不息,息,to cease
穿梭,穿,to go through (e.g. a tunnel); to cross (e.g. a street)
穿越,穿,to go through (e.g. a tunnel); to cross (e.g. a street)
穿越,越,to climb over
穿着,穿,"to wear; to put on (clothes, shoes etc.)"
传单,传,to circulate
传单,单,list
传媒,传,to transmit
传闻,传,to spread
传闻,闻,news
传言,传,to spread
串门,串,to rove
串门,门,family; household; lineage
创伤,伤,wound
床位,位,place
吹牛,吹,to boast
吹捧,吹,to boast
吹捧,捧,to sing the praises of
炊烟,烟,smoke
垂头丧气,丧,disappointed
醇厚,醇,rich
醇厚,厚,rich or strong in flavor
纯朴,纯,simple
淳朴,淳,honest
绰号,号,"(bound form) name; appellation (e.g. 国号 guóhào, 年号 niánhào, 辽宁号 Liáoníng Hào)"
辞呈,呈,to present to a superior
磁带,带,band
辞典,典,standard work of scholarship
慈善,善,benevolent
雌性,性,sex
此起彼伏,伏,to fall (go down)
刺耳,刺,to pierce
刺骨,刺,to pierce
次品,次,inferior quality
次品,品,(bound form) article; commodity; product; goods
次日,次,"the second (day, time etc)"
次序,次,order
刺眼,刺,to pierce
次要,次,secondary
次要,要,(bound form) important
丛林,丛,thicket
从容不迫,迫,pressing
从头,头,beginning or end
凑合,合,to join
凑巧,凑,to happen by chance
凑巧,巧,coincidentally
粗暴,粗,(of sb's manner etc) rough; crude; careless; rude
粗暴,暴,violent
粗糙,粗,(of sth granular) coarse
粗鲁,粗,(of sb's manner etc) rough; crude; careless; rude
粗鲁,鲁,rude
粗略,粗,(of sb's manner etc) rough; crude; careless; rude
促成,促,(bound form) to hasten; to hurry; to urge
促成,成,to accomplish
簇拥,拥,to surround; to gather around
摧残,摧,to ravage
催促,促,(bound form) to hasten; to hurry; to urge
摧毁,摧,to destroy
璀璨,璨,luster of gem
存活,存,to survive
存货,存,to store
存心,存,to keep
存心,心,intention
磋商,磋,(bound form) to deliberate; to consult
磋商,商,to consult
错别字,错,mistake
错别字,字,character
措手不及,及,in time for
错位,位,position
错综复杂,错,interlocking
错综复杂,复,complex (not simple)
搭乘,搭,"to take (boat, train)"
搭档,搭,to arrange in pairs
搭建,搭,to build (scaffolding)
搭建,建,to build
达标,达,to reach
达标,标,target
打喷嚏,打,"a semantically light, transitive verb that is combined with various grammatical objects to form compound verbs and verb-object phrases with a diverse range of meanings (e.g. 打伞 dǎsǎn ""to hold an umbrella"", 打电话 dǎdiànhuà ""to make a phone call"", 打针 dǎzhēn ""to get an injection"", 打手套 dǎshǒutào ""to knit gloves"", 打气 dǎqì ""to inflate"")"
打下手,打,"a semantically light, transitive verb that is combined with various grammatical objects to form compound verbs and verb-object phrases with a diverse range of meanings (e.g. 打伞 dǎsǎn ""to hold an umbrella"", 打电话 dǎdiànhuà ""to make a phone call"", 打针 dǎzhēn ""to get an injection"", 打手套 dǎshǒutào ""to knit gloves"", 打气 dǎqì ""to inflate"")"
打下手,下,lower
打下手,手,person engaged in certain types of work
打岔,打,"a semantically light, transitive verb that is combined with various grammatical objects to form compound verbs and verb-object phrases with a diverse range of meanings (e.g. 打伞 dǎsǎn ""to hold an umbrella"", 打电话 dǎdiànhuà ""to make a phone call"", 打针 dǎzhēn ""to get an injection"", 打手套 dǎshǒutào ""to knit gloves"", 打气 dǎqì ""to inflate"")"
打岔,岔,to interrupt
打倒,倒,to overthrow
打赌,打,"a semantically light, transitive verb that is combined with various grammatical objects to form compound verbs and verb-object phrases with a diverse range of meanings (e.g. 打伞 dǎsǎn ""to hold an umbrella"", 打电话 dǎdiànhuà ""to make a phone call"", 打针 dǎzhēn ""to get an injection"", 打手套 dǎshǒutào ""to knit gloves"", 打气 dǎqì ""to inflate"")"
打盹儿,打,"a semantically light, transitive verb that is combined with various grammatical objects to form compound verbs and verb-object phrases with a diverse range of meanings (e.g. 打伞 dǎsǎn ""to hold an umbrella"", 打电话 dǎdiànhuà ""to make a phone call"", 打针 dǎzhēn ""to get an injection"", 打手套 dǎshǒutào ""to knit gloves"", 打气 dǎqì ""to inflate"")"
打发,打,"a semantically light, transitive verb that is combined with various grammatical objects to form compound verbs and verb-object phrases with a diverse range of meanings (e.g. 打伞 dǎsǎn ""to hold an umbrella"", 打电话 dǎdiànhuà ""to make a phone call"", 打针 dǎzhēn ""to get an injection"", 打手套 dǎshǒutào ""to knit gloves"", 打气 dǎqì ""to inflate"")"
打搅,打,"a semantically light, transitive verb that is combined with various grammatical objects to form compound verbs and verb-object phrases with a diverse range of meanings (e.g. 打伞 dǎsǎn ""to hold an umbrella"", 打电话 dǎdiànhuà ""to make a phone call"", 打针 dǎzhēn ""to get an injection"", 打手套 dǎshǒutào ""to knit gloves"", 打气 dǎqì ""to inflate"")"
打捞,打,"a semantically light, transitive verb that is combined with various grammatical objects to form compound verbs and verb-object phrases with a diverse range of meanings (e.g. 打伞 dǎsǎn ""to hold an umbrella"", 打电话 dǎdiànhuà ""to make a phone call"", 打针 dǎzhēn ""to get an injection"", 打手套 dǎshǒutào ""to knit gloves"", 打气 dǎqì ""to inflate"")"
打量,打,"a semantically light, transitive verb that is combined with various grammatical objects to form compound verbs and verb-object phrases with a diverse range of meanings (e.g. 打伞 dǎsǎn ""to hold an umbrella"", 打电话 dǎdiànhuà ""to make a phone call"", 打针 dǎzhēn ""to get an injection"", 打手套 dǎshǒutào ""to knit gloves"", 打气 dǎqì ""to inflate"")"
打量,量,to estimate
打猎,打,"a semantically light, transitive verb that is combined with various grammatical objects to form compound verbs and verb-object phrases with a diverse range of meanings (e.g. 打伞 dǎsǎn ""to hold an umbrella"", 打电话 dǎdiànhuà ""to make a phone call"", 打针 dǎzhēn ""to get an injection"", 打手套 dǎshǒutào ""to knit gloves"", 打气 dǎqì ""to inflate"")"
打磨,打,"a semantically light, transitive verb that is combined with various grammatical objects to form compound verbs and verb-object phrases with a diverse range of meanings (e.g. 打伞 dǎsǎn ""to hold an umbrella"", 打电话 dǎdiànhuà ""to make a phone call"", 打针 dǎzhēn ""to get an injection"", 打手套 dǎshǒutào ""to knit gloves"", 打气 dǎqì ""to inflate"")"
打磨,磨,to polish
打消,打,"a semantically light, transitive verb that is combined with various grammatical objects to form compound verbs and verb-object phrases with a diverse range of meanings (e.g. 打伞 dǎsǎn ""to hold an umbrella"", 打电话 dǎdiànhuà ""to make a phone call"", 打针 dǎzhēn ""to get an injection"", 打手套 dǎshǒutào ""to knit gloves"", 打气 dǎqì ""to inflate"")"
大大咧咧,咧,used in 大大咧咧 dàdàliēliē
大纲,纲,outline
大公无私,公,fair
大公无私,无,-less
大公无私,私,selfish
大惊小怪,大,greatly; freely; fully
大局,局,situation
大片,片,"classifier for slices, tablets, tract of land, area of water"
大肆,大,greatly; freely; fully
大肆,肆,unrestrained
大同小异,同,same
大为,大,greatly; freely; fully
大为,为,to be
大有可为,大,greatly; freely; fully
大有可为,可,(prefix) can; may; able to; -able
大有可为,为,to do
带队,带,to lead
带队,队,team
代号,号,"(bound form) name; appellation (e.g. 国号 guóhào, 年号 niánhào, 辽宁号 Liáoníng Hào)"
代理人,理,to manage
带路,带,to lead
怠慢,怠,negligent
担保,担,to take responsibility
担保,保,to guarantee; to ensure
单薄,薄,weak
担当,当,to act as
单方面,方,side
单方面,面,aspect
耽搁,耽,to delay
耽搁,搁,to put aside; to shelve; to postpone
单身,身,oneself
胆量,胆,courage
胆怯,胆,courage
胆小鬼,胆,courage
胆小鬼,鬼,(suffix) person with a certain vice or addiction etc
诞辰,诞,birthday
淡化,淡,diluted
淡化,化,to ... -ize
淡季,淡,weak
但愿,但,merely; only; just
但愿,愿,to wish (that sth may happen); may ...
担子,担,carrying pole and its load
当即,当,just at (a time or place)
当机立断,当,just at (a time or place)
当机立断,机,(bound form) an opportunity
当机立断,立,at once
当机立断,断,to judge
当日,当,just at (a time or place)
当心,心,mind
当之无愧,当,withstand
当之无愧,之,it
当众,当,just at (a time or place)
档次,档,(bound form) (of goods) grade
档次,次,order
当晚,当,at or in the very same...
当晚,晚,evening
荡漾,荡,to move
荡漾,漾,to ripple
导弹,导,to guide
导弹,弹,shell
导航,导,to guide
导航,航,to navigate
导火索,导,to conduct
导火索,火,ammunition
导火索,索,large rope
捣乱,捣,to disturb
捣乱,乱,to throw into disorder
倒霉,倒,to fail; to go bankrupt
导向,导,to direct
导向,向,direction
盗版,版,edition
道别,别,to leave; to part (from)
稻草,草,straw
倒计时,倒,to go backward
倒计时,计,to count
倒计时,时,time
悼念,念,remembrance
倒数,倒,to go backward
到头来,头,end
倒退,倒,to go backward
到位,位,position
得不偿失,偿,to compensate for
德才兼备,德,morality
德才兼备,才,ability; talent
德才兼备,兼,simultaneous
得当,得,proper
得当,当,proper
得力,得,to gain
得力,力,ability
得失,得,to gain
得手,得,to gain
得体,得,proper
得体,体,style
得天独厚,得,to gain
得天独厚,天,heaven
得天独厚,独,only
得天独厚,厚,to favor
得心应手,心,mind
得心应手,应,to deal or cope with
得益,得,to gain
得意扬扬,得,contented
得意扬扬,意,(bound form) intention; feeling; inclination; state of mind
得罪,罪,fault
登场,登,to mount
登场,场,stage
登顶,顶,top
低调,调,tone
提防,防,to guard against
低落,落,to decline or sink
低迷,迷,confused
低下,下,lower
底层,层,layer; stratum
抵触,抵,to resist; to withstand
抵挡,抵,to resist; to withstand
底线,线,line
抵消,抵,to balance; to offset
抵押,抵,to mortgage
抵御,抵,to resist; to withstand
底蕴,底,background; foundation
底蕴,蕴,depth
抵制,抵,to resist; to withstand
地板,地,ground
地步,地,place
地步,步,situation
地带,地,place
地带,带,belt
地道,地,ground
地段,地,place
地段,段,section
地势,地,land
地势,势,conditions
地毯,地,ground
地毯,毯,rug
地下水,地,ground
地下水,下,below
递增,递,(bound form) progressively; in the proper order
弟子,弟,junior male
颠簸,颠,to jolt
颠倒,颠,inverted
颠倒黑白,颠,inverted
颠覆,颠,inverted
颠覆,覆,to overturn
典范,范,model
点评,点,to mention; to bring up (a topic or person)
点评,评,to comment
点缀,点,point; dot; spot; speck
点缀,缀,to embellish
点子,点,point; dot; spot; speck
惦记,记,to remember
电台,电,electric (bound form)
电台,台,broadcasting station
电网,电,electric (bound form)
电网,网,network
电线,电,electric (bound form)
电线,线,wire
电信,电,phone call or telegram etc
电信,信,mail
电讯,电,phone call or telegram etc
电讯,讯,(bound form) news; information
垫子,垫,cushion
雕刻,刻,to carve
刁难,刁,wicked
雕像,像,image
凋谢,谢,"(bound form) (of flowers, leaves etc) to wither"
调度,调,to move (troops or cadres)
掉队,掉,to lag behind
掉队,队,team
吊销,销,to cancel; to annul
跌幅,跌,(of prices etc) to drop
跌幅,幅,width
迭起,迭,repeatedly
顶多,顶,top
顶级,顶,top
顶尖,顶,top
顶尖,尖,sharp point; tip
订购,订,to order
定金,定,to subscribe to (a newspaper etc); to book (tickets etc); to order (goods etc)
定金,金,money
订立,订,to conclude
订立,立,to set up
定向,向,direction
定心丸,心,mind
定心丸,丸,pill
订阅,订,to subscribe to (a newspaper etc)
订阅,阅,to read
定做,定,to subscribe to (a newspaper etc); to book (tickets etc); to order (goods etc)
丢弃,丢,to throw
丢三落四,落,to leave behind or forget to bring
东奔西走,奔,to rush
东奔西走,走,to go
东道主,东,host (i.e. sitting on east side of guest)
东道主,主,host
东张西望,望,to gaze (into the distance)
董事,董,director
董事会,董,director
董事会,会,(suffix) union; group; association
董事长,董,director
董事长,长,chief
动荡,荡,to shake
栋梁,栋,ridgepole (old)
动弹,弹,to spring or leap
动向,向,direction
动用,动,to make use of
动员,动,to set in movement
兜售,兜,to canvas or solicit
逗留,逗,to stay; to sojourn
逗留,留,to stay
斗志,志,the will
毒品,毒,narcotics
毒品,品,(bound form) article; commodity; product; goods
独身,身,oneself
读物,读,to read
独一无二,独,only
独一无二,无,none
赌博,博,to play; to gamble
杜绝,杜,to stop
端正,端,(bound form) upright; proper
端正,正,proper
短暂,短,brief
断定,断,to judge
断绝,断,to cut off
段落,段,paragraph
断然,断,definitely
断然,然,-ly
断章取义,断,to cut off
断章取义,章,section
断章取义,义,meaning
对岸,对,(bound form) opposite; facing; matching
对白,对,to answer; to reply
对白,白,(bound form) spoken lines in opera (e.g. 念白 niànbái)
对策,对,towards; at; for
对策,策,plan
对得起,对,to treat (sb a certain way)
对付,对,to treat (sb a certain way)
兑换,兑,to exchange
对联,对,(bound form) opposite; facing; matching
对联,联,(bound form) (poetry) antithetical couplet
对流,对,(bound form) opposite; facing; matching
对牛弹琴,对,towards; at; for
对牛弹琴,弹,to play (a string instrument)
对牛弹琴,琴,musical instrument in general
队形,队,group
队形,形,form
对弈,对,(bound form) opposite; facing; matching
对照,对,to check; to compare
对症下药,对,to fit; to suit
对峙,对,(bound form) opposite; facing; matching
敦促,促,(bound form) to hasten; to hurry; to urge
敦厚,厚,kind
多年来,来,for the past (amount of time)
多边,多,(bound form) multi-; poly-
哆嗦,嗦,used in 哆嗦 duōsuo
多心,多,too many; in excess
多心,心,mind
夺冠,夺,to compete or strive for
夺冠,冠,to be first
夺魁,夺,to compete or strive for
堕落,堕,(fig.) to degenerate
堕落,落,to decline or sink
额度,额,specified number or amount
额度,度,limit
额外,额,specified number or amount
额外,外,in addition
讹诈,讹,to extort
噩耗,耗,news
恶化,化,to ... -ize
恶性,性,nature
恶意,意,(bound form) intention; feeling; inclination; state of mind
厄运,运,fortune
恩爱,爱,affection
恩怨,怨,(bound form) resentment; hatred; grudge
而已,已,to stop
耳熟能详,熟,familiar; acquainted
耳熟能详,能,to be able to
发财,发,to make a bundle of money
发呆,发,to show (one's feeling)
发呆,呆,expressionless; blank
发抖,发,to show (one's feeling)
发酵,发,to develop
发酵,酵,fermentation
发觉,觉,aware
发愣,发,to show (one's feeling)
发愣,愣,to stare blankly
发热,热,heat
发誓,誓,to swear
发扬,发,to develop
发扬,扬,to propagate
发扬光大,发,to develop
发扬光大,扬,to propagate
发扬光大,光,bright; shiny
发言人,言,speech
发源,源,source
发源地,源,source
发源地,地,place
乏力,力,strength
阀门,阀,(loanword) valve
阀门,门,valve; switch; other door-like or gate-like structure
法庭,庭,law court
法则,则,(bound form) standard; norm
发型,型,style
翻番,翻,to double
翻番,番,"(classifier) (used after the verb 翻 fān to indicate how many times a quantity doubles, as in 翻一番 fānyīfān ""to double"")"
翻来覆去,覆,to overturn
翻天覆地,翻,to overturn
翻天覆地,覆,to overturn
繁多,繁,many
烦闷,烦,to feel vexed
烦闷,闷,depressed
繁体字,体,style
繁体字,字,character
繁衍,繁,many
繁杂,繁,many
繁杂,杂,various
烦躁,烦,edgy
反驳,反,to oppose
反驳,驳,to refute
反差,反,opposite
反常,常,common
反倒,反,instead
反倒,倒,contrary to what one might expect; but; yet
反感,反,anti-
反感,感,feeling
返还,还,to return
反击,反,to oppose
反抗,反,to oppose
反面,反,opposite
反面,面,side
反射,反,to return
反弹,反,to return
反弹,弹,to spring or leap
反问,反,to return
反响,反,to return
反响,响,echo
反省,反,to return
反省,省,(bound form) to reflect (on one's conduct)
反之,反,opposite
反之,之,it
犯愁,犯,recurrence (of mistake or sth bad)
范畴,畴,category
犯规,规,a rule
泛滥,泛,to flood
犯罪,罪,crime
方向盘,方,direction
方向盘,向,direction
防盗,防,to guard against
房地产,地,land
房地产,产,estate
防范,防,to guard against
防火墙,防,to guard against
防守,防,to defend
防卫,防,to defend
防汛,防,to guard against
防汛,汛,flood
防疫,防,to prevent
防御,防,to defend
仿真,真,real
放过,放,to let go
放宽,放,to let go
放射,放,to let out
放水,放,to release
放肆,放,to let go
放肆,肆,unrestrained
放映,放,to release
放置,置,to put
放纵,放,to let go
放纵,纵,(bound form) to release (a captive)
非但,但,merely; only; just
非得,非,(coll.) to insist on; simply must
绯闻,闻,news
飞跃,跃,to leap
肥料,肥,fertilizer
废话,废,waste
废话,话,words
费劲,费,to spend
费力,费,to spend
废品,废,waste
废品,品,(bound form) article; commodity; product; goods
废弃,废,to discard
沸腾,腾,(bound form) to soar; to hover
废物,废,waste
废墟,废,abandoned
分辨,分,to distinguish (good and bad)
分成,分,to divide; to separate
分成,成,to turn into
分寸,分,unit of length equivalent to 0.33 cm
分担,分,to distribute; to allocate
分担,担,to shoulder
分发,分,to distribute; to allocate
芬芳,芬,fragrance
分割,分,to divide; to separate
分红,分,to distribute; to allocate
分红,红,bonus
分化,分,to divide; to separate
分解,分,to divide; to separate
分裂,分,to divide; to separate
分泌,分,to divide; to separate
分明,分,to distinguish (good and bad)
分明,明,(of meaning) clear
分歧,分,to divide; to separate
分支,分,(bound form) branch of (an organization); sub- (as in 分局 fēnjú)
分支,支,branch
粉末,末,powder
粉丝,粉,food prepared from starch; noodles or pasta made from any kind of flour
粉丝,丝,thread-like thing; (cuisine) shreds or julienne strips
粉碎,粉,to turn to powder
粪便,便,to urinate or defecate
份额,额,specified number or amount
分量,量,quantity
风暴,暴,violent
风餐露宿,餐,to eat
风餐露宿,露,outdoors (not under cover)
封顶,封,to seal
封顶,顶,top
风范,风,manner
风范,范,model
风和日丽,和,(bound form) harmonious
风和日丽,日,(bound form) sun
丰厚,丰,plentiful
丰厚,厚,generous
峰会,峰,highest level
峰会,会,meeting; gathering
封建,封,to confer
风景线,线,line
锋利,锋,edge of a tool
风流,风,style
丰满,丰,plump
风貌,风,style
风气,风,custom
风情,风,manner
风趣,风,manner
风沙,沙,sand
风尚,风,custom
风尚,尚,to value
封锁,封,to seal
封锁,锁,to lock; to lock up
风土人情,风,custom
风土人情,土,local
风味,风,style
凤毛麟角,毛,feather
凤毛麟角,角,horn
孵化,化,to change into
扶持,扶,to help
扶持,持,to support
浮动,浮,floating
浮力,浮,floating
浮力,力,force
服气,服,to be convinced (by an argument)
服饰,服,clothes
浮躁,浮,impetuous
腐烂,烂,to rot; to decompose
腐蚀,蚀,to eat into
俯首,俯,to stoop
俯首,首,head
腐朽,腐,rotten
抚恤,恤,to give relief
抚养,养,to bring up (children)
副本,副,secondary
副本,本,(bound form) original
复查,复,again
复查,查,to check
附带,带,to take along
复发,复,again
复发,发,to develop
富含,富,abundant
富含,含,to contain
复合,复,compound
复合,合,to join
附和,附,to be close to; to be attached
附和,和,to chime in with others
复活,复,to return to a normal or original state
富强,强,powerful
附属,附,to be close to; to be attached
附属,属,affiliated with
复苏,复,to recover
复苏,苏,to revive
腹泻,泻,diarrhea
复兴,复,to restore
复兴,兴,to flourish
复原,复,to restore
复原,原,original
副作用,副,secondary
副作用,用,usefulness; utility
改版,版,edition
改动,动,to alter
改观,观,point of view
改良,良,good
改邪归正,邪,evil
改邪归正,正,proper
改装,装,to install
概况,概,(bound form) general; approximate
概况,况,situation
概论,概,(bound form) general; approximate
概论,论,to discuss
干戈,干,(archaic) shield
干涉,涉,to be involved
甘心,甘,to be willing (to do sth)
感触,感,feeling
感触,触,to stir up sb's emotions
感恩,感,to feel
赶赴,赶,to hurry; to rush
感慨,感,emotion
感慨,慨,to sigh (with emotion)
感叹,感,emotion
感悟,感,to feel
感性,感,to feel
感性,性,nature
干部,干,cadre
干部,部,department
干劲,劲,enthusiasm
纲领,纲,guiding principle
纲领,领,collar
纲要,纲,outline
纲要,要,(bound form) important
杠杆,杠,thick pole; bar; rod
杠杆,杆,lever
高额,高,above average
高额,额,specified number or amount
高调,高,loud
高调,调,key (in music)
高贵,贵,(bound form) noble; of high rank
高见,高,your (honorific)
高见,见,opinion
高空,空,sky
高龄,高,above average
高明,高,above average
高明,明,wise
高血压,压,pressure
高压,压,pressure
搞鬼,鬼,sly; crafty; resourceful (variant of 诡 (詭) guǐ)
搞笑,搞,to make
告辞,告,to announce; to report
告辞,辞,(literary) to take leave
告诫,诫,to prohibit
告示,告,to announce; to report
告状,告,to file a lawsuit; to sue
告状,状,(bound form) written complaint; lawsuit
歌颂,歌,(bound form) to sing
歌颂,颂,to praise in writing
搁置,搁,to put aside; to shelve; to postpone
搁置,置,to place
格格不入,格,(literary) to obstruct; to hinder
格局,格,(bound form) rhetorical form; stylistic pattern
格局,局,situation
隔离,离,to part from
格式,格,(bound form) standard; norm; specification
格式,式,form
革新,革,to reform
个案,个,(bound form) individual
各抒己见,见,opinion
根基,根,basis
跟进,跟,to follow closely
根源,源,source
根治,治,to treat (a disease)
耕地,地,land
更正,正,to correct
耿直,耿,honest; upright
耿直,直,frank
公办,办,to establish; to set up; to manage; to run (an enterprise)
供不应求,应,to respond
供不应求,求,to demand
公道,道,(bound form) way; reason; principle
功底,功,accomplishment
功底,底,background; foundation
攻读,攻,to study
攻读,读,to attend (school); to study (a subject in school)
公费,费,expenses
公关,关,to concern; to involve
攻关,关,mountain pass
工会,工,worker
工会,会,(suffix) union; group; association
工匠,工,profession
攻克,克,to subdue
公款,款,funds
功劳,劳,(bound form) meritorious deed
公立,立,to set up
功力,功,result
功利,功,achievement
功利,利,advantage
功率,功,work (physics)
供暖,暖,to warm
供求,求,to demand
公然,然,-ly
公示,公,make public
公式,公,common
公式,式,form
公事,事,work
攻势,势,momentum
公务,务,business
供需,需,need
供养,养,to support
公约,公,"international (e.g. high seas, metric system, calendar)"
公约,约,pact
公证,证,to prove
工整,工,skill
工整,整,(bound form) in good order; tidy; neat
共和国,和,(bound form) harmonious
共鸣,鸣,to make a sound
共识,识,knowledge
共同体,同,together
共同体,体,system
共性,共,common
共性,性,property
勾结,勾,to collude
勾勒,勾,to delineate
勾勒,勒,(literary) to carve; to engrave
够呛,够,enough (too much)
够呛,呛,"to choke (of smoke, smell etc)"
构思,构,to compose
构想,想,to think of; to devise
辜负,辜,(literary) to abandon; to betray
辜负,负,to turn one's back on
孤陋寡闻,闻,to hear
姑且,姑,for the time being (literary)
姑且,且,for the time being
鼓动,鼓,to rouse
鼓动,动,to set in movement
股东,股,(finance) stock; share
股东,东,landlord
股份,股,(finance) stock; share
骨干,干,main part of sth
古今中外,外,foreign
股民,股,(finance) stock; share
骨气,气,vital energy; qi
固化,固,solid
固化,化,to change into
顾及,及,to reach
顾虑,虑,anxiety
顾名思义,义,meaning
顾全大局,全,whole
顾全大局,局,situation
固然,固,admittedly
固然,然,thus
固执,执,to grasp
瓜分,分,to divide; to separate
瓜子,子,seed
寡妇,寡,widowed
挂念,挂,to be worried; to be concerned
挂念,念,to miss (sb)
挂失,挂,to register (at a hospital); to make an appointment (with a doctor)
乖巧,乖,clever
怪不得,怪,to blame
怪物,怪,(bound form) monster; supernatural being
怪异,异,strange
棺材,材,coffin (old)
观测,观,to observe
观感,观,point of view
观感,感,feeling
关节,关,mountain pass
关节,节,joint; node
观摩,观,to observe
关切,关,to concern; to involve
关切,切,(bound form) eager
关税,关,mountain pass
观望,观,to watch
观望,望,to gaze (into the distance)
管家,家,family
管教,管,to control
管辖,管,to be in charge of
管辖,辖,(bound form) to govern; to have jurisdiction over
管用,用,usefulness; utility
贯彻,贯,to pass through
惯例,例,precedent
灌输,灌,to pour
灌输,输,(bound form) to transport
贯通,贯,to pass through
贯通,通,to connect
惯性,性,property
光滑,光,bright; shiny
光盘,盘,(computing) (bound form) disk
广义,义,meaning
瑰宝,瑰,extraordinary
瑰宝,宝,treasure
规格,规,a rule
规格,格,(bound form) standard; norm; specification
归纳,归,to gather together
归纳,纳,to bring into
闺女,闺,boudoir; lady's chamber
闺女,女,daughter
归属,归,to belong to
归于,归,to belong to
归于,于,(indicating any indirect relation) to; toward; vis-à-vis; with regard to; for
规章,规,regulation
规章,章,regulation
诡计,计,ruse
贵宾,贵,(bound form) highly valued; precious
贵宾,宾,guest
桂花,花,flower
滚动,滚,to roll
国防,国,(bound form) national
国徽,国,(bound form) national
国民,国,(bound form) national
国学,国,(bound form) national
国学,学,-ology
果断,果,resolute
果断,断,to judge
果真,果,indeed
过意不去,过,to go over
过半,过,to go over
过错,错,mistake
过关,关,mountain pass
过奖,过,excessively
过奖,奖,(bound form) to encourage; to commend; to praise
过境,境,territory
过量,过,excessively
过量,量,quantity
过剩,过,excessively
过失,失,to fail
过头,过,excessively
过头,头,end
过硬,硬,good (quality); able (person)
海报,报,bulletin
海盗,盗,robber
海量,海,great number of people or things
海啸,啸,(of birds and animals) to screech; to howl; to roar
海运,运,to transport
骇人听闻,闻,to hear
憨厚,憨,simple-minded
憨厚,厚,kind
寒带,带,band
涵盖,涵,to include
涵盖,盖,to cover
含糊,糊,blurry; unclear; muddled
汉服,服,clothes
汗马功劳,劳,(bound form) meritorious deed
捍卫,捍,to defend
夯实,实,solid
航海,航,to sail
行家,家,"noun suffix for a specialist in some activity, such as a musician or revolutionary, corresponding to English -ist, -er, -ary or -ian"
行列,列,file
行情,行,(bound form) line of business; trade; profession
行情,情,(bound form) situation; condition
航天,航,to fly
航天员,航,to fly
航行,航,to sail
航运,航,ship
航运,运,to transport
豪迈,豪,heroic
好受,好,(before a verb) good to
好受,受,to bear
好说,好,(before a verb) easy to
好心,心,intention
好意,意,(bound form) intention; feeling; inclination; state of mind
号称,号,"(bound form) name; appellation (e.g. 国号 guóhào, 年号 niánhào, 辽宁号 Liáoníng Hào)"
号称,称,to name
耗费,耗,to spend
耗费,费,to spend
浩劫,劫,calamity
耗时,时,time
呵护,呵,to expel breath
和蔼,和,(bound form) harmonious
何必,必,must
核查,核,to examine
核查,查,to check
合唱,合,together
何等,等,(bound form) class; rank; grade
核电站,核,nuclear
核电站,电,electricity
核对,核,to check
核对,对,to check; to compare
和好,和,to make peace
和好,好,(of two people) close; on intimate terms
荷花,花,flower
合伙,伙,partner
合计,合,to join
合计,计,to compute
和解,和,to make peace
和解,解,to solve
何苦,苦,to suffer
核能,核,nuclear
核能,能,(physics) energy
和平共处,和,(bound form) harmonious
和平共处,平,(bound form) calm; peaceful
和平共处,处,to get along with
核实,核,to verify
核实,实,true
核武器,核,nuclear
合约,约,pact
合资,合,to join
合资,资,capital
喝彩,彩,applause
贺电,电,phone call or telegram etc
赫然,然,-ly
贺信,信,letter
黑客,黑,(loanword) to hack (computing)
黑名单,单,list
横向,横,across
横向,向,direction
恒星,恒,fixed
轰动,轰,boom
轰动,动,to stir (emotions)
烘干,烘,to heat by fire
哄堂大笑,堂,large room for a specific purpose
哄堂大笑,大,greatly; freely; fully
烘托,烘,to set off by contrast
轰炸,轰,to attack
轰炸,炸,to blow up; to bomb
宏观,宏,macro-
宏观,观,point of view
红火,红,popular
红火,火,hot (popular)
红利,红,bonus
红利,利,profit
洪亮,洪,big
洪亮,亮,loud and clear
红润,润,moist; glossy; sleek
弘扬,扬,to propagate
后备箱,箱,trunk
厚道,厚,kind
后勤,勤,(bound form) work; duty; attendance
后世,后,later
后世,世,generation
后台,台,stage
后续,后,after
后裔,后,after
后遗症,后,after
呼声,声,voice
呼应,应,to respond
忽悠,悠,to swing
胡乱,胡,reckless
胡乱,乱,random
胡闹,胡,reckless
胡闹,闹,to disturb
胡说,胡,reckless
胡思乱想,胡,reckless
胡思乱想,乱,indiscriminate
互补,补,to supplement
护理,理,to manage
花瓣,花,flower
花卉,花,flower
花蕾,花,flower
花纹,花,fancy pattern
花样,花,fancy pattern
花样,样,pattern
划不来,划,it pays (to do sth)
划不来,来,"(used after 得 dé to indicate possibility, as in 谈得来 tándelái, or after 不 bù to indicate impossibility, as in 吃不来 chībulái)"
划得来,划,it pays (to do sth)
划得来,来,"(used after 得 dé to indicate possibility, as in 谈得来 tándelái, or after 不 bù to indicate impossibility, as in 吃不来 chībulái)"
哗然,然,-ly
划算,划,profitable
滑梯,滑,to slip; to slide
华裔,裔,"(bound form) of ... ancestry (as in 华裔 Huáyì ""of Chinese descent"")"
画册,册,book
化肥,肥,fertilizer
化解,化,to transform
化解,解,to solve
画龙点睛,龙,dragon
画龙点睛,点,to mark with a dot; to check off (on a list)
化身,化,to change into
画蛇添足,足,(bound form) foot; leg
划时代,时,period
划时代,代,generation; dynasty; age; period; (historical) era; (geological) eon
化险为夷,险,danger
化险为夷,为,to become
话语,语,speech
欢呼,呼,to shout
欢快,快,pleased
欢声笑语,语,speech
环比,环,loop
环球,球,globe
环绕,环,to surround
环绕,绕,to rotate around
缓和,缓,not tense
缓和,和,(bound form) harmonious
唤起,起,to raise
换取,取,to get
焕然一新,然,-ly
焕然一新,一,entire; whole; all; throughout
幻影,影,image
荒诞,荒,absurd
荒诞,诞,brag
荒凉,荒,desolate
荒凉,凉,cold
慌忙,忙,hurriedly
荒谬,荒,absurd
荒唐,荒,absurd
黄昏,昏,twilight
皇上,上,(noun suffix) on; above
皇室,室,family or clan
谎话,话,spoken words
恍然大悟,恍,(bound form) to snap out of that state
恍然大悟,然,-ly
恍然大悟,大,greatly; freely; fully
晃荡,荡,to shake
挥霍,挥,to scatter
挥舞,挥,to brandish
挥舞,舞,to brandish
回合,回,classifier for occurrences or times
回合,合,round (in battle)
回首,首,head
回忆录,录,record
回应,应,to respond
悔恨,恨,to regret
毁坏,坏,to break down
毁灭,灭,to exterminate or wipe out
会场,会,meeting; gathering
会场,场,large place used for a specific purpose
汇合,汇,to converge (of rivers)
汇合,合,to join
汇集,汇,collection
汇集,集,to collect
汇聚,汇,to converge (of rivers)
会面,会,to meet; to get together
绘声绘色,绘,to depict; to portray
会谈,会,to meet; to get together
会晤,会,to meet; to get together
会诊,会,to meet; to get together
绘制,制,to make
浑身,浑,(bound form) whole; entire; all over
豁出去,出,(used after a verb to indicate an outward direction or a positive result)
豁出去,去,(after a verb of motion indicates movement away from the speaker)
活该,该,to deserve
活期,期,a period of time
火爆,火,fiery or flaming
火花,花,flower
火辣辣,火,fiery or flaming
火辣辣,辣,to burn
火热,火,fiery or flaming
伙食,食,food
火速,火,urgent
获悉,获,(literary) to get; to obtain; to win
获悉,悉,know
货运,运,to transport
基本功,本,(bound form) root; stem
机舱,机,(bound form) aircraft
基层,基,(bound form) radical (chemistry)
激荡,激,fierce
激荡,荡,to move
激光,激,to stimulate
激化,激,fierce
激化,化,to ... -ize
基建,建,to build
基金会,金,money
基金会,会,(suffix) union; group; association
机灵,机,(bound form) quick-witted; flexible
机密,机,(bound form) crucial point; pivot
机密,密,(bound form) secret; confidential
激素,激,to stimulate
激素,素,element
讥笑,笑,to laugh at
畸形,形,form
积攒,攒,to save
激增,激,sharp
机智,机,(bound form) quick-witted; flexible
基准,准,standard
级别,别,"(noun suffix) category (as in 性别 xìngbié, 派别 pàibié)"
急促,急,hurried
极度,度,degree of intensity
嫉妒,嫉,to be jealous of
急功近利,利,profit
籍贯,籍,(bound form) place of one's family or ancestral records
集会,会,meeting; gathering
急剧,急,rapid
急剧,剧,"dramatic (change, increase etc)"
即可,可,(prefix) can; may; able to; -able
吉利,利,favorable
急迫,迫,urgent
即日,即,at present
即时,时,time
极限,极,utmost
极限,限,(bound form) limit
急性,性,nature
急于,于,(indicating any indirect relation) to; toward; vis-à-vis; with regard to; for
急于求成,于,(indicating any indirect relation) to; toward; vis-à-vis; with regard to; for
急于求成,成,to succeed
急躁,急,hurried
及早,及,in time for
急中生智,中,within; among; in
集装箱,集,to gather
集装箱,装,to load
集资,集,to collect
集资,资,capital
脊梁,梁,beam (structure)
挤压,挤,to squeeze
计策,计,ruse
计策,策,scheme
祭奠,奠,a libation to the dead
记号,记,mark
记号,号,(bound form) mark; sign
计较,较,(literary) to dispute
剂量,量,amount
继母,母,mother
纪念碑,纪,to chronicle
纪念碑,念,remembrance
纪实,实,true
寄托,托,to entrust
迹象,象,appearance
绩效,绩,accomplishment
记性,记,to remember
记性,性,nature
纪要,纪,to chronicle
纪要,要,(bound form) important
记忆犹新,犹,still
家伙,伙,companion
家教,家,family
佳节,节,seasonal festival
加紧,紧,to tighten
家境,境,circumstances
加盟,盟,to ally
家世,家,family
家世,世,generation
佳肴,佳,fine
家用,家,family
家用,用,(bound form) expense; outlay
家喻户晓,晓,to know
夹杂,夹,to mix
夹杂,杂,to mix
家政,家,family
家政,政,government
夹子,夹,clip
家族,家,family
家族,族,clan
假定,假,suppose
假冒,冒,to falsely adopt (sb's identity etc); to feign
假使,假,if
架势,势,outward appearance
价位,位,position
驾驭,驾,to drive
价值观,价,value
价值观,值,value
价值观,观,concept
嫁妆,妆,trousseau
尖端,尖,sharp point; tip
尖端,端,(bound form) tip; end; extremity
肩负,肩,to shoulder (responsibilities etc)
兼顾,兼,simultaneous
坚果,坚,solid
歼灭,灭,to exterminate or wipe out
坚韧,坚,unyielding
坚韧,韧,pliable but strong
兼任,任,to take up a post
兼容,兼,simultaneous
坚实,坚,solid
坚实,实,solid
坚守,坚,unyielding
坚信,坚,firm
坚信,信,to believe
监狱,监,prison
简称,称,to name
简短,短,brief
简陋,陋,plain
减免,免,to exempt
检讨,检,to examine
检讨,讨,to discuss or study
简体字,体,style
简体字,字,character
减退,减,to decrease
减退,退,to decline
简要,要,(bound form) important
鉴别,鉴,to examine
鉴别,别,(literary) to differentiate; to distinguish
间谍,间,to sow discontent
间断,间,to separate
见解,见,opinion
见利忘义,利,profit
见仁见智,见,opinion
鉴赏,鉴,to examine
见识,识,knowledge
建树,树,to set up
践踏,践,to tread
见闻,闻,to hear
间隙,隙,gap or interval
间歇,歇,to stop
见义勇为,为,to do
见证,证,proof
僵化,化,to ... -ize
将就,将,to use
将就,就,to approach; to move towards
僵局,僵,deadlock
僵局,局,situation
奖杯,杯,trophy cup
讲理,讲,to be particular about
讲理,理,reason
奖赏,奖,to award; to give as a reward
奖赏,赏,to bestow (a reward)
奖项,项,item
降临,降,to descend
降临,临,to arrive
交叉,交,(of lines) to intersect
交叉,叉,cross
交锋,交,(of lines) to intersect
交付,付,to hand over to
娇惯,娇,pampered
娇惯,惯,indulge
交集,交,(of lines) to intersect
交集,集,to gather
焦急,焦,anxious
焦急,急,worried
交界,交,(of lines) to intersect
交接,接,to join
交纳,纳,to pay (tax etc)
娇气,娇,delicate
交情,交,to make friends
交涉,涉,to be involved
交替,替,to replace
交头接耳,头,a stub
交响乐,响,sound
郊游,游,to tour
焦躁,焦,worried
交织,交,(of lines) to intersect
搅拌,搅,to stir
缴纳,纳,to pay (tax etc)
脚踏实地,实,solid
脚踏实地,地,ground
侥幸,幸,lucky
矫正,正,to correct
叫板,板,accented beat in Chinese music
较劲,较,(bound form) to compare
较量,较,(bound form) to compare
较量,量,to estimate
教条,教,a religion
教条,条,article
教养,养,to bring up (children)
接二连三,接,to connect
接二连三,连,in succession
接班,接,to take over for sb
接班,班,work shift
接班人,接,to take over for sb
接班人,班,work shift
阶层,层,layer; stratum
皆大欢喜,大,greatly; freely; fully
皆大欢喜,喜,to be happy
揭发,揭,to expose
接轨,接,to connect
阶级,级,rank
接济,济,to aid or relieve
接见,接,to meet or welcome sb
接见,见,to meet
接力,接,to take one's turn on duty
揭露,揭,to expose
揭露,露,to expose
接纳,纳,to accept
揭示,揭,to expose
揭示,示,to reveal
接替,接,to take over for sb
接替,替,to replace
阶梯,阶,stairs
揭晓,揭,to expose
揭晓,晓,to let sb know
劫持,劫,to seize by force
节俭,节,(bound form) to economize; to save
捷径,捷,quick
竭尽全力,尽,to the utmost
竭尽全力,力,strength
结局,局,situation
竭力,力,strength
节气,节,solar term (one of the 24 divisions of the year in the traditional Chinese calendar)
节气,气,weather
截然不同,然,-ly
截然不同,同,same
结算,结,to check out (of a hotel)
节衣缩食,节,(bound form) to economize; to save
节衣缩食,缩,to reduce
节衣缩食,食,food
解除,解,to remove
解除,除,to remove
解雇,解,to remove
解救,解,to remove
解救,救,to rescue
解渴,解,to remove
解散,解,to dissolve
解散,散,to break up (a meeting etc)
解脱,解,to untie
解脱,脱,to escape
解围,解,to remove
解围,围,to surround
解析,析,to analyze
解约,解,to dissolve
解约,约,pact
介入,介,to lie between
届时,时,time
借条,条,strip
界限,限,(bound form) limit
界线,线,line
介意,意,(bound form) intention; feeling; inclination; state of mind
禁不住,住,(result complement indicating firmness or a stable achieved state)
紧凑,凑,to move close to
紧迫,紧,urgent
紧迫,迫,urgent
紧缺,缺,scarce
锦上添花,上,(noun suffix) on; above
锦上添花,花,flower
紧缩,紧,to tighten
紧缩,缩,to contract
进程,程,procedure
晋级,晋,to advance
晋级,级,rank
禁忌,忌,to avoid or abstain from
进军,进,to advance
浸泡,泡,to soak; to steep; to infuse
尽情,尽,to the utmost
晋升,晋,to promote
晋升,升,to promote; to elevate
尽头,尽,to end
尽头,头,end
劲头,劲,enthusiasm
进修,进,to advance
进修,修,to study
精彩纷呈,精,highly perfected
精打细算,精,highly perfected
精打细算,打,"a semantically light, transitive verb that is combined with various grammatical objects to form compound verbs and verb-object phrases with a diverse range of meanings (e.g. 打伞 dǎsǎn ""to hold an umbrella"", 打电话 dǎdiànhuà ""to make a phone call"", 打针 dǎzhēn ""to get an injection"", 打手套 dǎshǒutào ""to knit gloves"", 打气 dǎqì ""to inflate"")"
精打细算,细,fine
经度,经,longitude
精华,精,essence
精华,华,splendid
惊慌,惊,to be frightened
惊慌失措,惊,to be frightened
惊慌失措,措,to take action on
精简,精,highly perfected
经久不息,经,to endure
经久不息,息,to cease
精练,精,highly perfected
精练,练,to perfect (one's skill)
精妙,精,highly perfected
精妙,妙,wonderful
精明,明,wise
精疲力竭,精,vitality
精品,精,elite
精品,品,(bound form) article; commodity; product; goods
精巧,精,highly perfected
精神病,精,vitality
精神病,神,spirit; mind; energy
经受,经,to undergo
经受,受,to bear
精髓,精,essence
惊叹,叹,to exclaim
精细,精,highly perfected
精细,细,fine
惊心动魄,动,to stir (emotions)
精英,精,elite
精英,英,outstanding
精益求精,精,highly perfected
精益求精,益,all the more
精湛,精,highly perfected
警犬,警,police
敬而远之,而,but (not)
敬而远之,之,it
境地,境,condition
境地,地,place
境界,境,boundary
境界,界,(bound form) realm
敬礼,礼,courtesy
敬请,敬,to offer politely
敬请,请,please (do sth)
境外,境,boundary
竞选,选,to elect
敬业,业,job
敬意,意,(bound form) intention; feeling; inclination; state of mind
径直,径,directly; straight
静止,静,not moving
敬重,重,to attach importance to
窘迫,迫,urgent
纠缠,纠,to entangle
纠缠,缠,tangle
久违,违,to separate
久仰,仰,to admire
就餐,就,to undertake; to engage in
就餐,餐,to eat
就此,就,with regard to; concerning
救济,救,to assist
救济,济,to aid or relieve
就近,就,to approach; to move towards
就任,就,to undertake; to engage in
就任,任,to take up a post
救死扶伤,扶,to help
就绪,就,to undertake; to engage in
就医,就,to approach; to move towards
就医,医,medicine
就诊,就,to approach; to move towards
就职,就,to undertake; to engage in
救治,治,to treat (a disease)
就座,就,to approach; to move towards
居安思危,居,(literary) to remain; to stay
居安思危,安,safe; secure; in good health
居高不下,居,(literary) to remain; to stay
鞠躬,躬,(bound form) to bow
拘束,束,to control
居于,居,(bound form) to occupy (a position)
局部,部,part
局势,局,situation
局势,势,situation
举报,举,to raise
举措,举,act
举措,措,to take action on
举棋不定,棋,chess piece
沮丧,丧,disappointed
举世瞩目,世,world
举世瞩目,目,(literary) to look; to regard
举一反三,举,to cite
举一反三,反,to use analogy
举止,举,move
举足轻重,足,(bound form) foot; leg
剧变,剧,"dramatic (change, increase etc)"
巨额,额,specified number or amount
聚精会神,精,vitality
聚精会神,会,to meet; to get together
聚精会神,神,spirit; mind; energy
剧目,目,list; catalogue
剧情,情,(bound form) situation; condition
巨头,头,chief
据悉,悉,know
捐献,献,to donate
卷入,卷,to sweep up; to carry along
绝迹,绝,to disappear
诀窍,诀,tricks of the trade
诀窍,窍,(fig.) key (to the solution of a problem)
觉悟,觉,aware
觉醒,觉,awake
决议,议,to discuss
角逐,角,to compete
军官,军,military
军舰,军,military
军事,军,military
军事,事,affair
君子,君,gentleman
俊俏,俊,handsome
卡车,卡,"truck (from ""car"")"
卡车,车,vehicle
开办,办,to establish; to set up; to manage; to run (an enterprise)
开场,开,"(of ships, vehicles, troops etc) to start"
开场,场,stage
开场白,开,"(of ships, vehicles, troops etc) to start"
开场白,场,stage
开场白,白,(bound form) spoken lines in opera (e.g. 念白 niànbái)
开除,开,(directional complement) away; off
开除,除,to remove
开动,开,"(of ships, vehicles, troops etc) to start"
开动,动,to set in movement
开发区,发,to develop
开发商,发,to develop
开发商,商,merchant
开工,开,"(of ships, vehicles, troops etc) to start"
开阔,阔,wide
开朗,朗,bright
开明,明,wise
开辟,辟,to open up (for development)
开天辟地,辟,to open up (for development)
开庭,庭,law court
开拓,拓,to open up
开销,销,to expend; to spend
开支,支,to draw money
楷模,模,model
堪称,称,to name
刊登,刊,to publish
刊登,登,to publish or record
看守,看,to guard
刊物,刊,publication
砍伐,砍,to cut down
侃侃而谈,侃,to talk smoothly
看台,看,to watch
看台,台,terrace
慷慨,慨,generous
看管,管,to look after
抗生素,抗,anti-
抗生素,生,life
抗生素,素,element
靠拢,靠,to come near to
靠拢,拢,to approach; to draw near to
苛刻,刻,oppressive
可悲,可,(prefix) can; may; able to; -able
可乘之机,可,(prefix) can; may; able to; -able
可乘之机,乘,to take advantage of
可乘之机,机,(bound form) an opportunity
可耻,可,(prefix) can; may; able to; -able
可观,可,(prefix) can; may; able to; -able
可贵,可,(prefix) can; may; able to; -able
可贵,贵,(bound form) highly valued; precious
可谓,可,(prefix) can; may; able to; -able
可谓,谓,to say
可恶,可,(prefix) can; may; able to; -able
可想而知,可,(prefix) can; may; able to; -able
可笑,可,(prefix) can; may; able to; -able
可疑,可,(prefix) can; may; able to; -able
刻不容缓,刻,moment
刻不容缓,容,to allow
客房,房,room
客机,机,(bound form) aircraft
刻苦,苦,painstakingly
客流,流,stream of water or sth resembling one
刻意,意,(bound form) intention; feeling; inclination; state of mind
客运,运,to transport
克制,克,to restrain
刻舟求剑,刻,to carve
刻舟求剑,求,to look for
恳切,切,(bound form) eager
恳求,求,to beseech
空洞,洞,hole
空间站,空,sky
空军,军,military
空难,空,air
空前,前,before
空想,空,in vain
恐吓,吓,to threaten
恐龙,龙,(bound form) dinosaur
空白,空,space
控告,控,to accuse
控告,告,to file a lawsuit; to sue
空隙,空,space
空隙,隙,gap or interval
口才,才,ability; talent
口径,径,diameter
口令,令,an order
口头禅,禅,Zen
口罩,罩,a cover; a shade; a hood
扣除,扣,to deduct (money)
扣除,除,to remove
扣留,扣,to arrest
扣留,留,to keep
扣人心弦,弦,string of musical instrument
扣押,扣,to arrest
扣押,押,to detain in custody
枯竭,枯,"(of wells, rivers etc) dried up"
窟窿,窟,hole
窟窿,窿,hole
哭笑不得,得,to permit
苦尽甘来,苦,hardship
苦尽甘来,尽,to finish
苦恼,苦,pain
苦心,苦,painstakingly
苦心,心,mind
库存,存,to store
酷似,酷,strong (e.g. of wine)
酷似,似,to resemble
跨度,度,extent
跨越,越,to climb over
快活,快,pleased
宽敞,敞,spacious
宽泛,泛,extensive
宽厚,厚,generous
宽阔,阔,wide
宽容,宽,lenient
宽容,容,to tolerate
宽恕,宽,lenient
宽松,宽,loose
款待,待,to treat
款项,款,funds
款项,项,item
狂欢,狂,wild
狂热,热,fervent
矿藏,藏,to store
矿产,产,product
旷课,旷,to skip (class or work)
旷课,课,class
况且,且,moreover
亏本,本,capital; principal
亏待,亏,to treat unfairly
亏待,待,to treat
困惑,惑,to be puzzled
困境,境,circumstances
括号,括,to put (text) in brackets
括号,号,(bound form) mark; sign
扩建,建,to build
拉动,动,to set in movement
啦啦队,队,team
拉拢,拉,to draw
腊月,腊,the 12th lunar month
腊月,月,month
来宾,宾,guest
来电,电,phone call or telegram etc
来访,访,(bound form) to visit; to call on
来历,历,history
来年,来,(prefix) the coming ...; the next ... (as in 来世 láishì)
来之不易,之,it
栏杆,栏,railing
栏目,栏,column or box (of text or other data)
栏目,目,item; section
滥用,滥,indiscriminate
狼狈,狈,distressed
牢固,牢,firm; secure; fast
牢固,固,solid
牢记,牢,firm; secure; fast
牢记,记,to remember
劳驾,劳,to put sb to the trouble (of doing sth)
劳驾,驾,prefixed word denoting respect (polite 敬辞 jìngcí)
牢牢,牢,firm; secure; fast
劳累,劳,(bound form) fatigue
老大,大,eldest (as in 大姐 dàjiě)
老乡,乡,home village or town
老字号,老,of long standing
老字号,号,"(bound form) name; appellation (e.g. 国号 guóhào, 年号 niánhào, 辽宁号 Liáoníng Hào)"
乐意,意,(bound form) intention; feeling; inclination; state of mind
乐园,园,site used for public recreation
雷同,同,same
棱角,角,corner
冷淡,淡,indifferent
冷门,门,(bound form) class; category; division; phylum
冷漠,漠,unconcerned
冷却,却,to go back
冷战,战,war
理睬,理,to pay attention to
里程碑,程,journey
礼服,礼,ceremony
礼服,服,clothes
理会,理,to pay attention to
礼节,礼,etiquette
礼品,品,(bound form) article; commodity; product; goods
礼尚往来,礼,propriety
礼尚往来,尚,to value
理事,理,to manage
理所当然,理,reason
理所当然,所,particle introducing a relative clause or passive
理所当然,当,ought
礼堂,礼,ceremony
礼仪,礼,etiquette
礼仪,仪,rites
理智,理,reason
理直气壮,理,reason
理直气壮,直,fair and reasonable
理直气壮,气,vital energy; qi
立案,立,to establish
利弊,利,advantage
力不从心,力,ability
力不从心,从,(bound form) to follow
力不从心,心,intention
历程,程,journey
历代,历,each
立法,立,to establish
立功,立,to establish
利害,利,advantage
立交桥,交,(of lines) to intersect
历届,历,all
历来,历,all
历来,来,ever since (as in 自古以来 zìgǔyǐlái)
莅临,临,to arrive
利率,利,interest
力求,力,strenuously
历时,历,to pass through
历时,时,time
力所能及,力,ability
力所能及,所,particle introducing a relative clause or passive
力所能及,能,to be able to
力所能及,及,to reach
力争,力,strenuously
立足,足,(bound form) foot; leg
连贯,连,to link
连贯,贯,to be stringed together
廉价,廉,inexpensive
连连,连,continuously
联盟,盟,union
连绵,连,continuously
连绵,绵,continuous
连年,连,continuously
连任,连,continuously
连任,任,to take up a post
联赛,赛,competition
连锁,连,to link
连同,同,with
怜惜,惜,to pity
连夜,连,continuously
廉正,正,upright
莲子,子,seed
凉爽,爽,invigorating
良心,良,good
良性,良,good
良性,性,nature
两口子,口,"classifier for things with mouths (people, domestic animals, cannons, wells etc)"
两栖,栖,to live
两下子,两,some
两下子,下,measure word to show the frequency of an action
两翼,两,both
亮点,点,point; dot; spot; speck
量化,量,quantity
量化,化,to ... -ize
亮相,亮,to show (one's passport etc); to make public (one's views etc)
潦草,草,careless
疗法,法,method
辽阔,阔,wide
寥寥无几,寥,very few
寥寥无几,几,several; a few
疗效,效,efficacy
料理,理,to manage
裂缝,缝,crack
裂痕,痕,traces
列举,举,to enumerate
烈日,烈,intense
烈日,日,(bound form) sun
劣势,势,trend
烈士,烈,to give one's life for a noble cause
劣质,质,quality
临床,临,to arrive
临近,临,to arrive
灵感,灵,spirit
灵魂,灵,spirit
零件,零,fractional
零件,件,component
灵机一动,机,(bound form) quick-witted; flexible
零售,零,fractional
零碎,零,fragmentary
零碎,碎,broken; fragmentary; scattered
零星,零,fragmentary
零星,星,small amount
领队,领,to lead
领队,队,team
领会,领,to receive
领军,领,to lead
领略,领,to receive
领事,事,affair
领事馆,事,affair
领事馆,馆,embassy or consulate
领悟,领,to receive
领养,领,to receive
领养,养,to bring up (children)
流畅,畅,fluent
流浪,流,to move or drift
流浪,浪,to stroll
留恋,留,to stay
流氓,流,to move or drift
留念,留,to keep
留念,念,remembrance
流派,流,"class, rate or grade"
流派,派,clique; school; group; faction
留神,神,spirit; mind; energy
流向,向,direction
留心,心,mind
流域,流,stream of water or sth resembling one
流域,域,region
流转,流,to circulate or spread
隆重,重,serious
笼统,统,whole
鲁莽,莽,(bound form) boorish; reckless
路段,段,section
路径,路,route
露天,露,outdoors (not under cover)
露营,露,outdoors (not under cover)
屡屡,屡,repeatedly
绿地,地,land
绿洲,洲,island in a river
乱七八糟,糟,messy
略微,略,(bound form before a single-character verb) a bit; somewhat; slightly
轮换,轮,to take turns; to rotate
轮换,换,to substitute
轮廓,廓,(bound form) outline; general shape
伦理,理,reason
轮胎,胎,(loanword) tire
论述,论,to discuss
论证,论,to discuss
论证,证,to prove
裸露,露,to expose
落差,落,to lower
落成,成,to complete
落户,落,settlement
落实,实,solid
麻痹,麻,to feel numb
麻辣,麻,to feel numb
麻木,麻,to feel numb
麻木,木,unresponsive; numb; wooden
麻醉,麻,to feel numb
马后炮,马,horse or cavalry piece in Chinese chess
马后炮,后,after
埋藏,藏,to hide away
埋伏,伏,to hide (in ambush)
埋没,没,to inundate
埋头苦干,苦,painstakingly
脉搏,搏,(of heart) to beat
满怀,怀,heart
慢性,性,nature
蔓延,蔓,to spread
蔓延,延,to extend
漫游,漫,free
漫游,游,to roam
忙活,活,work
茫然,茫,confused
茫然,然,-ly
矛头,头,end
冒充,冒,to falsely adopt (sb's identity etc); to feign
冒充,充,to act falsely as; to pose as
冒犯,冒,(bound form) reckless
冒犯,犯,to offend
冒昧,冒,(bound form) reckless
媒介,介,between
煤炭,炭,coal
没辙,辙,(dialect) (usu. after 有 yǒu or 没 (沒) méi) way; idea
没准儿,准,definitely
美德,美,very satisfactory; good
美化,美,to beautify
美化,化,to ... -ize
美满,美,very satisfactory; good
美满,满,satisfied
美妙,妙,wonderful
美容,美,to beautify
美容,容,appearance
美学,学,science
美誉,美,very satisfactory; good
美誉,誉,reputation
美中不足,美,very satisfactory; good
美中不足,中,within; among; in
美滋滋,美,to be pleased with oneself
门路,门,way to do sth; knack; method; approach
盟友,盟,union
猛烈,猛,fierce
猛烈,烈,fierce
猛然,猛,suddenly
猛然,然,-ly
梦寐以求,以,in order to
迷恋,迷,crazy about
弥漫,弥,to fill
迷失,迷,lost
谜团,团,lump
迷信,迷,crazy about
迷信,信,to believe
谜语,语,speech
密布,布,to spread
秘方,方,prescription (medicine)
密封,封,to seal
秘诀,诀,tricks of the trade
蜜月,月,month
棉花,棉,cotton
棉花,花,flower
免不了,免,to avoid
免除,免,to avoid
免得,免,to avoid
缅怀,怀,to think of
免职,免,to remove or dismiss from office
面面俱到,面,aspect
面面俱到,到,considerate; thoughtful; thorough
苗条,条,strip
渺小,渺,tiny or insignificant
庙会,庙,temple fair
庙会,会,meeting; gathering
灭绝,灭,to exterminate or wipe out
灭绝,绝,extinct
灭亡,灭,to exterminate or wipe out
民办,办,to establish; to set up; to manage; to run (an enterprise)
民居,居,(bound form) residence; dwelling
民生,生,(bound form) means of livelihood
民意,意,(bound form) intention; feeling; inclination; state of mind
民营,营,to operate
敏捷,捷,quick
敏锐,敏,(bound form) quick-witted; smart
名次,名,place (e.g. among winners)
名次,次,order
名贵,名,famous
名贵,贵,(bound form) highly valued; precious
铭记,记,to remember
名利,名,famous
名利,利,profit
明媚,媚,(bound form) charming
名声,名,famous
名声,声,reputation
名言,名,famous
名义,义,meaning
名誉,名,famous
名誉,誉,reputation
明智,明,wise
名著,名,famous
名著,著,book
摸索,摸,to grope
魔法,魔,(prefix) supernatural; magical
魔法,法,method
模范,模,model
模范,范,model
磨合,合,to fit
魔力,魔,(prefix) supernatural; magical
磨炼,磨,to sharpen
磨难,磨,to wear down
魔术,魔,(prefix) supernatural; magical
魔术,术,technique
磨损,磨,to wear down
磨损,损,(bound form) to harm; to damage
抹杀,抹,to erase
莫大,莫,there is none who
莫非,莫,there is none who
没落,落,to decline or sink
莫名其妙,莫,there is none who
莫名其妙,妙,wonderful
默默无闻,闻,reputation
默契,契,to agree
漠然,漠,unconcerned
漠然,然,-ly
末日,末,end
没收,收,to collect
墨水,墨,China ink
谋害,害,to do harm to
谋划,划,to plan
谋求,谋,to seek
谋取,谋,to seek
谋生,谋,to seek
谋生,生,(bound form) means of livelihood
拇指,指,finger
墓碑,碑,an upright stone tablet
牧场,场,large place used for a specific purpose
目瞪口呆,呆,expressionless; blank
墓地,地,place
目睹,睹,to see
幕后,幕,curtain or screen
幕后,后,behind
木匠,木,(bound form) wood
木偶,木,(bound form) wood
木偶,偶,image
目中无人,中,within; among; in
目中无人,无,none
纳闷儿,闷,depressed
纳入,纳,to bring into
纳税,纳,to pay (tax etc)
纳税人,纳,to pay (tax etc)
奶酪,奶,milk
乃至,至,to
难处,难,difficulty
难处,处,(bound form) part; aspect
男方,方,"party (to a contract, dispute etc)"
难怪,怪,to blame
难关,关,mountain pass
难堪,堪,(bound form) to endure; to bear
难能可贵,难,difficult
难能可贵,可,(prefix) can; may; able to; -able
难能可贵,贵,(bound form) highly valued; precious
难为情,为,to be
难以置信,信,to believe
脑海,脑,mind
恼羞成怒,羞,ashamed
恼羞成怒,成,to become
闹事,闹,to disturb
内存,存,to store
内地,地,land
内行,行,(bound form) line of business; trade; profession
内幕,幕,curtain or screen
内向,向,oriented to ...
内需,需,need
内在,内,inner
能耗,能,(physics) energy
能耗,耗,to consume
能耐,能,ability
能人,能,to be able to
拟定,拟,to draft (a plan)
逆境,逆,contrary
逆境,境,circumstances
年画,画,picture; painting
年迈,迈,(bound form) old; elderly
年限,限,(bound form) limit
年薪,薪,(bound form) salary
念念不忘,念,to miss (sb)
念头,念,idea
酿造,酿,to brew
凝固,固,solid
宁静,静,calm
凝视,凝,to stare
纽带,带,band
纽扣,纽,button
纽扣,扣,button
扭曲,扭,to twist
扭转,转,to change direction
农场,场,large place used for a specific purpose
农民工,工,worker
浓缩,缩,to contract
浓郁,浓,strong (smell etc)
浓重,浓,dense
弄虚作假,虚,false
弄虚作假,作,to pretend; to feign
女方,方,"party (to a contract, dispute etc)"
女婿,女,daughter
暖烘烘,烘,to heat by fire
虐待,待,to treat
诺言,诺,to promise
拍板,板,clappers (music)
排查,查,to check
排斥,斥,to expel
排行榜,行,"(bound form) to rank (first, second etc) among one's siblings (by age)"
排行榜,榜,list of names
派别,派,clique; school; group; faction
派别,别,"(noun suffix) category (as in 性别 xìngbié, 派别 pàibié)"
盘算,盘,to check; to examine; to investigate
盘旋,盘,"to coil (a rope, pigtail etc)"
判处,判,(of a judge) to sentence
判处,处,to punish
判决,判,(of a judge) to sentence
叛逆,叛,to rebel
叛逆,逆,to rebel
旁人,旁,other
抛弃,抛,to abandon
胚胎,胎,fetus
佩戴,佩,to wear (belt etc)
配方,配,to make up (a prescription)
配方,方,prescription (medicine)
配件,配,to fit
配件,件,component
配角,配,to match
配偶,配,to mate
配偶,偶,mate
配置,配,to allocate
配置,置,to place
盆地,地,land
烹饪,烹,to cook by briefly stir-frying and then mixing in sauce
烹饪,饪,to cook (until ready)
烹调,烹,to cook by briefly stir-frying and then mixing in sauce
烹调,调,to season (food)
鹏程万里,程,journey
捧场,捧,to sing the praises of
捧场,场,large place used for a specific purpose
碰钉子,碰,to meet with
碰巧,碰,to meet with
碰巧,巧,coincidentally
披露,披,to open
批判,批,to criticize
皮革,皮,leather; hide; fur
皮革,革,leather
匹配,匹,(bound form) matching; comparable to
匹配,配,to match
屁股,股,thigh
僻静,静,quiet
譬如,如,such as
偏爱,偏,prejudiced
篇幅,篇,piece of writing
篇幅,幅,width
偏见,偏,prejudiced
偏见,见,opinion
偏离,偏,to deviate from average
偏离,离,to part from
偏旁,旁,"lateral component of a Chinese character (such as 刂 dāo, 亻 rén etc)"
偏偏,偏,contrary to expectations
偏向,偏,to lean
偏向,向,to turn towards
偏远,远,remote
片段,片,partial
片段,段,section
漂流,漂,to drift
漂流,流,to move or drift
飘扬,扬,to flutter
票房,房,room
拼搏,拼,to risk all; to go all out
拼接,接,to join
拼命,拼,to risk all; to go all out
贫乏,贫,inadequate
频频,频,frequently
品德,品,character; disposition; nature; temperament
品位,品,(bound form) grade; rank
品位,位,position
品行,品,character; disposition; nature; temperament
品行,行,behavior; conduct
聘任,任,to appoint
屏蔽,蔽,to shield
平淡,平,(bound form) average; ordinary
评定,评,to judge
平和,平,(bound form) calm; peaceful
平和,和,(bound form) harmonious
平价,平,equal; on the same level
平面,面,surface
评判,评,to judge
平日,平,(bound form) average; ordinary
评审,评,to judge
评委,评,to judge
评委,委,committee member
平息,平,(bound form) to quell; to suppress; to put down
平息,息,to cease
平行,平,equal; on the same level
平庸,平,(bound form) average; ordinary
平原,原,level
凭证,凭,proof
破案,破,to expose the truth of
迫不及待,迫,urgent
迫不及待,及,in time for
破除,破,to get rid of
破解,解,to solve
破旧,破,worn out
破例,破,to break with
破例,例,precedent
破灭,灭,to exterminate or wipe out
朴实,实,honest
凄凉,凄,bleak
期盼,期,to hope
祈祷,祈,to pray
祈祷,祷,pray
奇观,奇,wonderful
奇妙,奇,wonderful
奇妙,妙,wonderful
旗袍,旗,(in Qing times) Manchu (cf. 八旗 Bāqí)
奇特,特,unusual
齐心协力,齐,all together
齐心协力,心,mind
旗帜,旗,flag
起步,起,to set out
起草,起,to draft
起草,草,draft (of a document)
启程,启,to start
启程,程,journey
起程,起,to set out
起程,程,journey
启迪,启,to enlighten or awaken
起伏,伏,to fall (go down)
乞丐,丐,beggar
起哄,起,to start
起劲,劲,energy
起码,码,number
启蒙,启,to enlighten or awaken
启蒙,蒙,ignorant
起跑线,起,to start
起跑线,线,line
乞求,求,to beseech
起诉,起,to initiate (action)
起诉,诉,to sue
乞讨,讨,to demand or ask for
企图,图,to attempt
启用,启,to start
岂有此理,理,reason
器官,官,organ of the body
契机,机,(bound form) an opportunity
迄今,迄,until
气流,流,stream of water or sth resembling one
气馁,气,vital energy; qi
气馁,馁,(bound form) dispirited
气派,派,(bound form) style; manner
气魄,气,vital energy; qi
弃权,权,right
气色,气,vital energy; qi
气色,色,look
气势,气,vital energy; qi
气象,象,appearance
气压,压,pressure
契约,契,a contract
契约,约,pact
器重,重,to attach importance to
恰到好处,好,appropriate; proper
恰到好处,处,(bound form) part; aspect
恰巧,巧,as it happens
洽谈,洽,to consult with
洽谈,谈,to discuss
千变万化,万,a great number
千变万化,化,to transform
牵扯,牵,(bound form) to involve
千方百计,百,numerous
千方百计,计,to plan
牵挂,挂,to be worried; to be concerned
迁就,就,to approach; to move towards
千军万马,万,a great number
千钧一发,一,single
牵涉,牵,(bound form) to involve
牵涉,涉,to be involved
签署,署,to sign
谦逊,逊,modest
签约,约,pact
千姿百态,百,numerous
千姿百态,态,appearance
前辈,辈,generation
钱财,钱,money
前程,前,future
前程,程,journey
潜伏,潜,to hide
潜伏,伏,to hide (in ambush)
前赴后继,前,forward
前赴后继,继,to follow after
潜能,潜,latent
潜能,能,ability
前任,前,former
前任,任,office
潜入,潜,to submerge
潜水,潜,to dive
前所未有,前,before
前所未有,所,particle introducing a relative clause or passive
前台,台,stage
潜艇,潜,to submerge
前无古人,前,before
前夕,前,before
前夕,夕,(bound form) evening; night
前线,线,line
潜心,潜,to submerge
潜心,心,mind
前沿,沿,edge
潜移默化,潜,secret
潜移默化,化,to transform
潜在,潜,latent
谴责,责,to reproach
欠缺,欠,to lack
歉意,意,(bound form) intention; feeling; inclination; state of mind
枪毙,毙,to shoot dead
强盗,强,violent
强盗,盗,bandit
强加,强,violent
强劲,劲,strong
强项,项,item
强行,强,violent
强行,行,(bound form) to do; to perform
强硬,硬,(fig.) strong; firm
强占,强,violent
强占,占,to occupy
抢夺,抢,to rob
抢夺,夺,to take away forcibly
抢劫,抢,to rob
抢眼,抢,to grab
敲诈,敲,to rip sb off
巧合,巧,coincidentally
巧合,合,to fit
窍门,窍,(fig.) key (to the solution of a problem)
窍门,门,way to do sth; knack; method; approach
切磋,磋,(bound form) to deliberate; to consult
切换,换,to switch
锲而不舍,锲,fig. to chisel away at
切记,记,to remember
切忌,忌,to avoid or abstain from
切身,切,(bound form) close to
切身,身,oneself
惬意,意,(bound form) intention; feeling; inclination; state of mind
侵犯,侵,to encroach
侵害,侵,to encroach
侵害,害,to do harm to
亲和力,亲,close
亲和力,和,(bound form) harmonious
亲近,近,close to
侵略,略,to capture (territory)
钦佩,钦,to admire
侵权,侵,to infringe
侵权,权,right
亲热,亲,intimate
亲热,热,fervent
亲身,亲,in person
亲身,身,oneself
亲手,亲,in person
亲眼,亲,in person
侵占,占,to occupy
勤工俭学,勤,(bound form) work; duty; attendance
勤快,快,quick
琴棋书画,书,to write
寝室,寝,(bound form) bedroom
轻而易举,轻,easy
清除,清,to clear; to settle (accounts)
清脆,清,clear; distinct
清脆,脆,crisp
清单,清,clear; distinct
清单,单,list
倾家荡产,倾,to pour out
倾家荡产,家,family
倾家荡产,荡,to squander
倾家荡产,产,property
轻蔑,轻,to disparage
轻视,轻,to disparage
倾诉,倾,to pour out
倾诉,诉,to tell
轻微,轻,unimportant
倾销,倾,to pour out
倾销,销,to sell
倾斜,倾,to lean
轻型,型,type
情报,情,(bound form) situation; condition
情不自禁,自,(bound form) self; oneself
情调,调,tone
情怀,怀,heart
情结,结,knot
情境,情,(bound form) situation; condition
情境,境,circumstances
情理,理,reason
情商,商,"quotient (as in 智商 zhìshāng, intelligence quotient)"
请柬,请,to invite
请帖,请,to invite
庆典,典,ceremony
丘陵,丘,hillock
丘陵,陵,hill
囚犯,犯,criminal
求同存异,同,same
求同存异,存,to keep
求学,学,to study
求医,医,doctor
求证,证,to confirm
驱动,驱,to drive
驱动,动,to set in movement
区间,间,within a definite time or space
区区,区,small
曲线,线,line
趋于,趋,to tend towards
趋于,于,(indicating any indirect relation) to; toward; vis-à-vis; with regard to; for
曲折,折,to twist
取而代之,之,it
取经,经,scripture
取暖,暖,to warm
取胜,取,to get
取胜,胜,victory
取笑,笑,to laugh at
曲艺,艺,art
去除,去,to remove
去向,向,direction
圈套,套,loop of rope
圈子,圈,(fig.) social circle; niche group; community; fandom
全方位,方,direction
全方位,位,position
权衡,权,(literary) to weigh
拳击,拳,boxing
全局,局,situation
全能,能,ability
全心全意,意,(bound form) intention; feeling; inclination; state of mind
权益,权,right
缺口,缺,deficiency
缺席,席,seat
确切,切,to correspond to
确信,确,firm
确信,信,to believe
确凿,凿,(literary) certain; authentic; irrefutable
燃放,燃,to light
燃放,放,to set off (fireworks)
饶恕,饶,to forgive
扰乱,乱,to throw into disorder
绕行,绕,to make a detour
绕远儿,绕,to make a detour
热潮,热,fervent
热带,带,band
热泪盈眶,热,fervent
热腾腾,腾,(bound form) to soar; to hover
热销,热,fervent
热销,销,to sell
热衷,热,fervent
人道,道,(bound form) way; reason; principle
人格,格,(bound form) character; disposition; moral quality; style; aesthetic tone
人间,间,among
人品,品,character; disposition; nature; temperament
人气,气,vital energy; qi
人权,权,right
人手,手,person engaged in certain types of work
人文,文,culture
人性,性,nature
任性,任,to give free rein to
任性,性,nature
人缘儿,缘,predestined affinity
人质,质,hostage
忍耐,忍,to endure
任命,命,order or command
任期,任,"classifier for terms served in office, or for spouses, girlfriends etc (as in 前任男友)"
任期,期,term
韧性,韧,tough
韧性,性,"suffix forming noun from adjective, corresponding to -ness or -ity"
任意,任,to give free rein to
任意,意,(bound form) intention; feeling; inclination; state of mind
认证,证,to confirm
任职,任,to take up a post
日程,程,journey
日复一日,复,to repeat
日趋,趋,to tend towards
日新月异,月,month
容光焕发,容,countenance
荣获,荣,honor
荣获,获,(literary) to get; to obtain; to win
溶解,解,to dissolve
容貌,容,appearance
容器,器,utensil
容忍,容,to tolerate
容忍,忍,to tolerate
荣幸,荣,honor
容颜,颜,face
荣耀,耀,glorious
融资,资,capital
冗长,冗,redundant
如痴如醉,如,as if
如痴如醉,痴,sentimental
如期,期,time
如实,实,true
如意,意,(bound form) intention; feeling; inclination; state of mind
如愿以偿,愿,(bound form) wish; hope; desire
如愿以偿,以,in order to
如愿以偿,偿,to fulfill (hopes etc)
乳制品,乳,(bound form) milk
乳制品,品,(bound form) article; commodity; product; goods
入场,场,large place used for a specific purpose
入场券,场,large place used for a specific purpose
入场券,券,ticket
弱势,势,situation
弱项,项,item
撒谎,撒,to give expression to
赛季,赛,competition
三角,角,angle
三维,维,dimension
散布,布,to spread
嗓音,嗓,voice
丧生,丧,to die
丧生,生,life
骚乱,乱,riot
扫除,扫,to sweep away; to wipe out; to get rid of
扫兴,扫,to sweep away; to wipe out; to get rid of
扫兴,兴,interest in sth
杀害,害,to do harm to
杀手,手,person engaged in certain types of work
沙滩,沙,sand
筛查,查,to check
煽动,煽,to incite
煽动,动,to set in movement
闪烁,闪,a flash
膳食,食,food
赡养,养,to support
善意,意,(bound form) intention; feeling; inclination; state of mind
擅自,自,(bound form) self; oneself
伤残,伤,to injure
伤残,残,disabled
伤感,感,to feel
商贾,商,merchant
商机,机,(bound form) an opportunity
伤势,势,situation
商讨,讨,to discuss or study
商议,议,to discuss
上层,层,layer; stratum
上场,场,large place used for a specific purpose
上岗,上,to climb; to get onto; to go up
上岗,岗,(bound form) job; post
上火,上,to climb; to get onto; to go up
上火,火,internal heat (Chinese medicine)
上空,空,sky
尚且,且,yet
上任,任,to take up a post
上诉,诉,to sue
上调,调,to adjust
上限,限,(bound form) limit
上行,上,to climb; to get onto; to go up
上瘾,上,to climb; to get onto; to go up
稍后,稍,a little
稍后,后,later
稍稍,稍,a little
少不了,少,to lack
设法,法,method
社会主义,会,(suffix) union; group; association
社会主义,义,meaning
社交,交,to make friends
社团,团,group
涉嫌,嫌,suspicion
申报,申,to state
身不由己,由,to follow
深沉,沉,deep
深化,化,to ... -ize
身价,身,oneself
身价,价,value
申领,申,to state
申领,领,to receive
深切,切,(bound form) eager
深情厚谊,厚,deep or profound
申诉,诉,to sue
伸缩,缩,to contract
呻吟,吟,(literary) to lament; to groan
身影,影,shadow
深造,造,to go to
伸张,张,to spread
神气,神,look; expression
神情,神,look; expression
神圣,圣,(bound form) holy; sacred
神态,神,look; expression
神态,态,appearance
神仙,神,supernatural; magical; mysterious
审查,查,to examine
审核,核,to check
审理,理,to manage
审判,判,(of a judge) to sentence
审批,批,to act on
慎重,重,serious
生产线,产,to produce
生产线,线,line
声称,称,to state
生机,生,life
生机,机,(bound form) an opportunity
生理,理,inner essence
声明,明,(of meaning) clear
生命线,生,life
生命线,线,line
生怕,生,(bound form) very; intensely (as in 生疼 shēngténg)
生前,生,to live; to be alive
生前,前,before
声势,声,reputation
生疏,生,unfamiliar; strange
生疏,疏,distant (relation)
生死,生,life
声望,声,reputation
生效,生,to arise; to occur
生涯,生,(bound form) life; lifetime
生硬,生,raw; uncooked; unprocessed
声誉,声,reputation
声誉,誉,reputation
升值,值,value
省略,省,to omit; to delete; to leave out
省略,略,to omit
省事,省,to save; to economize; to be frugal
盛产,产,to produce
胜出,胜,to get the better of
盛大,盛,magnificent
胜负,胜,victory
胜负,负,to be defeated
盛会,盛,magnificent
盛会,会,meeting; gathering
盛气凌人,气,vital energy; qi
盛气凌人,凌,to insult or maltreat
盛情,盛,magnificent
胜任,胜,equal to (a task)
胜任,任,responsibility
圣贤,圣,"(bound form) peerless individual; paragon (sage, saint, emperor, master of a skill etc)"
盛行,行,(bound form) current; in circulation
盛宴,宴,(bound form) banquet; feast
湿地,地,land
师范,范,model
施加,施,to apply (fertilizer etc)
失利,利,advantage
失礼,礼,propriety
失灵,灵,efficacious
湿润,润,moist; glossy; sleek
失态,态,attitude
施行,行,(bound form) to do; to perform
施压,施,to apply (fertilizer etc)
施压,压,pressure
施展,展,to put into effect
师长,师,army division
师长,长,head
时隔,隔,after or at an interval of
时而,时,time
实地,地,place
时段,段,segment
时好时坏,时,time
实话实说,话,spoken words
时节,时,season
时节,节,solar term (one of the 24 divisions of the year in the traditional Chinese calendar)
实况,况,situation
时髦,髦,fashionable
时时,时,time
时事,时,time
实事求是,是,correct; right; true
食宿,食,food
实体,实,solid
实体,体,substance
时装,时,time
时装,装,clothing
使唤,使,to instruct sb to do sth
使命,使,to send
使命,命,order or command
史无前例,前,before
史无前例,例,precedent
使者,使,envoy
使者,者,-er
势必,势,trend
势必,必,must
势不可当,可,(prefix) can; may; able to; -able
势不可当,当,withstand
视察,察,to inspect
市场经济,场,large place used for a specific purpose
世代,世,generation
世代,代,generation; dynasty; age; period; (historical) era; (geological) eon
试点,点,point in time or space
是非,是,correct; right; true
是非,非,wrong; incorrect
世故,故,happening
世间,世,world
世间,间,within a definite time or space
视角,角,angle
适量,适,suitable
适量,量,amount
士气,士,soldier
士气,气,vital energy; qi
世人,世,world
适时,适,suitable
适时,时,time
逝世,逝,to pass away; to die
逝世,世,world
事态,态,state
试探,探,to search out
势头,势,momentum
事务所,事,affair
事务所,所,place
视线,线,line
试行,试,to try
试行,行,(bound form) to do; to perform
市值,值,value
收复,收,to collect
收复,复,to recover
收割,收,to collect
收敛,收,to restrain
收敛,敛,(literary) to restrain; to control (oneself)
收留,收,to accept
收留,留,to keep
收买,收,to collect
收养,收,to accept
收养,养,to bring up (children)
收支,支,to draw money
手册,册,booklet
首创,首,"first (occasion, thing etc)"
首付,首,"first (occasion, thing etc)"
首府,首,chief
守候,守,to keep watch
首脑,首,head
手帕,帕,handkerchief
首饰,首,head
首饰,饰,ornament
首席,首,chief
首席,席,seat
守信,守,to observe (rules or ritual)
守信,信,trust
守株待兔,株,stump (tree root)
受宠若惊,宠,to favor
受宠若惊,若,to seem
受挫,受,to suffer
受害,受,to suffer
受害人,受,to suffer
受贿,受,to accept
受惊,受,to suffer
受苦,受,to suffer
受苦,苦,hardship
受理,受,to accept
受理,理,to manage
受骗,受,subjected to
受益匪浅,匪,(literary) not
舒畅,舒,to relax
舒畅,畅,free from worry
疏导,导,to guide
疏忽,疏,to neglect
书记,书,to write
梳理,理,to manage
枢纽,纽,button
疏通,通,to clear
输血,输,(bound form) to transport
输液,输,(bound form) to transport
疏远,疏,distant (relation)
梳子,梳,(bound form) a comb
属相,属,be born in the year of (one of the 12 animals)
属性,属,category
属性,性,property
数一数二,数,to count as; to regard as
数额,额,specified number or amount
束缚,束,to bind
树干,干,tree trunk
数据库,库,(file) library
竖立,竖,to erect
数码,码,number
束手无策,束,to bind
束手无策,策,plan
耍赖,耍,to act (cool etc)
耍赖,赖,to renege (on promise)
衰减,减,to decrease
摔跤,摔,to fall
衰落,落,to decline or sink
衰退,退,to decline
双胞胎,双,two
双胞胎,胞,born of the same parents
双边,双,both
双重,双,double
双重,重,classifier: layer
双向,双,two
双向,向,direction
双赢,双,both
双赢,赢,to win
爽快,爽,to feel well
爽快,快,pleasant
水产,产,product
水利,利,benefit
水落石出,落,(of a tide) to go out
水源,源,source
水准,准,standard
睡袋,袋,bag
税收,收,to collect
顺差,顺,favorable
顺差,差,(math.) difference (amount remaining after a subtraction)
顺畅,畅,smooth
顺从,从,(bound form) to obey
顺理成章,顺,to follow
顺理成章,理,reason
顺理成章,成,to become
顺路,顺,along
顺其自然,顺,to follow
顺其自然,其,it (refers to sth preceding it)
顺其自然,自,naturally; as a matter of course
顺其自然,然,-ly
顺势,顺,to follow
顺势,势,trend
顺手,顺,favorable
顺手,手,convenient
顺心,顺,favorable
顺延,顺,to follow
顺延,延,to delay
顺应,顺,to follow
顺应,应,to comply with
硕果,果,result
丝毫,丝,"classifier: a trace (of smoke etc), a tiny bit etc"
丝毫,毫,(in the) least
私家车,私,private
私家车,家,family
私立,私,private
私立,立,to set up
司令,令,to command
思前想后,前,before
思前想后,后,after
思绪,绪,mental state
私营,私,private
私营,营,to operate
私有,私,private
私自,私,private
私自,自,(bound form) self; oneself
四方,方,direction
伺机,伺,to wait
伺机,机,(bound form) an opportunity
饲料,饲,to feed
饲料,料,feed
四面八方,面,side
四面八方,方,direction
似是而非,是,correct; right; true
似是而非,而,but (not)
似是而非,非,wrong; incorrect
四通八达,达,to reach
肆无忌惮,肆,unrestrained
肆无忌惮,忌,scruple
松弛,弛,to slacken
松懈,松,to relax
耸立,耸,towering
送别,送,to see (sb) off
送别,别,to leave; to part (from)
搜救,救,to rescue
苏醒,苏,to revive
俗称,俗,common
俗称,称,to name
俗话,俗,common
俗话,话,spoken words
俗语,俗,common
俗语,语,speech
素不相识,素,always
素材,素,element
诉苦,苦,hardship
诉求,求,to request
素食,素,vegetarian (food)
素食,食,food
诉说,诉,to tell
诉讼,诉,to sue
算盘,盘,tray; plate; dish
算数,算,to count; to be valid; to carry weight
随即,随,subsequently
随机,机,(bound form) an opportunity
随时随地,随,varying according to...
随时随地,时,time
随时随地,地,place
随心所欲,所,that which
损人利己,损,(bound form) to harm; to damage
损人利己,利,benefit
缩减,减,to decrease
缩水,缩,to shrink
缩影,缩,to reduce
缩影,影,image
锁定,锁,to lock; to lock up
索赔,索,to demand
索取,索,to demand
所属,所,that which
琐碎,琐,trifling
琐碎,碎,broken; fragmentary; scattered
所谓,所,that which
所谓,谓,to say
所在,所,place
所在,在,(of sb or sth) to be (located) at
所作所为,所,that which
所作所为,为,to do
胎儿,胎,fetus
泰斗,斗,cup or dipper shaped object
太极,太,greatest
太极,极,utmost
太平,太,extremely
太平,平,(bound form) calm; peaceful
态势,势,situation
贪吃,贪,greedy
贪婪,贪,greedy
贪污,贪,corrupt
贪污,污,corrupt
谈及,及,to reach
坦白,坦,open-hearted
坦白,白,(bound form) to explain; to state (e.g. 辩白 biànbái)
坦诚,坦,open-hearted
坦然,坦,open-hearted
坦然,然,-ly
坦率,坦,open-hearted
坦率,率,frank
坦言,坦,open-hearted
坦言,言,to say
探究,探,to search out
探究,究,to investigate
探亲,探,to visit
探亲,亲,relative
探求,探,to search out
探望,探,to visit
探望,望,to visit
探险,险,danger
掏腰包,包,bag
逃生,生,life
逃亡,亡,to flee
陶醉,陶,pleased
讨好,讨,to demand or ask for
讨价还价,讨,to demand or ask for
特例,特,special
特例,例,case
特权,特,special
特权,权,right
特质,特,special
特质,质,quality
疼爱,疼,to love dearly
藤蔓,藤,vine
剔除,剔,to weed out
提拔,提,to lift
提拔,拔,to select
提纲,纲,outline
提及,提,to mention
提及,及,to reach
提名,提,to put forward
提速,提,to lift
提速,速,velocity
提心吊胆,提,to lift
提心吊胆,胆,courage
提议,提,to put forward
提议,议,to suggest
体裁,体,style
体谅,体,to experience
体能,能,ability
体态,态,appearance
体贴,体,to experience
体贴,贴,to keep close to
体制,体,system
体质,质,nature
替补,补,to fill (a vacancy)
替换,替,to replace
天赋,赋,to endow with
天花板,花,fancy pattern
天经地义,经,classics
天平,平,equal; on the same level
天使,天,heaven
天使,使,envoy
天堂,天,heaven
天线,线,wire
天性,性,nature
填补,补,to fill (a vacancy)
田间,间,within a definite time or space
田野,野,field
挑剔,挑,to nitpick
挑剔,剔,to pick (teeth etc)
调和,和,(bound form) harmonious
调剂,调,to adjust
调解,调,to reconcile
调解,解,to solve
调侃,调,to provoke
调侃,侃,to chat idly
调控,调,to regulate
条款,条,clause (of law or treaty)
条例,条,article
条例,例,rule
条理,理,intrinsic order
调料,调,to season (food)
调料,料,stuff
调试,调,to adjust
条约,条,article
条约,约,pact
挑衅,挑,to incite
跳槽,槽,manger
跳动,跳,to palpitate
眺望,望,to gaze (into the distance)
贴切,贴,to fit snugly
贴切,切,(bound form) close to
帖子,帖,notice
听从,听,to heed; to obey
听从,从,(bound form) to obey
停顿,顿,to pause
停放,停,to park (a car)
停业,业,line of business
挺拔,挺,straight
挺拔,拔,to stand out (above level)
通报,通,to communicate
通畅,通,to clear
通畅,畅,unimpeded
通车,通,open
通车,车,vehicle
通告,通,to communicate
通告,告,to announce; to report
通货膨胀,货,money
通缉,缉,to arrest
通顺,通,to clear
通顺,顺,to make reasonable
通俗,俗,common
同胞,同,same
同胞,胞,born of the same parents
同比,同,same
同步,同,same
同步,步,a pace
同等,同,same
同等,等,(bound form) equal to; same as
同感,同,same
同感,感,feeling
同伙,同,together
同伙,伙,companion
同盟,同,together
同盟,盟,union
同期,同,same
同期,期,a period of time
同仁,同,same
同志,同,same
同舟共济,同,together
统筹,统,whole
统统,统,whole
痛心,痛,sorrow
偷窥,偷,stealthily
偷懒,偷,stealthily
投奔,投,to go to; to seek refuge; to place oneself into the hands of
投放,投,"to put in (money for investment, a coin to operate a slot machine)"
投稿,投,"to send (a letter, a manuscript etc)"
头号,头,the top
头号,号,"(after a numeral) number designation (e.g. 237號房間|237号房间 èrsānqīhàofángjiān ""Room 237"")"
投机,投,"to put in (money for investment, a coin to operate a slot machine)"
投机,机,(bound form) an opportunity
投身,投,"to throw oneself into (a river, a well etc to commit suicide)"
投身,身,oneself
头条,头,the top
头条,条,item
头头是道,头,aspect
头头是道,是,correct; right; true
头头是道,道,(bound form) way; reason; principle
头衔,衔,title
投降,投,to go to; to seek refuge; to place oneself into the hands of
透彻,透,thoroughly; through and through
透支,支,to draw money
突击,突,sudden
突破口,突,to break through
突如其来,突,sudden
突如其来,如,as if
突兀,突,to protrude
徒步,徒,(bound form) on foot
徒步,步,walk
徒劳,徒,(bound form) to no avail; in vain
图形,图,picture
图形,形,shape
吐槽,吐,to pour out (one's grievances)
土生土长,土,local
团伙,团,group
团伙,伙,group
团聚,团,to gather
团员,团,group
团员,员,(bound form) member
推崇,推,to push forward
推崇,崇,to esteem
推辞,推,to decline
推辞,辞,to decline
推断,推,to push forward
推断,断,to judge
推翻,翻,to overturn
推理,推,to push forward
推理,理,reason
推论,推,to push forward
推论,论,to discuss
推算,推,to push forward
推卸,推,to shirk (responsibility)
推选,推,to elect
推选,选,to elect
推移,推,to push forward
颓废,颓,decadent
颓废,废,abandoned
退化,退,to decline
退化,化,to change into
退回,退,to reject; to return (sth)
退却,却,to retreat
退役,役,military service
吞吞吐吐,吐,to say
托付,托,to ask; to beg; to entrust (variant of 托 (託) tuō)
托付,付,to hand over to
脱节,脱,to get away from
脱节,节,joint; node
脱口而出,脱,to escape
拖累,累,to involve or implicate
脱离,脱,to get away from
拖欠,拖,to delay
脱身,身,oneself
脱颖而出,脱,to escape
脱颖而出,颖,tip
妥当,当,suitable
妥协,妥,settled
妥协,协,to harmonize
椭圆,圆,round
唾弃,唾,to spit
瓦解,解,to break up
外币,外,foreign
外币,币,currency
外号,外,in addition
外号,号,"(bound form) name; appellation (e.g. 国号 guóhào, 年号 niánhào, 辽宁号 Liáoníng Hào)"
外汇,外,foreign
外汇,汇,to exchange
外籍,外,foreign
外籍,籍,(bound form) place of one's family or ancestral records
外贸,外,foreign
外贸,贸,trade
外向,向,oriented to ...
外援,外,foreign
外在,外,external
外资,外,foreign
外资,资,capital
完备,完,complete
完备,备,(literary) fully; completely
完毕,毕,to finish
顽固,顽,obstinate
完好,完,whole
玩弄,玩,to trifle with
玩弄,弄,to play with
顽皮,顽,naughty
顽皮,皮,(coll.) naughty; mischievous
玩意儿,玩,toy
挽回,挽,to recover
挽救,挽,to recover
晚期,期,a period of time
惋惜,惜,to pity
晚霞,晚,evening
万分,万,a great number
万能,万,a great number
万能,能,ability
万万,万,a great number
万无一失,万,a great number
万无一失,失,to fail
王朝,朝,dynasty
王牌,牌,mahjong tile; domino; playing card
亡羊补牢,亡,to lose
网点,网,network
网点,点,point in time or space
网民,网,network
往日,往,past
往事,往,past
妄想,想,to desire; to want (to)
望远镜,望,to gaze (into the distance)
望远镜,镜,lens
微波炉,微,micro-
微不足道,微,tiny
微不足道,道,"to say (introducing a direct quotation, as in a novel)"
威风,风,manner
微观,微,micro-
微观,观,point of view
危及,危,to endanger
危及,及,to reach
微妙,微,profound
威慑,慑,(bound form) to frighten; to intimidate
微生物,微,micro-
微生物,生,life
威望,威,prestige
威信,威,prestige
威信,信,trust
微型,微,miniature
微型,型,type
违背,违,to go against
违背,背,to turn one's back
唯独,独,only
围观,观,to watch
维权,维,to maintain
维权,权,right
为人,为,to behave as
违约,违,to violate
违约,约,pact
违章,违,to violate
违章,章,regulation
尾声,尾,extremity
萎缩,缩,to shrink
委婉,委,roundabout
委婉,婉,tactful
委员,委,committee member
委员,员,(bound form) member
委员会,委,council
委员会,员,(bound form) member
委员会,会,(suffix) union; group; association
伪造,伪,forged
伪造,造,to fabricate
味精,精,essence
慰劳,劳,(bound form) to express appreciation for sb's efforts
未免,未,not
未免,免,to avoid
卫星,星,satellite
位子,位,seat
温差,温,(bound form) temperature
温带,带,band
温度计,温,(bound form) temperature
温度计,计,meter
温习,温,to review (a lesson etc)
文盲,文,writing
文凭,文,writing
文凭,凭,proof
文人,文,culture
文雅,文,gentle
稳固,固,strong
吻合,合,to fit
紊乱,紊,chaotic
稳重,重,serious
问候,候,to inquire after
问世,世,world
污蔑,污,to smear
诬陷,陷,to frame (false charge)
乌云,乌,black
无边无际,边,boundary
无边无际,际,boundary
无不,无,none
无敌,敌,(bound form) to be a match for; to rival
无动于衷,动,to stir (emotions)
无动于衷,于,(indicating any indirect relation) to; toward; vis-à-vis; with regard to; for
无故,故,reason
无关紧要,关,to concern; to involve
无关紧要,紧,urgent
无关紧要,要,(bound form) important
无话可说,话,words
无话可说,可,(prefix) can; may; able to; -able
无家可归,可,(prefix) can; may; able to; -able
无价之宝,价,value
无价之宝,宝,treasure
无精打采,精,vitality
无济于事,济,to be of help
无济于事,于,(indicating any indirect relation) to; toward; vis-à-vis; with regard to; for
无可厚非,可,(prefix) can; may; able to; -able
无可厚非,厚,to stress
无可厚非,非,to reproach; to blame
无可奈何,可,(prefix) can; may; able to; -able
无赖,赖,rascally
无力,力,strength
无理,理,reason
无论如何,论,to consider
无论如何,何,how
无能,能,ability
无能为力,为,to do
无穷,穷,to exhaust
无私,私,selfish
无所事事,所,that which
无所事事,事,work
无所作为,为,to do
无条件,条,clause (of law or treaty)
无条件,件,item
无微不至,微,tiny
无线,线,wire
无形,形,form
无意,意,(bound form) intention; feeling; inclination; state of mind
无忧无虑,虑,anxiety
无缘,缘,predestined affinity
五官,官,organ of the body
五花八门,花,fancy pattern
五花八门,门,(bound form) class; category; division; phylum
武力,武,military
武力,力,force
侮辱,辱,to insult
武侠,武,military
武装,武,military
务必,务,by all means
务必,必,must
误差,误,error
误导,导,to guide
物流,流,to circulate or spread
物美价廉,美,very satisfactory; good
物美价廉,廉,inexpensive
误区,误,mistake
务实,务,to be engaged in
物证,证,proof
物种,种,species
吸毒,吸,to inhale
吸毒,毒,narcotics
稀罕,稀,rare; uncommon
熄火,熄,"to go out (of fire, lamp etc)"
犀利,犀,sharp
熄灭,熄,to stop burning
熄灭,灭,to go out (of a fire etc)
吸纳,吸,to absorb
稀奇,稀,rare; uncommon
昔日,昔,the past
稀少,稀,rare; uncommon
息息相关,关,to concern; to involve
夕阳,阳,sun
稀有,稀,rare; uncommon
席位,席,seat
席位,位,seat
喜出望外,喜,to be happy
喜出望外,出,to go beyond; to exceed
喜出望外,望,to expect
洗礼,礼,ceremony
喜怒哀乐,喜,happiness
喜庆,喜,happiness
喜糖,糖,sweets
喜闻乐见,喜,to like
喜闻乐见,闻,to hear
喜悦,喜,to be happy
细腻,细,fine
细腻,腻,soft
细微,细,fine
狭义,义,meaning
下半场,下,second (of two parts)
下场,下,to go down
下场,场,large place used for a specific purpose
下达,下,downwards
下达,达,to communicate
下跌,下,to go down
下跌,跌,(of prices etc) to drop
吓唬,唬,to scare
下滑,下,to go down
下滑,滑,to slip; to slide
下级,下,lower
下级,级,rank
下令,令,an order
下落,下,to go down
下落,落,whereabouts
下属,下,lower
下属,属,subordinate to
下台,下,to go down
下台,台,stage
下调,下,downwards
下调,调,to adjust
下行,下,downwards
下意识,下,below
先锋,锋,vanguard
鲜活,活,alive
先例,例,precedent
鲜美,鲜,delicious
鲜美,美,very satisfactory; good
仙女,女,woman
掀起,起,to raise
先天,天,heaven
鲜血,鲜,bright (in color)
闲话,闲,idle
闲话,话,talk
衔接,衔,to link
衔接,接,to connect
嫌疑,嫌,suspicion
闲置,闲,idle
闲置,置,to put
显露,显,to reveal
显露,露,to reveal
显示器,显,to make visible
显微镜,显,to make visible
显微镜,微,tiny
显微镜,镜,lens
显现,显,to make visible
显性,显,conspicuous
显性,性,property
显眼,显,conspicuous
现成,现,existing
现成,成,to finish
宪法,宪,constitution
陷害,陷,to frame (false charge)
陷害,害,to do harm to
陷阱,陷,pitfall
现任,现,current
现任,任,to take up a post
线条,线,line
线条,条,strip
现行,现,current
现行,行,(bound form) current; in circulation
相伴,伴,to accompany
相辅相成,辅,to complement
相辅相成,成,to complete
相继,继,to follow after
香料,香,perfume or spice
乡亲,乡,native place
乡亲,亲,related
相提并论,提,to mention
相提并论,并,simultaneously
相提并论,论,to discuss
相通,通,to connect
祥和,和,(bound form) harmonious
详尽,尽,to exhaust
想方设法,想,to think of; to devise
想方设法,方,method
想方设法,法,method
响亮,响,loud
响亮,亮,loud and clear
响应,响,echo
响应,应,to respond
向导,导,to guide
橡胶,胶,rubber
向来,向,always
向来,来,ever since (as in 自古以来 zìgǔyǐlái)
像样,样,appearance
消沉,沉,to sink
消磨,消,to idle away (the time)
消磨,磨,to wear down
消遣,消,to idle away (the time)
消遣,遣,(bound form) to drive away; to dispel
嚣张,张,to spread
小看,看,to consider; to regard as
小康,康,abundant
小品,品,(bound form) article; commodity; product; goods
小提琴,琴,musical instrument in general
效力,效,efficacy
肖像,像,portrait
挟持,挟,(bound form) to coerce
邪恶,邪,evil
协商,商,to consult
携手,携,to hold (hands)
协同,同,together
写照,照,photo
泄露,露,to reveal
泄密,密,(bound form) secret; confidential
卸任,任,office
卸载,载,to load
心安理得,理,reason
新潮,潮,fashionable; trendy
新陈代谢,陈,old; stale
新陈代谢,谢,"(bound form) (of flowers, leaves etc) to wither"
薪酬,薪,(bound form) salary
薪酬,酬,to reward
心甘情愿,甘,to be willing (to do sth)
心急如焚,急,worried
心急如焚,如,as if
心声,声,voice
新式,式,style
新手,手,person engaged in certain types of work
心酸,酸,sick at heart
辛酸,辛,suffering
辛酸,酸,grieved
欣喜,喜,to be happy
心想事成,想,to desire; to want (to)
心想事成,事,affair
心想事成,成,to succeed
欣欣向荣,向,to turn towards
欣欣向荣,荣,thriving
心胸,胸,heart
心意,意,(bound form) intention; feeling; inclination; state of mind
信贷,信,trust
信贷,贷,a loan
信仰,仰,to rely on
信誉,信,trust
信誉,誉,reputation
兴奋剂,兴,to encourage
星级,级,rank
兴建,兴,to start
兴建,建,to build
兴隆,兴,to flourish
兴隆,隆,prosperous
星球,星,heavenly body
星球,球,sphere
兴盛,兴,to flourish
兴旺,兴,to flourish
星系,星,heavenly body
星座,星,heavenly body
星座,座,(bound form) constellation
行使,行,(bound form) to do; to perform
行使,使,to use
行星,行,(bound form) to do; to perform
形形色色,形,form
形影不离,影,shadow
形影不离,不,(bound form) not; un-
形影不离,离,to part from
行政,行,(bound form) to do; to perform
行政,政,government
醒悟,醒,to become aware
幸存,存,to survive
兴高采烈,兴,excitement
兴高采烈,烈,intense
幸亏,亏,luckily; fortunately; thanks to
幸免,免,to avoid
性情,性,nature
凶残,残,savage
凶恶,恶,fierce
凶猛,猛,fierce
凶手,手,person engaged in certain types of work
胸有成竹,胸,mind
胸有成竹,成,to finish
雄厚,雄,powerful
雄伟,雄,grand
雄伟,伟,great
雄性,性,gender
修补,修,to repair
羞耻,羞,shame
羞愧,羞,ashamed
休眠,眠,to hibernate
修养,修,to cultivate
修正,正,to correct
袖手旁观,袖,to tuck inside one's sleeve
袖手旁观,观,to watch
虚构,虚,false
虚构,构,to make up
虚幻,虚,false
虚拟,虚,virtual
虚拟,拟,to imitate
虚荣,虚,false
虚荣,荣,honor
虚弱,虚,(of health) weak
虚伪,虚,false
许愿,许,to promise
许愿,愿,vow; pledge
絮叨,絮,long-winded
续航,航,to navigate
序列,列,series
畜牧,牧,to breed livestock
旭日,旭,rising sun
旭日,日,(bound form) sun
宣称,称,to state
宣告,告,to announce; to report
宣誓,誓,to swear
宣扬,扬,to propagate
玄机,机,(bound form) crucial point; pivot
悬念,悬,to worry
悬念,念,idea
悬殊,殊,(bound form) different
选举,选,to elect
选举,举,to elect
选民,选,to elect
选项,项,item
炫耀,炫,(bound form) to boast; to show off
学士,士,bachelor
学说,说,(bound form) theory; doctrine
穴位,穴,acupuncture point
穴位,位,location
学业,业,school studies
血缘,缘,predestined affinity
勋章,章,badge
寻常,常,common
巡回,巡,to make one's rounds
巡回,回,to revolve
巡视,巡,to make one's rounds
循序渐进,进,to advance
迅猛,猛,violent
逊色,逊,inferior to
逊色,色,look
压倒,压,to keep under (control)
压倒,倒,to overthrow
压迫,压,to push down
丫头,丫,girl
压榨,榨,to extract (juice)
烟囱,烟,smoke
烟花,烟,smoke
烟花,花,blossom
烟火,烟,smoke
严谨,严,rigorous
严谨,谨,careful
严峻,严,severe
严峻,峻,harsh or severe
言论,言,speech
岩石,岩,rock
沿线,线,line
言行,言,speech
言行,行,behavior; conduct
沿用,沿,to carry on
演变,演,(bound form) to develop; to play out; to carry out (a task)
掩盖,盖,to cover
演化,化,to transform
眼界,界,(bound form) realm
演练,演,(bound form) to develop; to play out; to carry out (a task)
演练,练,to drill
眼色,色,look
眼神,神,look; expression
衍生,衍,to develop
衍生,生,to arise; to occur
掩饰,饰,to conceal (a fault)
演习,演,(bound form) to develop; to play out; to carry out (a task)
演绎,演,(bound form) to develop; to play out; to carry out (a task)
演绎,绎,to interpret
厌烦,烦,to feel vexed
验收,验,to check
验收,收,to accept
阳历,阳,sun
阳性,性,property
洋溢,洋,vast
养生,生,life
仰望,望,to gaze (into the distance)
养育,养,to bring up (children)
养育,育,to raise or bring up
养殖,殖,to reproduce
样品,品,(bound form) article; commodity; product; goods
妖怪,妖,monster
妖怪,怪,(bound form) monster; supernatural being
摇摆,摆,to move to and fro
药方,方,prescription (medicine)
要害,要,(bound form) important
要好,好,(of two people) close; on intimate terms
要紧,要,(bound form) important
要紧,紧,urgent
要领,要,(bound form) important
野蛮,野,feral
野兽,野,feral
野心,野,feral
野心,心,intention
夜班,班,work shift
业绩,业,deed
业绩,绩,accomplishment
夜以继日,继,to succeed
夜以继日,日,day of the month
依次,次,order
依法,依,according to
依附,依,to comply with or listen to sb
依附,附,to be close to; to be attached
一线,线,line
依照,依,according to
依照,照,in accordance with
仪表,表,a meter (measuring sth)
疑点,点,point; dot; spot; speck
一度,度,classifier for events and occurrences
一概,一,entire; whole; all; throughout
一概而论,概,(bound form) general; approximate
一概而论,论,to discuss
一晃,晃,to flash past
一技之长,长,(bound form) strong point; forte
宜居,宜,suitable
遗漏,漏,to leave out by mistake
疑虑,虑,anxiety
一面,面,side
怡然自得,怡,pleased
怡然自得,然,-ly
怡然自得,自,(bound form) self; oneself
怡然自得,得,contented
宜人,宜,suitable
一事无成,成,to accomplish
以身作则,身,oneself
以身作则,作,to be; to act the part of
以身作则,则,(bound form) standard; norm
以致,致,(bound form) to cause; to lead to; consequently
以至于,至,until
议程,议,to discuss
议程,程,procedure
一成不变,成,to finish
一筹莫展,筹,resource; way; means
一筹莫展,莫,there is none who
一筹莫展,展,to put into effect
一鼓作气,气,vital energy; qi
一举,举,move
一举两得,举,move
一举两得,得,to gain
一举一动,举,move
异口同声,同,same
异口同声,声,voice
易拉罐,易,"prefix corresponding to the English adjective suffix ""-able"" or ""-ible"""
一揽子,揽,to take into one's arms; to embrace
一连,连,continuously
意料,料,to expect
一齐,齐,simultaneous
毅然,然,-ly
一如既往,往,past
一手,手,classifier for skill
一丝不苟,丝,"classifier: a trace (of smoke etc), a tiny bit etc"
一丝不苟,苟,(bound form) careless; negligent
一塌糊涂,糊,blurry; unclear; muddled
议题,议,to discuss
意图,意,(bound form) intention; feeling; inclination; state of mind
意图,图,to plan
亿万,万,a great number
一无所有,无,to lack
一无所有,所,that which
一无所知,无,not
一无所知,所,that which
意向,向,direction
一行,行,(literary) trip; journey; visit
异性,异,other
异性,性,sex
一心一意,意,(bound form) intention; feeling; inclination; state of mind
抑扬顿挫,顿,to pause
抑扬顿挫,挫,to lower the tone
一言一行,行,behavior; conduct
抑郁,郁,(bound form) melancholy; depressed
意愿,意,(bound form) intention; feeling; inclination; state of mind
意愿,愿,(bound form) wish; hope; desire
一早,早,morning
意志,意,(bound form) intention; feeling; inclination; state of mind
意志,志,the will
阴暗,阴,cloudy
因地制宜,地,place
因地制宜,制,to make
因地制宜,宜,suitable
阴历,阴,moon
阴谋,阴,hidden
阴谋,谋,scheme
殷勤,殷,earnest
音响,响,sound
阴性,阴,negative (electric.)
阴性,性,property
阴影,阴,shady
阴影,影,shadow
银幕,幕,curtain or screen
隐蔽,蔽,to conceal
隐含,含,to contain
隐患,患,misfortune
引荐,引,to lead
引经据典,引,to provide evidence or justification for
引经据典,据,to depend on
引经据典,典,literary quotation or allusion
引领,引,to lead
引领,领,to lead
隐情,情,(bound form) situation; condition
引人入胜,胜,superb (of vista)
引人注目,目,(literary) to look; to regard
隐形,形,form
隐性,性,property
引用,引,to provide evidence or justification for
印证,证,to confirm
英俊,英,outstanding
英俊,俊,handsome
英明,英,outstanding
英明,明,wise
应有尽有,应,should
应有尽有,尽,all
荧光,荧,fluorescence
迎合,合,to fit
赢家,赢,to win
赢家,家,"noun suffix for a specialist in some activity, such as a musician or revolutionary, corresponding to English -ist, -er, -ary or -ian"
营救,营,to manage
盈利,盈,surplus
盈利,利,profit
营利,营,to strive for
营利,利,profit
营销,营,to operate
营销,销,to sell
营造,营,to build
营造,造,to build
影像,影,image
影像,像,image
硬币,币,coins
应酬,应,to deal or cope with
应付,应,to deal or cope with
应急,应,to respond
硬朗,硬,(fig.) strong; firm
硬盘,盘,(computing) (bound form) disk
应邀,应,to respond
拥护,拥,(bound form) to support (as in 拥护 yōnghù)
庸俗,俗,vulgar
勇往直前,前,forward
用意,意,(bound form) intention; feeling; inclination; state of mind
忧虑,虑,anxiety
优胜劣汰,胜,superior to
优胜劣汰,汰,to eliminate
悠闲,悠,leisurely
悠闲,闲,leisure
忧郁,忧,sorrow
忧郁,郁,(bound form) melancholy; depressed
优越,优,superior
优越,越,to surpass
游船,游,to tour
油画,画,picture; painting
油腻,油,greasy
尤为,尤,"particularly, especially"
尤为,为,to be
邮政,政,government
有的放矢,放,to set off (fireworks)
友善,善,well-disposed
有条不紊,紊,disorderly
有意,有,(bound form) having; with; -ful; -ed; -al (as in 有意 yǒuyì intentional)
有意,意,(bound form) intention; feeling; inclination; state of mind
诱饵,饵,bait
幼稚,稚,young
渔船,渔,to fish
余地,余,extra
余地,地,place
愚公移山,公,honorable (gentlemen)
愚昧,昧,dark
逾期,期,term
与否,与,"(formal) and; together with (linking parallel nouns, verbs, or phrases)"
与日俱增,日,(bound form) sun
与日俱增,俱,(literary) to be together
与时俱进,俱,(literary) to be together
与时俱进,进,to advance
与众不同,不,(bound form) not; un-
与众不同,同,same
预备,预,to prepare
预感,预,in advance
预告,预,in advance
预告,告,to announce; to report
愈合,愈,to heal
愈加,加,to increase; to augment
预见,预,in advance
预警,预,in advance
预警,警,to warn
郁闷,郁,(bound form) melancholy; depressed
郁闷,闷,depressed
预赛,预,in advance
预赛,赛,competition
预示,预,in advance
预售,预,in advance
预算,预,in advance
遇险,险,danger
预先,预,in advance
预言,预,in advance
寓言,寓,(bound form) to imply; to place; to contain (sth abstract)
愈演愈烈,演,(bound form) to develop; to play out; to carry out (a task)
愈演愈烈,烈,intense
寓意,寓,(bound form) to imply; to place; to contain (sth abstract)
预兆,预,in advance
冤枉,枉,unjust
原创,原,original
缘分,缘,predestined affinity
缘分,分,share
原告,原,original
原告,告,to file a lawsuit; to sue
缘故,缘,reason
缘故,故,reason
元老,元,(bound form) first; original; primary
元老,老,venerable (person)
源泉,源,source
元首,元,(bound form) first; original; primary
元首,首,chief
源头,源,source
源头,头,beginning or end
原型,原,original
原型,型,model
原汁原味,原,original
原装,原,original
原装,装,to pack
远见,见,view
远近闻名,闻,well-known
远近闻名,名,famous
怨恨,怨,(bound form) resentment; hatred; grudge
院士,院,institution
院士,士,scholar (old)
怨言,怨,(bound form) resentment; hatred; grudge
约定俗成,俗,custom
约定俗成,成,to become
乐队,队,group
越过,越,to climb over
阅览,阅,to read
阅览,览,to read
阅历,阅,to experience
岳母,母,mother
乐谱,谱,score (music)
晕头转向,向,direction
蕴藏,藏,to store
蕴含,蕴,to contain
蕴含,含,to contain
运算,运,to use
韵味,味,(fig.) (noun suffix) feel
杂技,杂,miscellaneous
杂交,交,(of lines) to intersect
杂乱无章,章,order
栽培,培,to cultivate (lit. or fig.)
栽赃,栽,to impose sth on sb
再度,度,classifier for events and occurrences
再接再厉,接,to connect
在所难免,难,difficulty
在所难免,免,to avoid
在职,在,(of sb or sth) to be (located) at
暂且,且,for the time being
赞叹,叹,to exclaim
赞许,许,to praise
赞扬,扬,to propagate
葬礼,礼,ceremony
糟粕,糟,dregs
糟蹋,糟,ruined
早年,早,long ago
造假,造,to fabricate
造就,就,to undertake; to engage in
责备,责,to blame
责备,备,(literary) fully; completely
责怪,责,to blame
责怪,怪,to blame
增产,产,to produce
增速,速,velocity
增值,值,value
扎根,扎,to run or stick (a needle etc) into
扎实,实,solid
炸弹,弹,shell
炸药,药,"substance used for a specific purpose (e.g. poisoning, explosion, fermenting)"
摘要,摘,to select; to pick out
摘要,要,(bound form) important
占卜,占,to divine
瞻仰,仰,to admire
展望,展,to open up
展望,望,to gaze (into the distance)
战场,场,large place used for a specific purpose
绽放,放,to let out
站立,站,to stand
占领,领,to receive
战略,战,war
战略,略,plan; strategy
战士,士,soldier
战术,战,war
战役,战,battle
战役,役,campaign
占用,占,to occupy
战友,战,war
章程,章,regulation
张灯结彩,张,to spread
张灯结彩,灯,lantern
张贴,张,to spread
张贴,贴,to post (e.g. on a blog)
张扬,张,to spread
张扬,扬,to propagate
掌舵,掌,to hold in one's hand
涨幅,幅,width
掌管,掌,to hold in one's hand
掌管,管,to be in charge of
招标,标,bid
招揽,揽,to take on (responsibility etc); to canvass
朝气蓬勃,气,vital energy; qi
招商,商,merchant
招数,招,a move (chess)
朝夕相处,夕,(bound form) evening; night
朝夕相处,处,to get along with
着迷,着,to be affected by
着迷,迷,crazy about
照办,照,according to
照常,照,as before
照常,常,common
召集,集,to gather
照例,照,according to
照例,例,precedent
照射,照,to shine
肇事,肇,originate
照样,照,as before
照样,样,manner
照耀,照,to shine
遮挡,遮,to screen off
遮挡,挡,to keep off
遮盖,遮,to hide
遮盖,盖,to cover
折腾,腾,(verb suffix indicating repeated action)
折叠,折,to bend
折叠,叠,to fold
折合,折,to convert into (currency)
折合,合,to be equal to
哲理,理,intrinsic order
折磨,磨,to wear down
折射,折,to bend
珍藏,珍,treasure
珍藏,藏,to store
侦查,侦,to detect
侦查,查,to investigate
针锋相对,对,(bound form) opposite; facing; matching
真空,真,real
真理,真,true
真理,理,truth
真情,真,true
珍视,珍,to value highly
侦探,探,to scout
珍稀,珍,rare
珍稀,稀,rare; uncommon
真心,真,genuine
真挚,真,genuine
珍重,珍,to value highly
珍重,重,to attach importance to
斟酌,斟,to deliberate
斟酌,酌,to deliberate
诊所,所,place
震荡,荡,to shake
阵地,阵,disposition of troops
阵地,地,place
镇定,镇,to calm
振动,振,to vibrate
振奋,振,to rise up with spirit
镇静,镇,to calm
震惊,震,shocked
阵容,阵,disposition of troops
阵容,容,appearance
振兴,振,to rise up with spirit
振兴,兴,to flourish
阵营,阵,disposition of troops
振作,振,to rise up with spirit
争辩,争,to argue or debate
征服,征,to attack
征集,集,to gather
症结,症,(fig.) sticking point
症结,结,knot
争气,气,vital energy; qi
征收,征,to levy (taxes)
征收,收,to collect
正月,月,month
争执,争,to argue or debate
争执,执,to grasp
整顿,整,(bound form) to put in order; to straighten
整顿,顿,to arrange
整合,整,(bound form) to put in order; to straighten
整合,合,to join
整洁,整,(bound form) in good order; tidy; neat
拯救,拯,to save
整治,整,(bound form) to put in order; to straighten
整治,治,to control
正版,正,proper
正版,版,edition
正当,正,proper
正当,当,suitable
正能量,正,(math.) positive
正能量,能,(physics) energy
正能量,量,quantity
正气,正,upright
正气,气,vital energy; qi
政权,权,power
证券,券,certificate
证人,证,to prove
正视,正,straight
正直,正,upright
正直,直,fair and reasonable
郑重,重,serious
正宗,正,proper
正宗,宗,school
之际,际,time
支架,支,to support
支流,支,branch
支流,流,stream of water or sth resembling one
芝麻,麻,sesame
支配,配,to allocate
支票,支,to draw money
知识分子,分,component
支援,支,to support
支柱,支,to support
知足常乐,常,always
职称,称,appellation
直达,达,to reach
直径,径,diameter
职能,职,duty
职能,能,ability
值钱,钱,money
直升机,直,vertical
直升机,机,(bound form) aircraft
直线,线,line
直辖市,辖,(bound form) to govern; to have jurisdiction over
直辖市,市,municipality (administrative unit)
执意,意,(bound form) intention; feeling; inclination; state of mind
执照,照,to shine
直至,直,(indicates continuing motion or action)
直至,至,until
执着,着,to contact
纸币,币,currency
指标,标,target
指点,指,to indicate or refer to
指点,点,to mention; to bring up (a topic or person)
指甲,指,finger
指甲,甲,(of the fingers or toes) nail
指控,指,to indicate or refer to
指令,令,an order
纸上谈兵,兵,military
指数,数,several; a few
指望,指,to count on
指纹,指,finger
指引,指,to depend on
旨在,旨,purpose
治安,治,to govern
制裁,裁,judgment
至此,至,to
质地,质,quality
制服,服,to convince
致富,致,(bound form) to cause; to lead to; consequently
滞后,后,behind
滞留,留,to stay
致力于,于,(indicating any indirect relation) to; toward; vis-à-vis; with regard to; for
稚嫩,稚,young
质朴,质,plain
志气,气,vital energy; qi
智商,商,"quotient (as in 智商 zhìshāng, intelligence quotient)"
致使,致,(bound form) to cause; to lead to; consequently
致使,使,to cause
质问,质,to question
志向,向,direction
治愈,治,to treat (a disease)
治愈,愈,to heal
志愿,愿,(bound form) wish; hope; desire
制约,约,to restrict
终极,极,utmost
中性,性,property
中叶,叶,(historical) period
忠于,于,(indicating any indirect relation) to; toward; vis-à-vis; with regard to; for
种族,种,species
种族,族,race
仲裁,仲,intermediate
仲裁,裁,judgment
重创,重,serious
重量级,级,grade
重任,任,responsibility
重型,型,type
重用,重,to attach importance to
众志成城,志,the will
众志成城,成,to become
重中之重,重,serious
重中之重,中,within; among; in
周密,周,thorough
周岁,周,complete
周折,折,to twist
周转,周,to circle
骤然,然,-ly
诸如此类,诸,various
诸如此类,如,such as
逐年,逐,one by one; individually
逐一,逐,one by one; individually
主编,主,main
主编,编,to edit
主打,主,main
主力,主,main
主力,力,strength
主权,主,master
主权,权,power
主人公,主,master
主体,主,main
主题曲,题,problem for discussion
嘱托,托,to entrust
主页,主,main
主宰,主,master
主宰,宰,(bound form) to govern; to rule
贮藏,藏,to store
著称,著,outstanding
著称,称,to name
助威,威,might
注销,注,(bound form) to put on record; to register
注销,销,to cancel; to annul
蛀牙,蛀,to bore (of insects)
驻扎,驻,"to be stationed (of troops, diplomats etc)"
驻足,足,(bound form) foot; leg
专长,专,expert
专长,长,(bound form) strong point; forte
专辑,专,special
专辑,辑,to collect
专栏,专,special
专栏,栏,column or box (of text or other data)
专项,专,focused on one thing
专职,专,focused on one thing
专职,职,duty
专著,专,specialized
专著,著,book
转播,转,to transfer
转达,转,to transfer
转达,达,to communicate
转化,转,to change direction
转化,化,to change into
转型,转,to change direction
转型,型,type
转载,转,to transfer
转载,载,to carry (i.e. publish in a newspaper etc)
转折,转,to change direction
转折,折,to change direction
转折点,转,to change direction
转折点,折,to change direction
转折点,点,point in time or space
转悠,转,to walk about
转悠,悠,leisurely
装扮,装,to adorn
装扮,扮,to dress up
庄严,庄,grave or solemn
庄严,严,stern
装置,装,to install
庄重,庄,grave or solemn
庄重,重,serious
追悼,追,retroactively
追捧,追,to pursue
追捧,捧,to sing the praises of
追溯,追,to look into
追溯,溯,to trace the source
追问,追,to look into
追踪,追,to pursue
准则,准,standard
准则,则,(bound form) standard; norm
捉迷藏,藏,to hide away
着力,着,to apply
着力,力,strength
着落,落,whereabouts
酌情,酌,to consider
酌情,情,(bound form) situation; condition
着实,实,really
着手,着,to apply
着想,着,to apply
着眼,着,to apply
卓越,越,to surpass
着重,着,to apply
着重,重,to attach importance to
资本主义,资,capital
资本主义,本,capital; principal
滋润,滋,to nourish
姿态,姿,appearance
姿态,态,attitude
滋味,滋,taste
资讯,讯,(bound form) news; information
资质,质,nature
资助,资,to support
子弹,弹,ball
子弟,子,child
子弟,弟,junior male
子孙,子,child
子孙,孙,descendant
自卑,自,(bound form) self; oneself
自称,称,to name
自发,自,(bound form) self; oneself
自费,自,(bound form) self; oneself
自费,费,expenses
自负,自,(bound form) self; oneself
字迹,字,character
自立,自,(bound form) self; oneself
自理,自,(bound form) self; oneself
自理,理,to manage
自力更生,自,(bound form) self; oneself
自满,自,(bound form) self; oneself
自满,满,satisfied
自强不息,自,(bound form) self; oneself
自强不息,息,to cease
自然而然,自,naturally; as a matter of course
自然而然,然,-ly
自然界,自,naturally; as a matter of course
自然界,然,-ly
自然界,界,(bound form) realm
自如,自,naturally; as a matter of course
自始至终,至,to
自私,自,(bound form) self; oneself
自私,私,selfish
字体,字,character
字体,体,style
自卫,自,(bound form) self; oneself
自卫,卫,to defend
自相矛盾,自,(bound form) self; oneself
自行,自,(bound form) self; oneself
自行,行,(bound form) to do; to perform
字眼,字,word
自以为是,自,(bound form) self; oneself
自以为是,为,to take sth as
自以为是,是,correct; right; true
自在,自,(bound form) self; oneself
自责,自,(bound form) self; oneself
自责,责,to blame
自治区,自,(bound form) self; oneself
自治区,治,to govern
自治区,区,region
自主,自,(bound form) self; oneself
自主,主,master
自尊,自,(bound form) self; oneself
自尊,尊,to respect
宗教,宗,sect
宗教,教,a religion
综艺,艺,art
宗旨,宗,purpose
宗旨,旨,purpose
总额,总,(bound form) general; overall
总额,额,specified number or amount
总而言之,总,to sum up
总而言之,言,to say
总和,总,to sum up
总和,和,(math.) sum
纵然,纵,(literary) even if
纵容,纵,to indulge
纵容,容,to tolerate
纵深,纵,from front to back; longitudinal; lengthwise
走过场,场,scene (of a play)
走漏,走,to leave
走漏,漏,to divulge
走势,势,tendency
走私,私,private
走投无路,投,to go to; to seek refuge; to place oneself into the hands of
走向,向,direction
奏效,奏,to achieve
足不出户,足,(bound form) foot; leg
足不出户,户,door
足迹,足,(bound form) foot; leg
足智多谋,谋,scheme
祖父,祖,grandparents
祖籍,籍,(bound form) place of one's family or ancestral records
组建,组,to form
祖母,母,mother
阻挠,挠,to thwart
组装,组,to form
组装,装,to install
祖宗,宗,ancestor
钻空子,钻,to get into
钻空子,空,space
钻研,钻,to study intensively
钻研,研,study
钻石,钻,diamond
钻石,石,stone
罪犯,罪,crime
罪犯,犯,criminal
罪魁祸首,罪,crime
罪魁祸首,首,chief
尊贵,尊,to honor
尊贵,贵,(bound form) noble; of high rank
遵循,遵,to follow
尊严,尊,to honor
尊严,严,stern
遵照,遵,to follow
遵照,照,according to
琢磨,磨,to polish
作弊,弊,fraud
作对,对,(bound form) opposite; facing; matching
作废,作,to regard as; to consider to be
作风,风,style
作客,作,to be; to act the part of
作料,料,stuff
作为,为,to do
作息,息,to rest
座右铭,铭,inscribed motto
做证,做,(of a thing) to serve as; to be used for
做证,证,proof
做主,做,"(of a person) to be (an intermediary, a good student etc); to become (husband and wife, friends etc)"
做主,主,master
