chinese,pinyin
小高去哪儿了？,Xiǎo Gāo qù nǎr le?
今天我们学习第一课。,Jīntiān wǒmen xuéxí dì yī kè.
同学们，你们好！,"Tóngxuémen, nǐmen hǎo!"
学校里边有超市。,Xuéxiào lǐbian yǒu chāoshì.
外边正在下雨呢。,Wàibian zhèngzài xià yǔ ne.
电影院在医院的后边。,Diànyǐngyuàn zài yīyuàn de hòubian.
桌子上有几本书？,Zhuōzi shàng yǒu jǐ běn shū?
书店里的人很多。,Shūdiàn lǐ de rén hěn duō.
他们都在国外。,Tāmen dōu zài guówài.
我会说中文。,Wǒ huì shuō Zhōngwén.
他不会开车。,Tā bú huì kāi chē.
你明天能不能去？,Nǐ míngtiān néng bu néng qù?
她生病了，不能来上课。,"Tā shēngbìng le, bù néng lái shàng kè."
我想买一些水果。,Wǒ xiǎng mǎi yìxiē shuǐguǒ.
你想喝茶吗？,Nǐ xiǎng hē chá ma?
他们要去书店。,Tāmen yào qù shūdiàn.
我要学习汉语。,Wǒ yào xuéxí Hànyǔ.
这儿不可以吃东西。,Zhèr bù kěyǐ chī dōngxi.
我可以问一个问题吗？,Wǒ kěyǐ wèn yí ge wèntí ma?
他去医院看病了。,Tā qù yīyuàn kànbìng le.
我想睡一觉，休息一下（儿）。,"Wǒ xiǎng shuì yí jiào, xiūxi yí xià(r)."
上课不要说话。,Shàng kè bú yào shuōhuà.
今天我上中文课。,Jīntiān wǒ shàng Zhōngwén kè.
我下了课要去食堂。,Wǒ xiàle kè yào qù shítáng.
下了班你做什么？,Xiàle bān nǐ zuò shénme?
她昨天生病了。,Tā zuótiān shēngbìng le.
你弟弟多大？,Nǐ dìdi duō dà?
这件衣服多少钱？,Zhè jiàn yīfu duōshao qián?
现在几点？,Xiànzài jǐ diǎn?
她是哪国人？,Tā shì nǎ guó rén?
你去哪儿？,Nǐ qù nǎr?
你住在哪里？,Nǐ zhù zài nǎlǐ?
哪些是汉语书？,Nǎxiē shì Hànyǔ shū?
那是什么？,Nà shì shénme?
那个人是谁？,Nàge rén shì shéi?
你怎么去学校？,Nǐ zěnme qù xuéxiào?
明天天气怎么样？,Míngtiān tiānqì zěnmeyàng?
我是学生。,Wǒ shì xuésheng.
你是哪国人？,Nǐ shì nǎ guó rén?
老师，您好！,"Lǎoshī, nín hǎo!"
他会开车吗？,Tā huì kāi chē ma?
她是不是老师？,Tā shì bu shì lǎoshī?
我们都是大学生。,Wǒmen dōu shì dàxuéshēng.
你们是学生吗？,Nǐmen shì xuésheng ma?
他们去哪儿了？,Tāmen qù nǎr le?
她们都是我的朋友。,Tāmen dōu shì wǒ de péngyou.
你看，它正在吃饭呢。,"Nǐ kàn, tā zhèngzài chī fàn ne."
这些小狗真漂亮，它们叫什么名字？,"Zhèxiē xiǎo gǒu zhēn piàoliang, tāmen jiào shénme míngzi?"
大家都喜欢学习汉语。,Dàjiā dōu xǐhuan xuéxí Hànyǔ.
这是谁的书？,Zhè shì shéi de shū?
那个手机多少钱？,Nàge shǒujī duōshao qián?
我在这儿学习中文。,Wǒ zài zhèr xuéxí Zhōngwén.
那儿有一家书店。,Nàr yǒu yì jiā shūdiàn.
这里是我的家。,Zhèlǐ shì wǒ de jiā.
那里有一家饭店。,Nàlǐ yǒu yì jiā fàndiàn.
这些是老师的书。,Zhèxiē shì lǎoshī de shū.
我不认识那些人。,Wǒ bú rènshi nàxiē rén.
到了饭店，大家有的想吃米饭，有的想吃面条。,"Dàole fàndiàn, dàjiā yǒude xiǎng chī mǐfàn, yǒude xiǎng chī miàntiáo."
这个杯子多少钱？,Zhège bēizi duōshao qián?
她在那个房间。,Tā zài nàge fángjiān.
有些学生不在学校住。,Yǒuxiē xuésheng bú zài xuéxiào zhù.
一个、两百、五十八、一百零六、两千三百五十、九点半、半个小时,"Yí ge, liǎngbǎi, wǔshíbā, yìbǎilíngliù, liǎngqiān sānbǎi wǔshí, jiǔ diǎn bàn, bàn ge xiǎoshí"
这本书是中文书。,Zhè běn shū shì Zhōngwén shū.
我吃了两个包子。,Wǒ chīle liǎng ge bāozi.
前边有一家书店。,Qiánbian yǒu yì jiā shūdiàn.
你家有几口人？,Nǐ jiā yǒu jǐ kǒu rén?
我有十块钱。,Wǒ yǒu shí kuài qián.
这只小猫真漂亮。,Zhè zhī xiǎo māo zhēn piàoliang.
这件衣服三百元。,Zhè jiàn yīfu sānbǎi yuán.
喝杯茶吧。,Hē bēi chá ba.
今天几月几日（号）？,Jīntiān jǐ yuè jǐ rì (hào)?
她今年几岁？,Tā jīnnián jǐ suì?
现在八点二十分。,Xiànzài bā diǎn èrshí fēn.
一年有十二个月。,Yì nián yǒu shí'èr ge yuè.
你一天学习几个汉字？,Nǐ yì tiān xuéxí jǐ ge hànzì?
我非常喜欢学中文。,Wǒ fēicháng xǐhuan xué Zhōngwén.
这里的水果很便宜。,Zhèlǐ de shuǐguǒ hěn piányi.
房间里太热了。,Fángjiān lǐ tài rè le.
这儿的菜真好吃。,Zhèr de cài zhēn hǎochī.
今天天气有点儿冷。,Jīntiān tiānqì yǒudiǎnr lěng.
我们都学习汉语。,Wǒmen dōu xuéxí Hànyǔ.
他们都是中国学生。,Tāmen dōu shì Zhōngguó xuésheng.
他们在做什么？,Tāmen zài zuò shénme?
学生们正在上课。,Xuéshengmen zhèngzài shàng kè.
我想再买一本。,Wǒ xiǎng zài mǎi yì běn.
我再问一个问题，可以吗？,"Wǒ zài wèn yí ge wèntí, kěyǐ ma?"
我想吃面条儿，还想吃包子。,"Wǒ xiǎng chī miàntiáor, hái xiǎng chī bāozi."
我有两个姐姐，还有一个哥哥。,"Wǒ yǒu liǎng ge jiějie, hái yǒu yí ge gēge."
他是学生，我也是学生。,"Tā shì xuésheng, wǒ yě shì xuésheng."
我学习汉语，我弟弟也学习汉语。,"Wǒ xuéxí Hànyǔ, wǒ dìdi yě xuéxí Hànyǔ."
她不是老师。,Tā bú shì lǎoshī.
我没看电视。,Wǒ méi kàn diànshì.
她去超市了，我没有去。,"Tā qù chāoshì le, wǒ méiyǒu qù."
请大家不要说话。,Qǐng dàjiā bú yào shuōhuà.
我想在中国工作。,Wǒ xiǎng zài Zhōngguó gōngzuò.
你在哪儿学习中文？,Nǐ zài nǎr xuéxí Zhōngwén?
我没和她一起去超市。,Wǒ méi hé tā yìqǐ qù chāoshì.
我对老师说“谢谢”。,"Wǒ duì lǎoshī shuō ""xièxie""."
我和姐姐都喜欢唱歌。,Wǒ hé jiějie dōu xǐhuan chànggē.
今天和明天都下雨。,Jīntiān hé míngtiān dōu xià yǔ.
这是你的手机吗？,Zhè shì nǐ de shǒujī ma?
她是我的好朋友。,Tā shì wǒ de hǎo péngyou.
今天我们学了十个汉字。,Jīntiān wǒmen xuéle shí ge hànzì.
我买了一些苹果。,Wǒ mǎile yìxiē píngguǒ.
我们走吧。,Wǒmen zǒu ba.
八点了，起床吧。,"Bā diǎn le, qǐchuáng ba."
她病了，在家休息呢。,"Tā bìng le, zài jiā xiūxi ne."
他是中国人吗？,Tā shì Zhōngguórén ma?
这个电影好看吗？,Zhège diànyǐng hǎokàn ma?
她正在学习呢1。,Tā zhèngzài xuéxí ne.
我是中国人，你呢2？,"Wǒ shì Zhōngguó rén, nǐ ne?"
A：你的手机呢3？,A: Nǐ de shǒujī ne?
B：我的手机在房间里。,B: Wǒ de shǒujī zài fángjiān lǐ.
喂，请问，李老师在吗？,"Wéi, qǐngwèn, Lǐ lǎoshī zài ma?"
喂，你去哪儿？,"Wèi, nǐ qù nǎr?"
哥哥姐姐、今天和明天、有没有,"Gēge jiějie, jīntiān hé míngtiān, yǒu méiyǒu"
好朋友、我的书包、很喜欢,"Hǎo péngyou, wǒ de shūbāo, hěn xǐhuan"
买东西、回学校、去公司,"Mǎi dōngxi, huí xuéxiào, qù gōngsī"
我们学习、孩子高兴、房间很大,"Wǒmen xuéxí, háizi gāoxìng, fángjiān hěn dà"
一杯、两个,"Yì bēi, liǎng ge"
在学校（学习）、对老师（说）、和朋友（说汉语）,"Zài xuéxiào (xuéxí), duì lǎoshī (shuō), hé péngyou (shuō Hànyǔ)"
桌子上、饭店里、椅子下边,"Zhuōzi shàng, fàndiàn lǐ, yǐzi xiàbian"
电影很好看。,Diànyǐng hěn hǎokàn.
她是老师。,Tā shì lǎoshī.
这本书多少钱？,Zhè běn shū duōshao qián?
明天星期三。,Míngtiān xīngqīsān.
那个饭店怎么样？,Nàge fàndiàn zěnmeyàng?
我今年十二，我哥哥十五。,"Wǒ jīnnián shí'èr, wǒ gēge shíwǔ."
这本书二十八块。,Zhè běn shū èrshíbā kuài.
老师来了。,Lǎoshī lái le.
哥哥去学校了。,Gēge qù xuéxiào le.
我的房间不大。,Wǒ de fángjiān bú dà.
这个菜很好吃。,Zhège cài hěn hǎochī.
我喝茶。,Wǒ hē chá.
明天我去找你。,Míngtiān wǒ qù zhǎo nǐ.
我吃了二十个饺子。,Wǒ chīle èrshí ge jiǎozi.
她不会唱中文歌。,Tā bú huì chàng Zhōngwén gē.
我的中文老师是中国人。,Wǒ de Zhōngwén lǎoshī shì Zhōngguórén.
我想买便宜的手机。,Wǒ xiǎng mǎi piányi de shǒujī.
桌子下边有一只小狗。,Zhuōzi xiàbian yǒu yì zhī xiǎo gǒu.
休息一下吧。,Xiūxi yí xià ba.
请问一下，医院在哪儿？,"Qǐngwèn yí xià, yīyuàn zài nǎr?"
我想看一下那件衣服。,Wǒ xiǎng kàn yí xià nà jiàn yīfu.
请写一下你的名字。,Qǐng xiě yí xià nǐ de míngzi.
我买了一个面包。,Wǒ mǎile yí ge miànbāo.
他今天不休息。,Tā jīntiān bù xiūxi.
今天天气很热。,Jīntiān tiānqì hěn rè.
你女儿真漂亮！,Nǐ nǚ'ér zhēn piàoliang!
今天星期一。,Jīntiān xīngqīyī.
现在十二点半。,Xiànzài shí'èr diǎn bàn.
对不起！,Duìbuqǐ!
下雨了。,Xià yǔ le.
她是我的朋友。,Tā shì wǒ de péngyou.
我不想吃面条儿。,Wǒ bù xiǎng chī miàntiáor.
他是中国人吗？,Tā shì Zhōngguórén ma?
他是哪国人？,Tā shì nǎ guó rén?
你想不想学中文？,Nǐ xiǎng bu xiǎng xué Zhōngwén?
你吃没吃晚饭？,Nǐ chī méi chī wǎnfàn?
同学们都来了没有？,Tóngxuémen dōu láile méiyǒu?
今天冷不冷？,Jīntiān lěng bu lěng?
您请坐。,Nín qǐng zuò.
走吧！,Zǒu ba!
请大家不要说话！,Qǐng dàjiā bú yào shuōhuà!
今天真冷啊！,Jīntiān zhēn lěng a!
太贵了！,Tài guì le!
我哥哥是大学生。,Wǒ gēge shì dàxuéshēng.
我有哥哥，没有姐姐。,"Wǒ yǒu gēge, méiyǒu jiějie."
前边是不是电影院？,Qiánbian shì bu shì diànyǐngyuàn?
超市后边是一家饭店。,Chāoshì hòubian shì yì jiā fàndiàn.
学校外边有一家书店。,Xuéxiào wàibian yǒu yì jiā shūdiàn.
桌子上有一本中文书。,Zhuōzi shàng yǒu yì běn Zhōngwén shū.
我来中国学汉语。,Wǒ lái Zhōngguó xué Hànyǔ.
晚上我们去电影院看电影。,Wǎnshang wǒmen qù diànyǐngyuàn kàn diànyǐng.
我坐飞机去上海。,Wǒ zuò fēijī qù Shànghǎi.
爸爸每天开车上班。,Bàba měitiān kāi chē shàng bān.
老师给我一本书。,Lǎoshī gěi wǒ yì běn shū.
我问你一个问题。,Wǒ wèn nǐ yí ge wèntí.
这是我哥哥，他学习中文。,"Zhè shì wǒ gēge, tā xuéxí Zhōngwén."
我有一个姐姐，没有妹妹。,"Wǒ yǒu yí ge jiějie, méiyǒu mèimei."
她今天生病了，不能上课。,"Tā jīntiān shēngbìng le, bù néng shàng kè."
上午去，下午去？你说。,"Shàngwǔ qù, xiàwǔ qù? Nǐ shuō."
我喜欢唱歌，我弟弟也喜欢唱歌。,"Wǒ xǐhuan chànggē, wǒ dìdi yě xǐhuan chànggē."
这家饭店的饺子很好吃，也很便宜。,"Zhè jiā fàndiàn de jiǎozi hěn hǎochī, yě hěn piányi."
这个房间很大，还很漂亮。,"Zhège fángjiān hěn dà, hái hěn piàoliang."
我会说英语，还会说汉语。,"Wǒ huì shuō Yīngyǔ, hái huì shuō Hànyǔ."
你学了多少个汉字？,Nǐ xuéle duōshao ge hànzì?
我买了一些苹果。,Wǒ mǎile yìxiē píngguǒ.
八点了，起床吧。,"Bā diǎn le, qǐchuáng ba."
她病了，在家休息呢。,"Tā bìng le, zài jiā xiūxi ne."
同学们在/正在上课。,Tóngxuémen zài/zhèngzài shàng kè.
王老师在/正在打电话呢。,Wáng lǎoshī zài/zhèngzài dǎ diànhuà ne.
我没看电视，学习呢。,"Wǒ méi kàn diànshì, xuéxí ne."
这本书二十四块（钱）。,Zhè běn shū èrshísì kuài (qián).
包子三块（钱）一个。,Bāozi sān kuài (qián) yí ge.
今天我们学习第六课。,Jīntiān wǒmen xuéxí dì liù kè.
第一本是我的书，第二本是她的书。,"Dì yī běn shì wǒ de shū, dì èr běn shì tā de shū."
2022年2月4日,Èr líng èr èr nián èr yuè sì rì
九月十五号、五月一日,"Jiǔ yuè shíwǔ hào, wǔ yuè yī rì"
星期一、星期二、星期三、星期四、星期五、星期六、星期日/星期天,"Xīngqīyī, xīngqī'èr, xīngqīsān, xīngqīsì, xīngqīwǔ, xīngqīliù, xīngqīrì/xīngqītiān"
两点、七点零五、九点二十（分）、十点半,"Liǎng diǎn, qī diǎn líng wǔ, jiǔ diǎn èrshí (fēn), shí diǎn bàn"
我想坐在教室前面。,Wǒ xiǎng zuò zài jiàoshì qiánmian.
你的书包里面有什么？,Nǐ de shūbāo lǐmian yǒu shénme?
学校后面有一家超市。,Xuéxiào hòumian yǒu yì jiā chāoshì.
左边那件多少钱？,Zuǒbian nà jiàn duōshao qián?
你右边那个人是谁？,Nǐ yòubian nàge rén shì shéi?
那本书能给我看看吗？,Nà běn shū néng gěi wǒ kànkan ma?
请大家说一说自己的爱好。,Qǐng dàjiā shuō yi shuō zìjǐ de àihào.
我尝了尝，觉得很好吃。,"Wǒ cháng le cháng, juéde hěn hǎochī."
喝杯茶，休息休息吧。,"Hē bēi chá, xiūxi xiūxi ba."
她可能回家了。,Tā kěnéng huí jiā le.
小猫可能在房间里。,Xiǎo māo kěnéng zài fángjiān lǐ.
你能帮我一个忙吗？,Nǐ néng bāng wǒ yí ge máng ma?
晚上一起去游游泳，运动一下吧。,"Wǎnshang yìqǐ qù yóuyou yǒng, yùndòng yíxià ba."
星期六的晚上，我喜欢和朋友们一起唱唱歌，跳跳舞。,"Xīngqīliù de wǎnshang, wǒ xǐhuan hé péngyoumen yìqǐ chàngchang gē, tiàotiao wǔ."
有时间你可以去外面跑跑步。,Yǒu shíjiān nǐ kěyǐ qù wàimian pǎopao bù.
他昨天为什么没来上课？,Tā zuótiān wèishénme méi lái shàng kè?
你为什么想学中文？,Nǐ wèishénme xiǎng xué Zhōngwén?
下午我有事，你自己去，可以吗？,"Xiàwǔ wǒ yǒu shì, nǐ zìjǐ qù, kěyǐ ma?"
他为什么学得那么好？,Tā wèishénme xué de nàme hǎo?
那样的事情经常有。,Nàyàng de shìqing jīngcháng yǒu.
这么多人，我们明天再来吧。,"Zhème duō rén, wǒmen míngtiān zài lái ba."
这个字这样写，对吗？,"Zhège zì zhèyàng xiě, duì ma?"
你每天怎么去学校？,Nǐ měitiān zěnme qù xuéxiào?
她高高的个子，大大的眼睛，非常漂亮。,"Tā gāogāo de gèzi, dàdà de yǎnjing, fēicháng piàoliang."
大家高高兴兴地回家了。,Dàjiā gāogāoxìngxìng de huí jiā le.
两万三千、五万零八百、好多东西、好多人、二十多年、五十多人,"Liǎngwàn sānqiān, wǔwàn líng bābǎi, hǎoduō dōngxi, hǎoduō rén, èrshí duō nián, wǔshí duō rén"
一条裤子、一位老师、一间教室、一名学生,"Yì tiáo kùzi, yí wèi lǎoshī, yì jiān jiàoshì, yì míng xuésheng"
一包衣服、一包书,"Yì bāo yīfu, yì bāo shū"
去一次、看一次,"Qù yí cì, kàn yí cì"
这只小狗多可爱啊！,Zhè zhī xiǎo gǒu duō kě'ài a!
这个教室好大啊！,Zhège jiàoshì hǎo dà a!
我最喜欢打篮球。,Wǒ zuì xǐhuan dǎ lánqiú.
晚上我们一起吃饭吧。,Wǎnshang wǒmen yìqǐ chī fàn ba.
一起去看电影，怎么样？,"Yìqǐ qù kàn diànyǐng, zěnmeyàng?"
他还没有起床呢。,Tā hái méiyǒu qǐchuáng ne.
张老师已经下班了。,Zhāng lǎoshī yǐjīng xià bān le.
我有时（候）去超市买东西。,Wǒ yǒu shí(hou) qù chāoshì mǎi dōngxi.
下雨了，快回家吧。,"Xià yǔ le, kuài huí jiā ba."
新年快要到了。,Xīnnián kuàiyào dào le.
我出来的时候，他正睡觉呢。,"Wǒ chūlái de shíhou, tā zhèng shuìjiào ne."
我不常坐地铁。,Wǒ bù cháng zuò dìtiě.
你经常上网买东西吗？,Nǐ jīngcháng shàngwǎng mǎi dōngxi ma?
下雨了，别出去了。,"Xià yǔ le, bié chūqù le."
别忘了，明天有考试。,"Bié wàng le, míngtiān yǒu kǎoshì."
我先休息一会儿再工作。,Wǒ xiān xiūxi yíhuìr zài gōngzuò.
你洗完手再吃水果。,Nǐ xǐwán shǒu zài chī shuǐguǒ.
因为身体不舒服，我就没去上课。,"Yīnwèi shēntǐ bù shūfu, wǒ jiù méi qù shàng kè."
他一到北京就去了长城。,Tā yí dào Běijīng jiù qùle Chángchéng.
都十二点了，快睡觉吧。,"Dōu shí'èr diǎn le, kuài shuìjiào ba."
车站就在那个饭馆旁边。,Chēzhàn jiù zài nàge fànguǎn pángbiān.
就买这件白色的吧。,Jiù mǎi zhè jiàn báisè de ba.
外边很冷，还是多穿一点儿吧。,"Wàibian hěn lěng, háishi duō chuān yìdiǎnr ba."
我们从八点到十二点上课。,Wǒmen cóng bā diǎn dào shí'èr diǎn shàng kè.
你从哪儿来？,Nǐ cóng nǎr lái?
你从这儿往前走。,Nǐ cóng zhèr wǎng qián zǒu.
从这儿往下看，真漂亮啊！,"Cóng zhèr wǎng xià kàn, zhēn piàoliang a!"
这路公交车不从学校门口过。,Zhè lù gōngjiāochē bù cóng xuéxiào ménkǒu guò.
前门没开，咱们从后门进去吧。,"Qiánmén méi kāi, zánmen cóng hòumén jìnqù ba."
我经常给爸爸妈妈打电话。,Wǒ jīngcháng gěi bàba māma dǎ diànhuà.
我给老师买了一杯咖啡。,Wǒ gěi lǎoshī mǎile yì bēi kāfēi.
今天比昨天热。,Jīntiān bǐ zuótiān rè.
我觉得红色的比黑色的好看。,Wǒ juéde hóngsè de bǐ hēisè de hǎokàn.
跟我说说你的爱好吧。,Gēn wǒ shuōshuo nǐ de àihào ba.
我跟他见过一次。,Wǒ gēn tā jiànguo yí cì.
因为中国电影，我开始学习中文。,"Yīnwèi Zhōngguó diànyǐng, wǒ kāishǐ xuéxí Zhōngwén."
爸爸跟妈妈都不在家。,Bàba gēn māma dōu bú zài jiā.
我跟哥哥都在中国上学。,Wǒ gēn gēge dōu zài Zhōngguó shàng xué.
这家饭馆的菜很好吃，但/但是有点儿贵。,"Zhè jiā fànguǎn de cài hěn hǎochī, dàn/dànshì yǒudiǎnr guì."
你不舒服，那就别去了。,"Nǐ bù shūfu, nà jiù bié qù le."
手机虽然不大，但/但是能帮我们做很多事。,"Shǒujī suīrán bú dà, dàn/dànshì néng bāng wǒmen zuò hěn duō shì."
你想喝茶还是喝咖啡？,Nǐ xiǎng hē chá háishi hē kāfēi?
因为我最近每天看手机，所以眼睛有点儿不舒服。,"Yīnwèi wǒ zuìjìn měitiān kàn shǒujī, suǒyǐ yǎnjing yǒudiǎnr bù shūfu."
他汉语说得很好。,Tā Hànyǔ shuō de hěn hǎo.
大家正在高兴地唱歌。,Dàjiā zhèngzài gāoxìng de chànggē.
你学过中文吗？,Nǐ xuéguo Zhōngwén ma?
我没去过北京。,Wǒ méi qùguo Běijīng.
他穿着一条黑色的裤子。,Tā chuānzhe yì tiáo hēisè de kùzi.
教室的门开着。,Jiàoshì de mén kāizhe.
他们唱着歌，跳着舞，非常高兴。,"Tāmen chàngzhe gē, tiàozhe wǔ, fēicháng gāoxìng."
她怎么不在家呢？,Tā zěnme bú zài jiā ne?
明天你想去哪儿呢？,Míngtiān nǐ xiǎng qù nǎr ne?
这是你的手机吧？,Zhè shì nǐ de shǒujī ba?
这么晚了，超市已经关门了吧？,"Zhème wǎn le, chāoshì yǐjīng guānmén le ba?"
我是去年九月来中国的。,Wǒ shì qùnián jiǔ yuè lái Zhōngguó de.
我们是在北京认识的。,Wǒmen shì zài Běijīng rènshi de.
他们是坐飞机去上海的。,Tāmen shì zuò fēijī qù Shànghǎi de.
今天的晚饭是我做的。,Jīntiān de wǎnfàn shì wǒ zuò de.
你汉语说得真好啊！,Nǐ Hànyǔ shuō de zhēn hǎo a!
听懂、回去、跑得很快、等一下,"Tīngdǒng, huíqù, pǎo de hěn kuài, děng yíxià"
老师的、白色的、便宜的、妈妈做的,"Lǎoshī de, báisè de, piányi de, māma zuò de"
来上课、去上海旅游、坐地铁去学校,"Lái shàng kè, qù Shànghǎi lǚyóu, zuò dìtiě qù xuéxiào"
请他来、叫朋友帮忙、让妈妈洗衣服,"Qǐng tā lái, jiào péngyou bāngmáng, ràng māma xǐ yīfu"
新电脑、老师的书、火车票、一个男孩、两条、这间,"Xīn diànnǎo, lǎoshī de shū, huǒchēpiào, yí ge nánhái, liǎng tiáo, zhè jiān"
写汉字、听懂、回去、经常上网、可以进去,"Xiě Hànzì, tīngdǒng, huíqù, jīngcháng shàngwǎng, kěyǐ jìnqù"
很累、非常忙、慢一点儿,"Hěn lèi, fēicháng máng, màn yìdiǎnr"
他喜欢唱歌、跳舞什么的。,"Tā xǐhuan chànggē, tiàowǔ shénme de."
足球、篮球什么的，我都喜欢。,"Zúqiú, lánqiú shénme de, wǒ dōu xǐhuan."
这些菜我都没吃过，还是你点吧。,"Zhèxiē cài wǒ dōu méi chīguo, háishi nǐ diǎn ba."
你还是去医院看看吧。,Nǐ háishi qù yīyuàn kànkan ba.
电影要开始了。,Diànyǐng yào kāishǐ le.
我们快要开学了。,Wǒmen kuàiyào kāixué le.
下星期就要考试了。,Xià xīngqī jiù yào kǎoshì le.
都这么晚了，你怎么还不睡觉？,"Dōu zhème wǎn le, nǐ zěnme hái bú shuìjiào?"
都十一点了，别看电视了。,"Dōu shíyī diǎn le, bié kàn diànshì le."
水果都吃完了。,Shuǐguǒ dōu chīwán le.
那本书我看过了。,Nà běn shū wǒ kànguo le.
她高个子、大眼睛，很漂亮。,"Tā gāo gèzi, dà yǎnjing, hěn piàoliang."
王老师上海人，四十多岁。,"Wáng lǎoshī Shànghǎi rén, sìshí duō suì."
那个唱歌的女孩儿是谁？,Nàge chànggē de nǚháir shì shéi?
这就是儿子我学习汉语的学校。,Zhè jiùshì érzi wǒ xuéxí Hànyǔ de xuéxiào.
我还不知道电影开始的时间。,Wǒ hái bù zhīdao diànyǐng kāishǐ de shíjiān.
这个字你写错了。,Zhège zì nǐ xiěcuò le.
老师的话你听懂了吗？,Lǎoshī de huà nǐ tīngdǒng le ma?
衣服已经洗好了。,Yīfu yǐjīng xǐhǎo le.
我学会游泳了。,Wǒ xuéhuì yóuyǒng le.
题太多了，我没做完。,"Tí tài duō le, wǒ méi zuòwán."
你上来吧，我在楼上等你。,"Nǐ shànglái ba, wǒ zài lóushàng děng nǐ."
太晚了，你快回去吧。,"Tài wǎn le, nǐ kuài huíqù ba."
飞机飞上天了。,Fēijī fēishàng tiān le.
弟弟跑下楼了。,Dìdi pǎoxià lóu le.
老师走进办公室了。,Lǎoshī zǒujìn bàngōngshì le.
他从包里拿出一本书。,Tā cóng bāo lǐ náchū yì běn shū.
我们一起走回学校吧。,Wǒmen yìqǐ zǒuhuí xuéxiào ba.
车开过来了，大家快上车。,"Chē kāiguòlai le, dàjiā kuài shàng chē."
她在那边等着呢，咱们走过去吧。,"Tā zài nàbian děngzhe ne, zánmen zǒuguòqu ba."
他从书包里拿出来一本中文书。,Tā cóng shūbāo lǐ náchūlai yì běn Zhōngwén shū.
妈妈从超市买回来一些水果。,Māma cóng chāoshì mǎihuílai yìxiē shuǐguǒ.
王老师我走进教室来了。,Wáng lǎoshī wǒ zǒujìn jiàoshì lái le.
咱们的车能开进学校去吗？,Zánmen de chē néng kāijìn xuéxiào qù ma?
你可以站起来吗？,Nǐ kěyǐ zhànqǐlai ma?
他们怎么还没有走上来？,Tāmen zěnme hái méiyǒu zǒushànglai?
你在楼上等我，我给你送上去。,"Nǐ zài lóushàng děng wǒ, wǒ gěi nǐ sòngshàngqu."
他们从山上走下来了。,Tāmen cóng shān shàng zǒuxiàlai le.
这些东西你帮我拿下去吧。,Zhèxiē dōngxi nǐ bāng wǒ náxiàqu ba.
大家玩儿得很高兴。,Dàjiā wánr de hěn gāoxìng.
他篮球打得很好。,Tā lánqiú dǎ de hěn hǎo.
我学了两年中文了。,Wǒ xuéle liǎng nián Zhōngwén le.
我等了她一个多小时。,Wǒ děngle tā yí ge duō xiǎoshí.
他们昨天看了一晚上的电视。,Tāmen zuótiān kànle yì wǎnshang de diànshì.
坐地铁比坐公交车快一些。,Zuò dìtiě bǐ zuò gōngjiāochē kuài yìxiē.
我哥哥比我大两岁。,Wǒ gēge bǐ wǒ dà liǎng suì.
她个子很高。,Tā gèzi hěn gāo.
这件事我知道。,Zhè jiàn shì wǒ zhīdao.
是我自己去，还是你跟我一起去？,"Shì wǒ zìjǐ qù, háishi nǐ gēn wǒ yìqǐ qù?"
你喜欢打篮球，还是喜欢踢足球？,"Nǐ xǐhuan dǎ lánqiú, háishi xǐhuan tī zúqiú?"
下雨了，别出去了。,"Xià yǔ le, bié chūqù le."
别忘了，明天有考试。,"Bié wàng le, míngtiān yǒu kǎoshì."
那件衣服是新的。,Nà jiàn yīfu shì xīn de.
这个手机是坏的，不能用。,"Zhège shǒujī shì huài de, bù néng yòng."
王老师有三十岁吗？,Wáng lǎoshī yǒu sānshí suì ma?
这些水果有一百块钱吗？,Zhèxiē shuǐguǒ yǒu yìbǎi kuài qián ma?
门口站着一个人。,Ménkǒu zhànzhe yí ge rén.
教室里坐着十几个学生。,Jiàoshì lǐ zuòzhe shí jǐ ge xuésheng.
姐姐比我高。,Jiějie bǐ wǒ gāo.
公交车比地铁便宜。,Gōngjiāochē bǐ dìtiě piányi.
哥哥比我大两岁。,Gēge bǐ wǒ dà liǎng suì.
咖啡比奶茶贵一点儿。,Kāfēi bǐ nǎichá guì yìdiǎnr.
今天比昨天冷多了。,Jīntiān bǐ zuótiān lěng duō le.
姐姐的个子比妹妹高得多。,Jiějie de gèzi bǐ mèimei gāo de duō.
你有他高吗？,Nǐ yǒu tā gāo ma?
今天没有昨天（那么）冷。,Jīntiān méiyǒu zuótiān (nàme) lěng.
我的汉语没有你（这么）好。,Wǒ de Hànyǔ méiyǒu nǐ (zhème) hǎo.
她比我说得好。,Tā bǐ wǒ shuō de hǎo.
我跑得比弟弟快。,Wǒ pǎo de bǐ dìdi kuài.
我是去年九月来中国的。,Wǒ shì qùnián jiǔ yuè lái Zhōngguó de.
我们是在北京认识的。,Wǒmen shì zài Běijīng rènshi de.
他们是坐飞机去上海的。,Tāmen shì zuò fēijī qù Shànghǎi de.
今天的晚饭是我做的。,Jīntiān de wǎnfàn shì wǒ zuò de.
妈妈叫我去超市买水果。,Māma jiào wǒ qù chāoshì mǎi shuǐguǒ.
我想请老师教我中文。,Wǒ xiǎng qǐng lǎoshī jiāo wǒ Zhōngwén.
老师让我们介绍一下自己的爱好。,Lǎoshī ràng wǒmen jièshào yíxià zìjǐ de àihào.
爸爸送给我一个新手机。,Bàba sònggěi wǒ yí ge xīn shǒujī.
他卖给我一本中文书。,Tā màigěi wǒ yì běn Zhōngwén shū.
你（是）喝茶，还是喝咖啡？,"Nǐ (shì) hē chá, háishi hē kāfēi?"
你（是）喜欢白色的，还是黑色的？,"Nǐ (shì) xǐhuan báisè de, háishi hēisè de?"
虽然学习的时间不长，但是他汉语说得很好。,"Suīrán xuéxí de shíjiān bù cháng, dànshì tā Hànyǔ shuō de hěn hǎo."
学汉语虽然难，但是很有意思。,"Xué Hànyǔ suīrán nán, dànshì hěn yǒuyìsi."
因为机票太贵了，所以我准备坐火车去。,"Yīnwèi jīpiào tài guì le, suǒyǐ wǒ zhǔnbèi zuò huǒchē qù."
因为我爸爸在中国工作，所以我来这儿学习中文。,"Yīnwèi wǒ bàba zài Zhōngguó gōngzuò, suǒyǐ wǒ lái zhèr xuéxí Zhōngwén."
他一下课就去打篮球了。,Tā yí xià kè jiù qù dǎ lánqiú le.
我一到商场就想买东西。,Wǒ yí dào shāngchǎng jiù xiǎng mǎi dōngxi.
门开着，你进去吧。,"Mén kāizhe, nǐ jìnqù ba."
别站着，快请坐。,"Bié zhànzhe, kuài qǐng zuò."
他们正吃着饭呢。,Tāmen zhèng chīzhe fàn ne.
教室里正上着课呢。,Jiàoshì lǐ zhèng shàngzhe kè ne.
你学过中文吗？,Nǐ xuéguo Zhōngwén ma?
我没去过北京。,Wǒ méi qùguo Běijīng.
我的房间在三楼。,Wǒ de fángjiān zài sān lóu.
你可以坐304路公交车。,Nǐ kěyǐ zuò sān líng sì lù gōngjiāochē.
这几件衣服你帮我洗一下。,Zhè jǐ jiàn yīfu nǐ bāng wǒ xǐ yíxià.
我们学校有几百名外国学生。,Wǒmen xuéxiào yǒu jǐbǎi míng wàiguó xuésheng.
教室里有二十多个学生。,Jiàoshì lǐ yǒu èrshí duō ge xuésheng.
那个手机五千多块钱。,Nàge shǒujī wǔqiān duō kuài qián.
我来中国已经三年多了。,Wǒ lái Zhōngguó yǐjīng sān nián duō le.
王老师的儿子今年六岁多了。,Wáng lǎoshī de érzi jīnnián liù suì duō le.
这家饭店的经理老李是我的朋友。,Zhè jiā fàndiàn de jīnglǐ Lǎo Lǐ shì wǒ de péngyou.
你听说过这个画家吗？,Nǐ tīngshuōguo zhège huàjiā ma?
屋子有点儿小，可是很干净。,"Wūzi yǒudiǎnr xiǎo, kěshì hěn gānjìng."
她以前是一名羽毛球运动员。,Tā yǐqián shì yì míng yǔmáoqiú yùndòngyuán.
我听说北方的冬天很冷。,Wǒ tīngshuō běifāng de dōngtiān hěn lěng.
中国的北方和南方我都去过。,Zhōngguó de běifāng hé nánfāng wǒ dōu qùguo.
你们两个人中间的那个人是谁？,Nǐmen liǎng ge rén zhōngjiān de nàge rén shì shéi?
东方人和西方人的生活习惯不太一样。,Dōngfāngrén hé xīfāngrén de shēnghuó xíguàn bú tài yíyàng.
从这儿过去，大概需要多长时间？,"Cóng zhèr guòqù, dàgài xūyào duō cháng shíjiān?"
医生说我感冒了，需要吃药。,"Yīshēng shuō wǒ gǎnmào le, xūyào chī yào."
已经十一点了，你该睡觉了。,"Yǐjīng shíyī diǎn le, nǐ gāi shuìjiào le."
你学了一天了，该休息休息了。,"Nǐ xuéle yì tiān le, gāi xiūxi xiūxi le."
我们应该多练习说中文。,Wǒmen yīnggāi duō liànxí shuō Zhōngwén.
我要去动物园，应该怎么坐车呢？,"Wǒ yào qù dòngwùyuán, yīnggāi zěnme zuò chē ne?"
你愿意帮我学习汉语吗？,Nǐ yuànyì bāng wǒ xuéxí Hànyǔ ma?
我很愿意参加这次汉语比赛。,Wǒ hěn yuànyì cānjiā zhè cì Hànyǔ bǐsài.
要上课了，咱们得快点儿走。,"Yào shàng kè le, zánmen děi kuài diǎnr zǒu."
我明天有考试，今天得认真复习。,"Wǒ míngtiān yǒu kǎoshì, jīntiān děi rènzhēn fùxí."
我放了假就准备去旅游。,Wǒ fàngle jià jiù zhǔnbèi qù lǚyóu.
我们已经很长时间没见过面了。,Wǒmen yǐjīng hěn cháng shíjiān méi jiànguo miàn le.
结了婚以后，你还打算工作吗？,"Jiéle hūn yǐhòu, nǐ hái dǎsuàn gōngzuò ma?"
你先去洗个澡，休息一会儿。,"Nǐ xiān qù xǐ ge zǎo, xiūxi yíhuìr."
我打不开这瓶水，你能帮帮我吗？,"Wǒ dǎbukāi zhè píng shuǐ, nǐ néng bāngbang wǒ ma?"
黑板上的字你看得见吗？,Hēibǎn shàng de zì nǐ kàndejiàn ma?
他已经离不开这个地方了。,Tā yǐjīng líbukāi zhège dìfang le.
今天的作业我可能完不成了。,Jīntiān de zuòyè wǒ kěnéng wánbuchéng le.
我的中文越来越好，跟老师的帮助是分不开的。,"Wǒ de Zhōngwén yuèláiyuè hǎo, gēn lǎoshī de bāngzhù shì fēnbukāi de."
怎样才能学好中文呢？,Zěnyàng cái néng xuéhǎo Zhōngwén ne?
他是怎样一个人？,Tā shì zěnyàng yí ge rén?
这次旅行谁都可以参加。,Zhè cì lǚxíng shéi dōu kěyǐ cānjiā.
我最近感冒了，哪儿都没去。,"Wǒ zuìjìn gǎnmào le, nǎr dōu méi qù."
谁感兴趣谁就去参加。,Shéi gǎn xìngqù shéi jiù qù cānjiā.
你想吃什么就点什么吧。,Nǐ xiǎng chī shénme jiù diǎn shénme ba.
我好像在哪儿见过她。,Wǒ hǎoxiàng zài nǎr jiànguo tā.
你先吃点儿什么再走吧。,Nǐ xiān chī diǎnr shénme zài zǒu ba.
我下周搬家，想请谁来帮帮忙。,"Wǒ xià zhōu bānjiā, xiǎng qǐng shéi lái bāngbangmáng."
咱们哪天一起去踢足球吧。,Zánmen nǎ tiān yìqǐ qù tī zúqiú ba.
我不太清楚，你问问别人吧。,"Wǒ bú tài qīngchu, nǐ wènwen biéren ba."
别人能学好，我也一定能学好。,"Biéren néng xuéhǎo, wǒ yě yídìng néng xuéhǎo."
咱们明天一起去动物园，怎么样？,"Zánmen míngtiān yìqǐ qù dòngwùyuán, zěnmeyàng?"
要迟到了，咱们快走吧。,"Yào chídào le, zánmen kuài zǒu ba."
除了北京，你还去过别的城市吗？,"Chúle Běijīng, nǐ hái qùguo bié de chéngshì ma?"
我喜欢学习别的国家的语言和文化。,Wǒ xǐhuan xuéxí bié de guójiā de yǔyán hé wénhuà.
其他同学都回国了，只有我还在中国。,"Qítā tóngxué dōu huí guó le, zhǐyǒu wǒ hái zài Zhōngguó."
除了看足球比赛，你还有其他爱好吗？,"Chúle kàn zúqiú bǐsài, nǐ hái yǒu qítā àihào ma?"
下雨了，记得带一把伞。,"Xià yǔ le, jìde dài yì bǎ sǎn."
我在网上买了两双鞋。,Wǒ zài wǎngshàng mǎile liǎng shuāng xié.
桌子上放着几张照片。,Zhuōzi shàng fàngzhe jǐ zhāng zhàopiàn.
这里有多少种水果？,Zhèlǐ yǒu duōshao zhǒng shuǐguǒ?
我们的教室在四层。,Wǒmen de jiàoshì zài sì céng.
我想给我的爸爸妈妈写一封信。,Wǒ xiǎng gěi wǒ de bàba māma xiě yì fēng xìn.
请大家打开书，第五页。,"Qǐng dàjiā dǎkāi shū, dì wǔ yè."
那辆黑色的自行车是我的。,Nà liàng hēisè de zìxíngchē shì wǒ de.
我每周都有一节中文课。,Wǒ měi zhōu dōu yǒu yì jié Zhōngwén kè.
这个城市一共有三所大学。,Zhège chéngshì yígòng yǒu sān suǒ dàxué.
咱们坐下一班地铁走吧。,Zánmen zuò xià yì bān dìtiě zǒu ba.
请大家用这些词写一段话。,Qǐng dàjiā yòng zhèxiē cí xiě yí duàn huà.
爷爷家里养了十几头牛。,Yéye jiā lǐ yǎngle shí jǐ tóu niú.
这句话是什么意思？,Zhè jù huà shì shénme yìsi?
苹果多少钱一斤/公斤？,Píngguǒ duōshao qián yì jīn/gōngjīn?
这些一共八块五角（毛）钱。,Zhèxiē yígòng bā kuài wǔ jiǎo (máo) qián.
现在八点一刻。,Xiànzài bā diǎn yí kè.
我哥哥身高一米八五。,Wǒ gēge shēngāo yì mǐ bā wǔ.
我要一碗面条和一碗米饭。,Wǒ yào yì wǎn miàntiáo hé yì wǎn mǐfàn.
中午我在食堂吃了一盘饺子。,Zhōngwǔ wǒ zài shítáng chīle yì pán jiǎozi.
他喝了一口茶，然后开始工作。,"Tā hēle yì kǒu chá, ránhòu kāishǐ gōngzuò."
我已经说过好几回了，但他还是不记得。,"Wǒ yǐjīng shuōguo hǎo jǐ huí le, dàn tā háishi bú jìde."
对不起，我没听懂，请再说一遍。,"Duìbuqǐ, wǒ méi tīngdǒng, qǐng zài shuō yí biàn."
她跟我说了一声“谢谢”就走了。,"Tā gēn wǒ shuōle yì shēng ""xièxie"" jiù zǒu le."
这些苹果个个都很大。,Zhèxiē píngguǒ gègè dōu hěn dà.
他画的画，张张都很漂亮。,"Tā huà de huà, zhāngzhāng dōu hěn piàoliang."
这本书的内容比较简单，我读得很快。,"Zhè běn shū de nèiróng bǐjiào jiǎndān, wǒ dú de hěn kuài."
外面太热了，屋子里还凉快一些。,"Wàimian tài rè le, wūzi lǐ hái liángkuai yìxiē."
搬家以后，我们的生活更方便了。,"Bānjiā yǐhòu, wǒmen de shēnghuó gèng fāngbiàn le."
我弟弟特别喜欢看足球比赛。,Wǒ dìdi tèbié xǐhuan kàn zúqiú bǐsài.
多穿点儿衣服，外面挺冷的。,"Duō chuān diǎnr yīfu, wàimian tǐng lěng de."
孩子这么晚还没回来，妈妈心里有些着急。,"Háizi zhème wǎn hái méi huílái, māma xīnli yǒuxiē zháojí."
冬天快要到了，天气越来越冷了。,"Dōngtiān kuàiyào dào le, tiānqì yuèláiyuè lěng le."
我对中国历史极有兴趣。,Wǒ duì Zhōngguó lìshǐ jí yǒu xìngqù.
他工作特别忙，周末极少休息。,"Tā gōngzuò tèbié máng, zhōumò jí shǎo xiūxi."
我就要两斤苹果，不要别的。,"Wǒ jiù yào liǎng jīn píngguǒ, bú yào bié de."
办公室里就张老师一个人。,Bàngōngshì lǐ jiù Zhāng lǎoshī yí ge rén.
你跟我一块儿去图书馆，好吗？,"Nǐ gēn wǒ yíkuàir qù túshūguǎn, hǎo ma?"
我们经常一块儿踢足球。,Wǒmen jīngcháng yíkuàir tī zúqiú.
你们班一共有多少留学生？,Nǐmen bān yígòng yǒu duōshao liúxuéshēng?
这些水果一共多少钱？,Zhèxiē shuǐguǒ yígòng duōshao qián?
我只有一个哥哥，没有弟弟妹妹。,"Wǒ zhǐyǒu yí ge gēge, méiyǒu dìdi mèimei."
她只说了自己的名字，没说别的。,"Tā zhǐ shuōle zìjǐ de míngzi, méi shuō bié de."
公园里到处都是锻炼身体的老人。,Gōngyuán lǐ dàochù dōu shì duànliàn shēntǐ de lǎorén.
她只是笑了笑，一句话也没说。,"Tā zhǐshì xiàole xiào, yí jù huà yě méi shuō."
他才到家，还没有吃饭呢。,"Tā cái dào jiā, hái méiyǒu chī fàn ne."
我才搬来北京，还不太习惯这里的生活,"Wǒ cái bānlái Běijīng, hái bú tài xíguàn zhèlǐ de shēnghuó"
请等一下，我马上来。,"Qǐng děng yí xià, wǒ mǎshàng lái."
接了电话，她马上就跑出去了。,"Jiēle diànhuà, tā mǎshàng jiù pǎochūqu le."
你先走吧，我还有工作要做。,"Nǐ xiān zǒu ba, wǒ hái yǒu gōngzuò yào zuò."
我想先洗个澡，然后再写作业。,"Wǒ xiǎng xiān xǐ ge zǎo, ránhòu zài xiě zuòyè."
最近天气变化很快，一会儿阴，一会儿晴。,"Zuìjìn tiānqì biànhuà hěn kuài, yíhuìr yīn, yíhuìr qíng."
他刚开始学汉语，说得还不太好。,"Tā gāng kāishǐ xué Hànyǔ, shuō de hái bú tài hǎo."
报纸是早上刚送来的。,Bàozhǐ shì zǎoshang gāng sònglái de.
刚刚还是晴天，怎么突然下雨了？,"Gānggāng hái shì qíngtiān, zěnme tūrán xià yǔ le?"
他不在，刚刚出去。,"Tā bú zài, gānggāng chūqù."
我一直都住在北京。,Wǒ yìzhí dōu zhù zài Běijīng.
别出去了，外面一直在下雨。,"Bié chūqù le, wàimian yìzhí zài xià yǔ."
一到冬天，孩子就总生病。,"Yí dào dōngtiān, háizi jiù zǒng shēngbìng."
上学的时候，我总是让爸爸开车送我。,"Shàng xué de shíhou, wǒ zǒngshì ràng bàba kāi chē sòng wǒ."
那个电影太有意思了，我昨天又看了一遍。,"Nàge diànyǐng tài yǒuyìsi le, wǒ zuótiān yòu kànle yí biàn."
下课以后，我常常去体育馆打篮球。,"Xià kè yǐhòu, wǒ chángcháng qù tǐyùguǎn dǎ lánqiú."
孩子们高兴地一边唱歌一边跳舞。,Háizimen gāoxìng de yìbiān chànggē yìbiān tiàowǔ.
我想找一个工作，一边工作一边学习。,"Wǒ xiǎng zhǎo yí ge gōngzuò, yìbiān gōngzuò yìbiān xuéxí."
他大概已经回家了。,Tā dàgài yǐjīng huí jiā le.
你们学校大概有多少留学生？,Nǐmen xuéxiào dàgài yǒu duōshao liúxuéshēng?
我必须做完才能下班。,Wǒ bìxū zuòwán cái néng xià bān.
老师要求我们必须每天复习。,Lǎoshī yāoqiú wǒmen bìxū měitiān fùxí.
我学习中文差不多三年了。,Wǒ xuéxí Zhōngwén chàbuduō sān nián le.
我跟哥哥差不多高。,Wǒ gēn gēge chàbuduō gāo.
放心，我一定不会迟到。,"Fàngxīn, wǒ yídìng bú huì chídào."
我明天不一定有时间。,Wǒ míngtiān bù yídìng yǒu shíjiān.
她好像没有明白我的意思。,Tā hǎoxiàng méiyǒu míngbai wǒ de yìsi.
我好像在哪里见过她。,Wǒ hǎoxiàng zài nǎlǐ jiànguo tā.
他几乎每天都去图书馆学习。,Tā jīhū měitiān dōu qù túshūguǎn xuéxí.
他太忙了，几乎没有时间休息。,"Tā tài máng le, jīhū méiyǒu shíjiān xiūxi."
我当然愿意帮助你。,Wǒ dāngrán yuànyì bāngzhù nǐ.
当然没问题，欢迎你参加。,"Dāngrán méi wèntí, huānyíng nǐ cānjiā."
这个问题其实不难。,Zhège wèntí qíshí bù nán.
我以为他回国了，其实他一直在中国。,"Wǒ yǐwéi tā huí guó le, qíshí tā yìzhí zài Zhōngguó."
经过一年多的努力，工作终于完成了。,"Jīngguò yì nián duō de nǔlì, gōngzuò zhōngyú wánchéng le."
考试终于都结束了，我太开心了。,"Kǎoshì zhōngyú dōu jiéshù le, wǒ tài kāixīn le."
课文有点儿难，我读了三遍才2明白。,"Kèwén yǒudiǎnr nán, wǒ dúle sān biàn cái míngbai."
这些旧书才3卖了二十多块钱。,Zhèxiē jiù shū cái màile èrshí duō kuài qián.
她今天六点半就起床了。,Tā jīntiān liù diǎn bàn jiù qǐchuáng le.
这个句子不难，我听一遍就懂了。,"Zhège jùzi bù nán, wǒ tīng yí biàn jiù dǒng le."
你可以用手机买票，不必去车站，非常方便。,"Nǐ kěyǐ yòng shǒujī mǎi piào, búbì qù chēzhàn, fēicháng fāngbiàn."
不用担心，我们帮你一起准备。,"Búyòng dānxīn, wǒmen bāng nǐ yìqǐ zhǔnbèi."
生日快乐，这是我为你做的蛋糕。,"Shēngrì kuàilè, zhè shì wǒ wèi nǐ zuò de dàngāo."
大家为这次比赛做了很多准备。,Dàjiā wèi zhè cì bǐsài zuòle hěn duō zhǔnbèi.
如果你不能去上课，应该向老师请假。,"Rúguǒ nǐ bù néng qù shàng kè, yīnggāi xiàng lǎoshī qǐngjià."
老师让我们向她学习。,Lǎoshī ràng wǒmen xiàng tā xuéxí.
关于这个问题，我们还需要认真讨论。,"Guānyú zhège wèntí, wǒmen hái xūyào rènzhēn tǎolùn."
关于比赛的时间，我明天一定告诉大家。,"Guānyú bǐsài de shíjiān, wǒ míngtiān yídìng gàosu dàjiā."
他向门口走去，好像准备离开。,"Tā xiàng ménkǒu zǒuqù, hǎoxiàng zhǔnbèi líkāi."
老师让大家看向前边。,Lǎoshī ràng dàjiā kànxiàng qiánbian.
为了身体健康，我们应该坚持锻炼。,"Wèile shēntǐ jiànkāng, wǒmen yīnggāi jiānchí duànliàn."
妈妈经常为了工作睡得很晚。,Māma jīngcháng wèile gōngzuò shuì de hěn wǎn.
大家都为我的好成绩感到高兴。,Dàjiā dōu wèi wǒ de hǎo chéngjì gǎndào gāoxìng.
同学们都在为下个星期的考试做准备。,Tóngxuémen dōu zài wèi xià ge xīngqī de kǎoshì zuò zhǔnbèi.
你把箱子放在这儿吧。,Nǐ bǎ xiāngzi fàng zài zhèr ba.
我的自行车被朋友借走了。,Wǒ de zìxíngchē bèi péngyou jièzǒu le.
大家可以根据兴趣选择自己喜欢的运动。,Dàjiā kěyǐ gēnjù xìngqù xuǎnzé zìjǐ xǐhuan de yùndòng.
根据要求，我们必须参加明天的会议。,"Gēnjù yāoqiú, wǒmen bìxū cānjiā míngtiān de huìyì."
我喝茶或/或者咖啡都可以。,Wǒ hē chá huò/huòzhě kāfēi dōu kěyǐ.
我们可以打车或/或者坐地铁去。,Wǒmen kěyǐ dǎ chē huò/huòzhě zuò dìtiě qù.
只有大家一起想办法，才能解决这个问题。,"Zhǐyǒu dàjiā yìqǐ xiǎng bànfǎ, cái néng jiějué zhège wèntí."
只要你想学，就一定能学好。,"Zhǐyào nǐ xiǎng xué, jiù yídìng néng xuéhǎo."
我不但学习了中文，而且认识了很多新朋友。,"Wǒ búdàn xuéxíle Zhōngwén, érqiě rènshile hěn duō xīn péngyou."
如果你有时间，我想请你参加我的生日晚会。,"Rúguǒ nǐ yǒu shíjiān, wǒ xiǎng qǐng nǐ cānjiā wǒ de shēngrì wǎnhuì."
她特别想来中国看看，可一直没有合适的机会。,"Tā tèbié xiǎng lái Zhōngguó kànkan, kě yìzhí méiyǒu héshì de jīhuì."
我很早就到了机场，可是没想到飞机晚点了。,"Wǒ hěn zǎo jiù dàole jīchǎng, kěshì méi xiǎngdào fēijī wǎndiǎn le."
你先去那边买票，然后过来找我。,"Nǐ xiān qù nàbian mǎi piào, ránhòu guòlái zhǎo wǒ."
你喜欢的话，就送给你吧。,"Nǐ xǐhuan dehuà, jiù sònggěi nǐ ba."
如果明天下雨的话，我们就不去爬山了。,"Rúguǒ míngtiān xià yǔ dehuà, wǒmen jiù bú qù páshān le."
首都北京、她一个人、我们学生,"Shǒudū Běijīng, tā yí ge rén, wǒmen xuésheng"
漂亮极了、累坏了、看不懂、写得完,"Piàoliang jíle, lèihuài le, kànbudǒng, xiědewán"
工作要一步一步地做。,Gōngzuò yào yí bù yí bù de zuò.
老师一句一句地教我们读课文。,Lǎoshī yí jù yí jù de jiāo wǒmen dú kèwén.
这件衣服不大不小，特别合适。,"Zhè jiàn yīfu bú dà bù xiǎo, tèbié héshì."
最近天气不冷不热，很舒服。,"Zuìjìn tiānqì bù lěng bú rè, hěn shūfu."
不一会儿，张校长就来了。,"Bù yíhuìr, Zhāng xiàozhǎng jiù lái le."
时间不一会儿就过去了。,Shíjiān bù yíhuìr jiù guòqù le.
电梯坏了，看来咱们只能走楼梯了。,"Diàntī huài le, kànlái zánmen zhǐ néng zǒu lóutī le."
这么晚了，看来他今天不会来了。,"Zhème wǎn le, kànlái tā jīntiān bú huì lái le."
在同事们看来，她对工作非常认真。,"Zài tóngshìmen kànlái, tā duì gōngzuò fēicháng rènzhēn."
在我看来，坚持读书是一种很好的习惯。,"Zài wǒ kànlái, jiānchí dúshū shì yì zhǒng hěn hǎo de xíguàn."
听说学习中文的年轻人越来越多。,Tīngshuō xuéxí Zhōngwén de niánqīngrén yuèláiyuè duō.
我越来越习惯这里的生活了。,Wǒ yuèláiyuè xíguàn zhèlǐ de shēnghuó le.
这些菜看起来都很好吃。,Zhèxiē cài kànqǐlai dōu hěn hǎochī.
那个新来的老师看起来很年轻。,Nàge xīn lái de lǎoshī kànqǐlai hěn niánqīng.
这道题看上去很难，其实很简单。,"Zhè dào tí kànshàngqu hěn nán, qíshí hěn jiǎndān."
她看上去不像五十多岁的人。,Tā kànshàngqu bú xiàng wǔshí duō suì de rén.
一般来说，早上锻炼身体比较好。,"Yìbān lái shuō, zǎoshang duànliàn shēntǐ bǐjiào hǎo."
一般来说，学习外语需要多练习。,"Yìbān lái shuō, xuéxí wàiyǔ xūyào duō liànxí."
我觉得这些照片照得不怎么样。,Wǒ juéde zhèxiē zhàopiàn zhào de bù zěnmeyàng.
虽然考试前我复习了很长时间，但是成绩不怎么样。,"Suīrán kǎoshì qián wǒ fùxíle hěn cháng shíjiān, dànshì chéngjì bù zěnmeyàng."
除了看新闻（以外），人们还/也可以在网上看电影、买东西。,"Chúle kàn xīnwén (yǐwài), rénmen hái/yě kěyǐ zài wǎngshàng kàn diànyǐng, mǎi dōngxi."
除了北京（以外），别的城市我都没去过。,"Chúle Běijīng (yǐwài), bié de chéngshì wǒ dōu méi qùguo."
从那天起，我们就变成了好朋友。,"Cóng nà tiān qǐ, wǒmen jiù biànchéngle hǎo péngyou."
从现在起，我一定要努力学习。,"Cóng xiànzài qǐ, wǒ yídìng yào nǔlì xuéxí."
对他来说，这个机会非常重要。,"Duì tā lái shuō, zhège jīhuì fēicháng zhòngyào."
对我来说，学习汉语很有意思。,"Duì wǒ lái shuō, xuéxí Hànyǔ hěn yǒuyìsi."
来中国以前，我一句汉语也不会说。,"Lái Zhōngguó yǐqián, wǒ yí jù Hànyǔ yě bú huì shuō."
你说的这些地方我一个都没去过。,Nǐ shuō de zhèxiē dìfang wǒ yí ge dōu méi qùguo.
快要考试了，你怎么一点儿也不着急？,"Kuàiyào kǎoshì le, nǐ zěnme yìdiǎnr yě bù zháojí?"
今天天气很好，一点儿也不冷。,"Jīntiān tiānqì hěn hǎo, yìdiǎnr yě bù lěng."
我想认识中国朋友，越多越好。,"Wǒ xiǎng rènshi Zhōngguó péngyou, yuè duō yuè hǎo."
医生让我多休息，休息得越多，好得越快。,"Yīshēng ràng wǒ duō xiūxi, xiūxi de yuè duō, hǎo de yuè kuài."
考试以前，你一定要认真复习。,"Kǎoshì yǐqián, nǐ yídìng yào rènzhēn fùxí."
来到中国以后，我慢慢习惯了这里的生活。,"Láidào Zhōngguó yǐhòu, wǒ mànmàn xíguànle zhèlǐ de shēnghuó."
睡觉前别忘记吃药。,Shuìjiào qián bié wàngjì chī yào.
放学后，我要参加留学生篮球比赛。,"Fàng xué hòu, wǒ yào cānjiā liúxuéshēng lánqiú bǐsài."
在离开中国以前，我一定要去长城看看。,"Zài líkāi Zhōngguó yǐqián, wǒ yídìng yào qù Chángchéng kànkan."
难过什么啊，你的成绩不是挺好的吗？,"Nánguò shénme a, nǐ de chéngjì bú shì tǐng hǎo de ma?"
方便什么啊，附近一个超市都没有。,"Fāngbiàn shénme a, fùjìn yí ge chāoshì dōu méiyǒu."
八点了，该上课了。,"Bā diǎn le, gāi shàng kè le."
下周要考试，我该复习了。,"Xià zhōu yào kǎoshì, wǒ gāi fùxí le."
在学习上，老师和同学给了我许多帮助。,"Zài xuéxí shàng, lǎoshī hé tóngxué gěile wǒ xǔduō bāngzhù."
在父母的影响下，我从小就对中文很感兴趣。,"Zài fùmǔ de yǐngxiǎng xià, wǒ cóngxiǎo jiù duì Zhōngwén hěn gǎn xìngqù."
在这次比赛中，我认识了一些新朋友。,"Zài zhè cì bǐsài zhōng, wǒ rènshile yìxiē xīn péngyou."
哭没有用。,Kū méiyǒu yòng.
多穿一点儿比较好。,Duō chuān yìdiǎnr bǐjiào hǎo.
太胖了不好，太瘦了也不好。,"Tài pàng le bù hǎo, tài shòu le yě bù hǎo."
你来也可以。,Nǐ lái yě kěyǐ.
身体健康最重要。,Shēntǐ jiànkāng zuì zhòngyào.
我昨天新买的那条黑色的裤子你放在哪儿了？,Wǒ zuótiān xīn mǎi de nà tiáo hēisè de kùzi nǐ fàng zài nǎr le?
前面那个穿着蓝衬衫的短头发高个子的老人就是我的中文老师。,Qiánmian nàge chuānzhe lán chènshān de duǎn tóufa gāo gèzi de lǎorén jiùshì wǒ de Zhōngwén lǎoshī.
火车票你买到了没有？,Huǒchēpiào nǐ mǎidào le méiyǒu?
老师说的话我都记住了。,Lǎoshī shuō de huà wǒ dōu jìzhù le.
我的自行车让朋友骑走了。,Wǒ de zìxíngchē ràng péngyou qízǒu le.
下班的时候，别忘了关上电脑。,"Xià bān de shíhou, bié wàngle guānshàng diànnǎo."
我们终于想出了一个好办法。,Wǒmen zhōngyú xiǎngchūle yí ge hǎo bànfǎ.
你想起她的名字了没有？,Nǐ xiǎngqǐ tā de míngzi le méiyǒu?
请在这儿写下您的电话。,Qǐng zài zhèr xiěxià nín de diànhuà.
饿了一天，我们终于吃上饭了。,"Èle yì tiān, wǒmen zhōngyú chīshàng fàn le."
儿子刚到家就玩上了电脑游戏。,Érzi gāng dào jiā jiù wánshàngle diànnǎo yóuxì.
他们一见面就聊起来了。,Tāmen yí jiànmiàn jiù liáo qǐlái le.
妈妈一出门，孩子就哭起来了。,"Māma yì chūmén, háizi jiù kūqǐlai le."
虽然学习汉语不容易，但是我一定会坚持下去。,"Suīrán xuéxí Hànyǔ bù róngyì, dànshì wǒ yídìng huì jiānchíxiàqu."
在老师的帮助下，我一定可以学下去。,"Zài lǎoshī de bāngzhù xià, wǒ yídìng kěyǐ xuéxiàqu."
在过去的一年里，我把每天练习汉字的习惯坚持下来了。,"Zài guòqù de yì nián lǐ, wǒ bǎ měitiān liànxí Hànzì de xíguàn jiānchíxiàlai le."
这三天玩下来太累了，我得好好休息休息。,"Zhè sān tiān wánxiàlai tài lèi le, wǒ děi hǎohǎo xiūxi xiūxi."
老师说的话你听得懂吗？,Lǎoshī shuō de huà nǐ tīng de dǒng ma?
黑板上的字太小，我看不清楚。,"Hēibǎn shàng de zì tài xiǎo, wǒ kàn bu qīngchu."
这里的环境好得很。,Zhèlǐ de huánjìng hǎo de hěn.
这儿从早到晚都有风，凉快得很。,"Zhèr cóng zǎo dào wǎn dōu yǒu fēng, liángkuai de hěn."
看见考试成绩的时候，我高兴极了。,"Kànjiàn kǎoshì chéngjì de shíhou, wǒ gāoxìng jíle."
爬山回来，大家都累坏了。,"Páshān huílái, dàjiā dōu lèihuài le."
开学已经两个星期了。,Kāixué yǐjīng liǎng ge xīngqī le.
这件事已经过去五年了。,Zhè jiàn shì yǐjīng guòqù wǔ nián le.
怎样才能学好汉语呢？,Zěnyàng cái néng xuéhǎo Hànyǔ ne?
中国人是怎样过新年的？,Zhōngguórén shì zěnyàng guò xīnnián de?
你不是写完作业了吗？,Nǐ bú shì xiěwán zuòyè le ma?
考试不是下个星期一吗？,Kǎoshì bú shì xià ge xīngqīyī ma?
你把箱子放在这儿吧。,Nǐ bǎ xiāngzi fàng zài zhèr ba.
我们把桌子搬到教室外边了。,Wǒmen bǎ zhuōzi bāndào jiàoshì wàibian le.
我们把礼物送给老师了。,Wǒmen bǎ lǐwù sònggěi lǎoshī le.
他把那本书借给我了。,Tā bǎ nà běn shū jiègěi wǒ le.
我已经把晚饭准备好了。,Wǒ yǐjīng bǎ wǎnfàn zhǔnbèi hǎo le.
咱们把这些桌子搬进去吧。,Zánmen bǎ zhèxiē zhuōzi bānjìnqu ba.
妈妈把衣服洗得干干净净。,Māma bǎ yīfu xǐ de gāngānjìngjìng.
我的词典被朋友借走了。,Wǒ de cídiǎn bèi péngyou jièzǒu le.
冰箱里的水果被谁吃了？,Bīngxiāng lǐ de shuǐguǒ bèi shéi chī le?
桌子上的作业被拿走了。,Zhuōzi shàng de zuòyè bèi názǒu le.
病人已经被送到医院了。,Bìngrén yǐjīng bèi sòngdào yīyuàn le.
老师总是笑着回答大家的问题。,Lǎoshī zǒngshì xiàozhe huídá dàjiā de wèntí.
我喜欢听着音乐做运动。,Wǒ xǐhuan tīngzhe yīnyuè zuò yùndòng.
她的汉语比我更好。,Tā de Hànyǔ bǐ wǒ gèng hǎo.
今天比昨天还冷。,Jīntiān bǐ zuótiān hái lěng.
我的爱好跟他一样。,Wǒ de àihào gēn tā yíyàng.
他买的新手机跟我的一样。,Tā mǎi de xīn shǒujī gēn wǒ de yíyàng.
坐地铁跟坐公交车一样方便。,Zuò dìtiě gēn zuò gōngjiāochē yíyàng fāngbiàn.
这个房间跟那个房间一样大。,Zhège fángjiān gēn nàge fángjiān yíyàng dà.
这张画不比那张好看。,Zhè zhāng huà bù bǐ nà zhāng hǎokàn.
我的汉语水平不比他高。,Wǒ de Hànyǔ shuǐpíng bù bǐ tā gāo.
我比他早到十分钟。,Wǒ bǐ tā zǎo dào shí fēnzhōng.
哥哥比弟弟多吃了三个饺子。,Gēge bǐ dìdi duō chīle sān ge jiǎozi.
前边开过来一辆出租车。,Qiánbian kāiguòlai yí liàng chūzūchē.
楼上搬来了一家人。,Lóushàng bānláile yì jiā rén.
校门外走进来几个学生。,Xiàomén wài zǒujìnlai jǐ ge xuésheng.
树上飞走了三只小鸟。,Shùshang fēizǒule sān zhī xiǎoniǎo.
他家里跑丢了一只羊。,Tā jiā lǐ pǎodiūle yì zhī yáng.
这个问题其实是很简单的。,Zhège wèntí qíshí shì hěn jiǎndān de.
多写多练对学习汉字是很有帮助的。,Duō xiě duō liàn duì xuéxí Hànzì shì hěn yǒu bāngzhù de.
我们昨天打篮球打了一个下午。,Wǒmen zuótiān dǎ lánqiú dǎle yí ge xiàwǔ.
你今天上课上得怎么样？,Nǐ jīntiān shàng kè shàng de zěnmeyàng?
你先去买门票，再来这里找我。,"Nǐ xiān qù mǎi ménpiào, zài lái zhèlǐ zhǎo wǒ."
我想先吃饭，然后回房间休息。,"Wǒ xiǎng xiān chī fàn, ránhòu huí fángjiān xiūxi."
每周末，我们或者踢足球，或者打篮球。,"Měi zhōumò, wǒmen huòzhě tī zúqiú, huòzhě dǎ lánqiú."
春节的时候，人们或者回家过节，或者出门旅游。,"Chūn Jié de shíhou, rénmen huòzhě huí jiā guò jié, huòzhě chūmén lǚyóu."
他一会儿进来，一会儿出去，忙得很。,"Tā yíhuìr jìnlái, yíhuìr chūqù, máng de hěn."
最近的天气一会儿冷，一会儿热。,"Zuìjìn de tiānqì yíhuìr lěng, yíhuìr rè."
这件衣服又便宜又好看。,Zhè jiàn yīfu yòu piányi yòu hǎokàn.
那个又高又漂亮的女孩儿是谁？,Nàge yòu gāo yòu piàoliang de nǚháir shì shéi?
他一边工作，一边学习中文。,"Tā yìbiān gōngzuò, yìbiān xuéxí Zhōngwén."
我喜欢一边跑步，一边听音乐。,"Wǒ xǐhuan yìbiān pǎobù, yìbiān tīng yīnyuè."
不但我学习中文，而且我的弟弟也学习中文。,"Búdàn wǒ xuéxí Zhōngwén, érqiě wǒ de dìdi yě xuéxí Zhōngwén."
我哥哥不但会打篮球，而且打得很好。,"Wǒ gēge búdàn huì dǎ lánqiú, érqiě dǎ de hěn hǎo."
房间虽然不大，可是很干净。,"Fángjiān suīrán bú dà, kěshì hěn gānjìng."
虽然天气很冷，可是他还是坚持每天锻炼。,"Suīrán tiānqì hěn lěng, kěshì tā háishi jiānchí měitiān duànliàn."
如果明天不下雨，我们就去爬山。,"Rúguǒ míngtiān bú xià yǔ, wǒmen jiù qù páshān."
如果你需要帮忙，就给我打电话。,"Rúguǒ nǐ xūyào bāngmáng, jiù gěi wǒ dǎ diànhuà."
你有时间的话，就一起去吧。,"Nǐ yǒu shíjiān dehuà, jiù yìqǐ qù ba."
你觉得满意的话，咱们就买。,"Nǐ juéde mǎnyì dehuà, zánmen jiù mǎi."
只有努力学习，才能得到好成绩。,"Zhǐyǒu nǔlì xuéxí, cái néng dédào hǎo chéngjì."
只有多听、多说、多看，你的中文水平才能提高。,"Zhǐyǒu duō tīng, duō shuō, duō kàn, nǐ de Zhōngwén shuǐpíng cái néng tígāo."
只要你坚持学习，就一定能学好。,"Zhǐyào nǐ jiānchí xuéxí, jiù yídìng néng xuéhǎo."
只要你同意，我们就这么决定了。,"Zhǐyào nǐ tóngyì, wǒmen jiù zhème juédìng le."
为了考上大学，她每天努力学习。,"Wèile kǎoshàng dàxué, tā měitiān nǔlì xuéxí."
为了早点儿到家，我打算坐飞机。,"Wèile zǎodiǎnr dào jiā, wǒ dǎsuàn zuò fēijī."
他吃了药就好多了。,Tā chīle yào jiù hǎo duō le.
我打算下了课就去图书馆。,Wǒ dǎsuàn xiàle kè jiù qù túshūguǎn.
你大概多长时间能到？,Nǐ dàgài duō cháng shíjiān néng dào?
这些水果大概五十块钱。,Zhèxiē shuǐguǒ dàgài wǔshí kuài qián.
教室里来了七八个学生。,Jiàoshì lǐ láile qī bā ge xuésheng.
从我家到学校，走路需要十五六分钟。,"Cóng wǒ jiā dào xuéxiào, zǒulù xūyào shíwǔ liù fēnzhōng."
我刚学会开车，不敢开得很快。,"Wǒ gāng xuéhuì kāi chē, bù gǎn kāi de hěn kuài."
你敢不敢跟我比一比，谁的力气大？,"Nǐ gǎn bu gǎn gēn wǒ bǐ yi bǐ, shéi de lìqi dà?"
对于这个问题，同学们各有各的看法。,"Duìyú zhège wèntí, tóngxuémen gè yǒu gè de kànfǎ."
节日期间，各地举行了丰富的庆祝活动。,"Jiérì qījiān, gèdì jǔxíngle fēngfù de qìngzhù huódòng."
各位同学，请大家安静一下。,"Gèwèi tóngxué, qǐng dàjiā ānjìng yíxià."
欢迎各位报名参加这次运动会。,Huānyíng gèwèi bàomíng cānjiā zhè cì yùndònghuì.
南方各种花都开了，可是北方还比较冷。,"Nánfāng gèzhǒng huā dōu kāi le, kěshì běifāng hái bǐjiào lěng."
商场、超市总是通过各种方式吸引顾客。,"Shāngchǎng, chāoshì zǒngshì tōngguò gèzhǒng fāngshì xīyǐn gùkè."
你遇到任何困难都可以联系我。,Nǐ yùdào rènhé kùnnan dōu kěyǐ liánxì wǒ.
在中国，几乎任何一家商店都可以使用手机支付。,"Zài Zhōngguó, jīhū rènhé yì jiā shāngdiàn dōu kěyǐ shǐyòng shǒujī zhīfù."
此处不能扔垃圾，请扔到垃圾桶里。,"Cǐchù bù néng rēng lājī, qǐng rēngdào lājītǒng lǐ."
对于此事，你的父母有什么意见？,"Duìyú cǐ shì, nǐ de fùmǔ yǒu shénme yìjiàn?"
昨晚老张买了一打啤酒。,Zuówǎn Lǎo Zhāng mǎile yì dǎ píjiǔ.
我买了一打鸡蛋，准备做蛋糕。,"Wǒ mǎile yì dǎ jīdàn, zhǔnbèi zuò dàngāo."
我这儿有一袋方便面，你要不要吃？,"Wǒ zhèr yǒu yí dài fāngbiànmiàn, nǐ yào bu yào chī?"
妈妈从市场买回来好几袋水果。,Māma cóng shìchǎng mǎihuílai hǎo jǐ dài shuǐguǒ.
我家院子里种着两棵苹果树。,Wǒ jiā yuànzi lǐ zhòngzhe liǎng kē píngguǒshù.
小猫爬上了路边的一棵大树。,Xiǎo māo páshàngle lùbiān de yì kē dà shù.
这台空调太旧了，没办法修。,"Zhè tái kōngtiáo tài jiù le, méi bànfǎ xiū."
搬家时，我把家里那台冰箱卖了。,"Bānjiā shí, wǒ bǎ jiā lǐ nà tái bīngxiāng mài le."
您能介绍一下这幅画吗？,Nín néng jièshào yíxià zhè fú huà ma?
张老师，我想请您给我写一幅字。,"Zhāng lǎoshī, wǒ xiǎng qǐng nín gěi wǒ xiě yì fú zì."
她拿着礼物，一脸兴奋地跑了进来。,"Tā názhe lǐwù, yì liǎn xīngfèn de pǎole jìnlái."
小明见到了自己喜欢的作家，满脸高兴。,"Xiǎo Míng jiàndàole zìjǐ xǐhuan de zuòjiā, mǎnliǎn gāoxìng."
我不知道从哪儿弄了一手油。,Wǒ bù zhīdao cóng nǎr nòngle yì shǒu yóu.
他从小练习书法，写得一手好字。,"Tā cóngxiǎo liànxí shūfǎ, xiě de yì shǒu hǎo zì."
我从国外买回来一盒巧克力。,Wǒ cóng guówài mǎihuílai yì hé qiǎokèlì.
老师让我们准备一盒画笔。,Lǎoshī ràng wǒmen zhǔnbèi yì hé huàbǐ.
我非常喜欢读书，家里有一屋子的书。,"Wǒ fēicháng xǐhuan dúshū, jiā lǐ yǒu yì wūzi de shū."
我有一屋子的衣服，你随便选。,"Wǒ yǒu yì wūzi de yīfu, nǐ suíbiàn xuǎn."
听到这个消息，一桌子的人都很开心。,"Tīngdào zhège xiāoxi, yì zhuōzi de rén dōu hěn kāixīn."
我每次回家，父母都会准备一桌子饭菜。,"Wǒ měi cì huí jiā, fùmǔ dōu huì zhǔnbèi yì zhuōzi fàncài."
大卫参加了一场文化活动，体验了美食和音乐。,"Dàwèi cānjiāle yì chǎng wénhuà huódòng, tǐyànle měishí hé yīnyuè."
同学们都想在中国观看一场京剧演出。,Tóngxuémen dōu xiǎng zài Zhōngguó guānkàn yì chǎng Jīngjù yǎnchū.
周末咱们去饭馆好好吃一顿，怎么样？,"Zhōumò zánmen qù fànguǎn hǎohǎo chī yí dùn, zěnmeyàng?"
中秋节我们一起吃了一顿饭。,Zhōngqiū Jié wǒmen yìqǐ chīle yí dùn fàn.
我假期打算回一趟家，看看父母。,"Wǒ jiàqī dǎsuàn huí yí tàng jiā, kànkan fùmǔ."
我刚才去了一趟办公室，没看见王老师。,"Wǒ gāngcái qùle yí tàng bàngōngshì, méi kànjiàn Wáng lǎoshī."
她十分激动地对我们表示感谢。,Tā shífēn jīdòng de duì wǒmen biǎoshì gǎnxiè.
那位导游对游客十分热情。,Nà wèi dǎoyóu duì yóukè shífēn rèqíng.
随着互联网的发展，网上购物变得更加方便了。,"Suízhe hùliánwǎng de fāzhǎn, wǎngshàng gòuwù biàn de gèngjiā fāngbiàn le."
读完这本书，他对中国历史更加感兴趣了。,"Dúwán zhè běn shū, tā duì Zhōngguó lìshǐ gèngjiā gǎn xìngqù le."
请您在这儿稍等一下，王经理马上就到。,"Qǐng nín zài zhèr shāo děng yíxià, Wáng jīnglǐ mǎshàng jiù dào."
对于这个词，两本词典的解释稍有不同。,"Duìyú zhège cí, liǎng běn cídiǎn de jiěshì shāo yǒu bùtóng."
如果裙子的颜色稍微浅一点儿，那就更好了。,"Rúguǒ qúnzi de yánsè shāowēi qiǎn yìdiǎnr, nà jiù gèng hǎo le."
你能不能把字写得稍微大一些？,Nǐ néng bu néng bǎ zì xiě de shāowēi dà yìxiē?
人与人之间，尤其是父母和孩子之间，相互理解是很重要的。,"Rén yǔ rén zhījiān, yóuqí shì fùmǔ hé háizi zhījiān, xiānghù lǐjiě shì hěn zhòngyào de."
刚开始，我对这里的生活很不适应，尤其不习惯吃中国菜。,"Gāng kāishǐ, wǒ duì zhèlǐ de shēnghuó hěn bú shìyìng, yóuqí bù xíguàn chī Zhōngguó cài."
你听，她唱得多么好听啊！,"Nǐ tīng, tā chàng de duōme hǎotīng a!"
成为母亲以后，我才明白教育孩子有多么不容易。,"Chéngwéi mǔqīn yǐhòu, wǒ cái míngbai jiàoyù háizi yǒu duōme bù róngyì."
上一年大学，学费和生活费共需多少钱？,"Shàng yì nián dàxué, xuéfèi hé shēnghuófèi gòng xū duōshao qián?"
中国人习惯一家人共吃一桌菜。,Zhōngguórén xíguàn yì jiā rén gòng chī yì zhuō cài.
昨天学习的生词和语法我已经全记住了。,Zuótiān xuéxí de shēngcí hé yǔfǎ wǒ yǐjīng quán jìzhù le.
全班同学都报名参加了这次的运动会。,Quán bān tóngxué dōu bàomíng cānjiāle zhè cì de yùndònghuì.
光这一间教室，他就打扫了一整天。,"Guāng zhè yì jiān jiàoshì, tā jiù dǎsǎole yì zhěngtiān."
你不能光练口语，不练汉字，这样你的中文水平很难提高。,"Nǐ bùnéng guāng liàn kǒuyǔ, bú liàn hànzì, zhèyàng nǐ de Zhōngwén shuǐpíng hěn nán tígāo."
这个公园平时不开，仅在周末开放。,"Zhège gōngyuán píngshí bù kāi, jǐn zài zhōumò kāifàng."
他仅用一年多的时间就学完了高中所有的课程。,Tā jǐn yòng yì nián duō de shíjiān jiù xuéwánle gāozhōng suǒyǒu de kèchéng.
她仅仅去过一次，就深深地爱上了那里。,"Tā jǐnjǐn qùguo yí cì, jiù shēnshēn de àishangle nàlǐ."
你想学好中文，仅仅有想法是不够的，必须努力学习。,"Nǐ xiǎng xuéhǎo Zhōngwén, jǐnjǐn yǒu xiǎngfǎ shì bú gòu de, bìxū nǔlì xuéxí."
你们两个人一起去，遇到问题至少能商量一下。,"Nǐmen liǎng ge rén yìqǐ qù, yùdào wèntí zhìshǎo néng shāngliang yíxià."
那里的景点很多，都参观完至少要三天的时间。,"Nàlǐ de jǐngdiǎn hěn duō, dōu cānguānwán zhìshǎo yào sān tiān de shíjiān."
时间很紧张，但我们必须按时完成任务。,"Shíjiān hěn jǐnzhāng, dàn wǒmen bìxū ànshí wánchéng rènwu."
医生让我回家按时吃药，多喝热水。,"Yīshēng ràng wǒ huí jiā ànshí chī yào, duō hē rè shuǐ."
我从来没有离开过家乡，父母不放心我一个人出国留学。,"Wǒ cónglái méiyǒu líkāiguo jiāxiāng, fùmǔ bú fàngxīn wǒ yí ge rén chūguó liúxué."
我常常吃饺子，可是从来不知道饺子是怎么做的。,"Wǒ chángcháng chī jiǎozi, kěshì cónglái bù zhīdao jiǎozi shì zěnme zuò de."
服务员见到我们，赶紧跑过来，热情地说“欢迎”。,"Fúwùyuán jiàndào wǒmen, gǎnjǐn pǎoguòlai, rèqíng de shuō ""huānyíng""."
这儿的风景太漂亮了，我得赶紧拍几张照片。,"Zhèr de fēngjǐng tài piàoliang le, wǒ děi gǎnjǐn pāi jǐ zhāng zhàopiàn."
咱们赶快往前走，大家都在前面等着呢。,"Zánmen gǎnkuài wǎng qián zǒu, dàjiā dōu zài qiánmian děngzhe ne."
你现在赶快叫一辆出租车，马上出发。,"Nǐ xiànzài gǎnkuài jiào yí liàng chūzūchē, mǎshàng chūfā."
到今年十月，公司的收入已超过去年。,"Dào jīnnián shí yuè, gōngsī de shōurù yǐ chāoguò qùnián."
他的父亲已有五十多岁，两个姐姐也都已结婚了。,"Tā de fùqīn yǐ yǒu wǔshí duō suì, liǎng ge jiějie yě dōu yǐ jiéhūn le."
看着儿子努力学习的样子，我忽然觉得他长大了。,"Kànzhe érzi nǔlì xuéxí de yàngzi, wǒ hūrán juéde tā zhǎngdà le."
忽然，我听到一个声音说“小伙子，等一等”。,"Hūrán, wǒ tīngdào yí ge shēngyīn shuō ""xiǎohuǒzi, děng yi děng""."
比赛一结束，他就将自己获奖的消息告诉了父母。,"Bǐsài yì jiéshù, tā jiù jiāng zìjǐ huòjiǎng de xiāoxi gàosule fùmǔ."
如果孩子学到自己感兴趣的知识，他的能力将得到更好的发展。,"Rúguǒ háizi xuédào zìjǐ gǎn xìngqù de zhīshi, tā de nénglì jiāng dédào gèng hǎo de fāzhǎn."
根据计划，公司下周将要推出新产品。,"Gēnjù jìhuà, gōngsī xià zhōu jiāngyào tuīchū xīn chǎnpǐn."
学校最近将要安排我们到南方进行调查研究。,Xuéxiào zuìjìn jiāngyào ānpái wǒmen dào nánfāng jìnxíng diàochá yánjiū.
我从没有听说过这个消息。,Wǒ cóng méiyǒu tīngshuōguo zhège xiāoxi.
父母总是鼓励我，从不批评我。,"Fùmǔ zǒngshì gǔlì wǒ, cóng bù pīpíng wǒ."
我本来计划学习一年中文就回国工作，现在我想继续学下去。,"Wǒ běnlái jìhuà xuéxí yì nián Zhōngwén jiù huí guó gōngzuò, xiànzài wǒ xiǎng jìxù xuéxiàqu."
我本来以为父母会反对我留在中国，没想到他们竟然这么支持。,"Wǒ běnlái yǐwéi fùmǔ huì fǎnduì wǒ liú zài Zhōngguó, méi xiǎngdào tāmen jìngrán zhème zhīchí."
我们需要重新安排会议时间。,Wǒmen xūyào chóngxīn ānpái huìyì shíjiān.
这个问题，您能不能重新考虑一下？,"Zhège wèntí, nín néng bu néng chóngxīn kǎolǜ yíxià?"
其实，一些看起来很小的事情往往会影响人的一生。,"Qíshí, yìxiē kànqǐlai hěn xiǎo de shìqing wǎngwǎng huì yǐngxiǎng rén de yìshēng."
这两个词意思差不多，如果不知道它们的区别，往往容易用错。,"Zhè liǎng ge cí yìsi chàbuduō, rúguǒ bù zhīdao tāmen de qūbié, wǎngwǎng róngyì yòngcuò."
他平时工作很忙，回家以后看看书、上上网，偶尔运动一下，就睡觉了。,"Tā píngshí gōngzuò hěn máng, huí jiā yǐhòu kànkan shū, shàngshang wǎng, ǒu'ěr yùndòng yíxià, jiù shuìjiào le."
我们偶尔会一起出去玩儿，有时候看电影，有时候踢足球。,"Wǒmen ǒu'ěr huì yìqǐ chūqù wánr, yǒu shíhou kàn diànyǐng, yǒu shíhou tī zúqiú."
老师再次提醒同学们考试以前一定要认真复习。,Lǎoshī zàicì tíxǐng tóngxuémen kǎoshì yǐqián yídìng yào rènzhēn fùxí.
再次回到童年时生活的地方，我感到既熟悉又感动。,"Zàicì huídào tóngnián shí shēnghuó de dìfang, wǒ gǎndào jì shúxī yòu gǎndòng."
他老说要跟同学们多交流，可是从来不参加班级活动。,"Tā lǎo shuō yào gēn tóngxuémen duō jiāoliú, kěshì cónglái bù cānjiā bānjí huódòng."
大家的工作都很忙，你老想让别人照顾你，是不可能的。,"Dàjiā de gōngzuò dōu hěn máng, nǐ lǎo xiǎng ràng biéren zhàogù nǐ, shì bù kěnéng de."
真对不起，我不是故意的，你千万别生气。,"Zhēn duìbuqǐ, wǒ bú shì gùyì de, nǐ qiānwàn bié shēngqì."
他故意提高声音，好让大家都能听见。,"Tā gùyì tígāo shēngyīn, hǎo ràng dàjiā dōu néng tīngjiàn."
我想练习中文，咱们互相学习，互相帮助，怎么样？,"Wǒ xiǎng liànxí Zhōngwén, zánmen hùxiāng xuéxí, hùxiāng bāngzhù, zěnmeyàng?"
大家都是同学，应该互相关心，互相照顾。,"Dàjiā dōu shì tóngxué, yīnggāi hùxiāng guānxīn, hùxiāng zhàogù."
国家之间应该相互尊重，相互交流，共同发展。,"Guójiā zhījiān yīnggāi xiānghù zūnzhòng, xiānghù jiāoliú, gòngtóng fāzhǎn."
随着信息技术的发展，不同语言的相互影响越来越普遍。,"Suízhe xìnxī jìshù de fāzhǎn, bùtóng yǔyán de xiānghù yǐngxiǎng yuèláiyuè pǔbiàn."
有些打折的商品尽管便宜，质量却不能让人满意。,"Yǒuxiē dǎzhé de shāngpǐn jǐnguǎn piányi, zhìliàng què bùnéng ràng rén mǎnyì."
她长得很像她的姐姐，但两个人的性格却完全不同。,"Tā zhǎng de hěn xiàng tā de jiějie, dàn liǎng ge rén de xìnggé què wánquán bùtóng."
你可以加一点儿糖，味道也许不错。,"Nǐ kěyǐ jiā yìdiǎnr táng, wèidao yěxǔ búcuò."
现在不愿意花时间练习写汉字，你将来也许会后悔的。,"Xiànzài bú yuànyì huā shíjiān liànxí xiě hànzì, nǐ jiānglái yěxǔ huì hòuhuǐ de."
我感觉头疼，还有点儿咳嗽，恐怕是感冒了。,"Wǒ gǎnjué tóuténg, hái yǒudiǎnr késou, kǒngpà shì gǎnmào le."
年底是公司最忙的时候，你想休假恐怕不行。,"Niándǐ shì gōngsī zuì máng de shíhou, nǐ xiǎng xiūjià kǒngpà bùxíng."
昨天那场比赛才精彩呢！,Zuótiān nà chǎng bǐsài cái jīngcǎi ne!
他总是迟到，我才不相信他今天能准时来。,"Tā zǒngshì chídào, wǒ cái bù xiāngxìn tā jīntiān néng zhǔnshí lái."
我就知道他肯定会答应的。,Wǒ jiù zhīdao tā kěndìng huì dāying de.
我就不信我考不上大学。,Wǒ jiù bú xìn wǒ kǎobushàng dàxué.
她并不相信我说的话。,Tā bìng bù xiāngxìn wǒ shuō de huà.
我以为考试很简单，其实并没有那么简单。,"Wǒ yǐwéi kǎoshì hěn jiǎndān, qíshí bìng méiyǒu nàme jiǎndān."
没想到他的中文说得还真不错。,Méi xiǎngdào tā de Zhōngwén shuō de hái zhēn búcuò.
老张还真厉害，这么快就把问题解决了。,"Lǎo Zhāng hái zhēn lìhai, zhème kuài jiù bǎ wèntí jiějué le."
他竟然在那么短的时间内完成了这么复杂的工作，太厉害了。,"Tā jìngrán zài nàme duǎn de shíjiān nèi wánchéngle zhème fùzá de gōngzuò, tài lìhai le."
昨天天气还很暖和，没想到今天竟然下雪了。,"Zuótiān tiānqì hái hěn nuǎnhuo, méi xiǎngdào jīntiān jìngrán xià xuě le."
他究竟是不是真的喜欢我，我还是有些怀疑。,"Tā jiūjìng shì bu shì zhēn de xǐhuan wǒ, wǒ háishi yǒuxiē huáiyí."
我很想知道汉字究竟是怎么产生的。,Wǒ hěn xiǎng zhīdao hànzì jiūjìng shì zěnme chǎnshēng de.
我明天下午正好有时间，可以帮你一起搬家。,"Wǒ míngtiān xiàwǔ zhènghǎo yǒu shíjiān, kěyǐ bāng nǐ yìqǐ bānjiā."
上个月我借了一本书，今天正好一个月了，你帮我还回去吧。,"Shàng ge yuè wǒ jièle yì běn shū, jīntiān zhènghǎo yí ge yuè le, nǐ bāng wǒ huánhuíqu ba."
明天就是最后一天了，你到底想不想报名？,"Míngtiān jiùshì zuìhòu yì tiān le, nǐ dàodǐ xiǎng bu xiǎng bàomíng?"
昨天的比赛你看了吗？他们队到底赢了没有？,Zuótiān de bǐsài nǐ kàn le ma? Tāmen duì dàodǐ yíng le méiyǒu?
难道你不知道坐飞机需要带护照吗？,Nándào nǐ bù zhīdao zuò fēijī xūyào dài hùzhào ma?
你难道不认为网上购物更方便吗？,Nǐ nándào bú rènwéi wǎngshàng gòuwù gèng fāngbiàn ma?
你把地址写在这儿，千万别写错了。,"Nǐ bǎ dìzhǐ xiě zài zhèr, qiānwàn bié xiěcuò le."
路上人多车也多，骑车时千万要小心。,"Lùshang rén duō chē yě duō, qí chē shí qiānwàn yào xiǎoxīn."
昨天晚上的京剧演出确实精彩。,Zuótiān wǎnshang de jīngjù yǎnchū quèshí jīngcǎi.
跟过去相比，这里确实发生了巨大的变化。,"Gēn guòqù xiāngbǐ, zhèlǐ quèshí fāshēngle jùdà de biànhuà."
电梯坏了，我们只好走楼梯上去。,"Diàntī huài le, wǒmen zhǐhǎo zǒu lóutī shàngqù."
因为没买到火车票，我假期只好留在学校。,"Yīnwèi méi mǎidào huǒchēpiào, wǒ jiàqī zhǐhǎo liú zài xuéxiào."
出门的时候太着急，我差（一）点儿忘带手机。,"Chūmén de shíhou tài zháojí, wǒ chà (yì) diǎnr wàng dài shǒujī."
我早上七点半才起床，差（一）点儿没迟到。,"Wǒ zǎoshang qī diǎn bàn cái qǐchuáng, chà (yì) diǎnr méi chídào."
自1978年以来，中国发生了很大的变化。,"Zì yī jiǔ qī bā nián yǐlái, Zhōngguó fāshēngle hěn dà de biànhuà."
我们自北京出发，开车往南走，来到了上海。,"Wǒmen zì Běijīng chūfā, kāi chē wǎng nán zǒu, láidàole Shànghǎi."
当遇到困难时，先冷静地想一想。,"Dāng yùdào kùnnan shí, xiān lěngjìng de xiǎng yi xiǎng."
当听到放假的消息时，同学们都非常高兴。,"Dāng tīngdào fàngjià de xiāoxi shí, tóngxuémen dōu fēicháng gāoxìng."
各位乘客，由北京飞往上海的航班就要起飞了。,"Gèwèi chéngkè, yóu Běijīng fēiwǎng Shànghǎi de hángbān jiù yào qǐfēi le."
学校决定由下个月开始每周增加一节中文课。,Xuéxiào juédìng yóu xià ge yuè kāishǐ měi zhōu zēngjiā yì jié Zhōngwén kè.
随着生活水平的提高，人们对食品健康的要求越来越高。,"Suízhe shēnghuó shuǐpíng de tígāo, rénmen duì shípǐn jiànkāng de yāoqiú yuèláiyuè gāo."
随着春天的到来，天气一天比一天暖和了。,"Suízhe chūntiān de dàolái, tiānqì yì tiān bǐ yì tiān nuǎnhuo le."
等我写完作业，咱们一起去踢足球。,"Děng wǒ xiěwán zuòyè, zánmen yìqǐ qù tī zúqiú."
等我们赶到车站，火车已经开走了。,"Děng wǒmen gǎndào chēzhàn, huǒchē yǐjīng kāizǒu le."
离开教室时，请将垃圾带走，并将门窗关好。,"Líkāi jiàoshì shí, qǐng jiāng lājī dàizǒu, bìng jiāng ménchuāng guānhǎo."
根据规定，禁止将食物带入图书馆。,"Gēnjù guīdìng, jìnzhǐ jiāng shíwù dàirù túshūguǎn."
这些商品的质量问题应该由工厂负责。,Zhèxiē shāngpǐn de zhìliàng wèntí yīnggāi yóu gōngchǎng fùzé.
我只是提供一些建议，到底怎么做由你决定。,"Wǒ zhǐshì tígōng yìxiē jiànyì, dàodǐ zěnme zuò yóu nǐ juédìng."
我刚才放在桌上的那些文件叫谁拿走了？,Wǒ gāngcái fàng zài zhuō shàng de nàxiē wénjiàn jiào shéi názǒu le?
我本来想去图书馆借书，可是学生证让我弄丢了。,"Wǒ běnlái xiǎng qù túshūguǎn jiè shū, kěshì xuéshengzhèng ràng wǒ nòngdiū le."
由于上次失败的经历，她对自己失去了信心。,"Yóuyú shàng cì shībài de jīnglì, tā duì zìjǐ shīqùle xìnxīn."
由于工作的原因，我一年内搬了好几次家。,"Yóuyú gōngzuò de yuányīn, wǒ yì nián nèi bānle hǎo jǐ cì jiā."
对于任何一种语言，文字的出现都是十分重要的。,"Duìyú rènhé yì zhǒng yǔyán, wénzì de chūxiàn dōu shì shífēn zhòngyào de."
对于学习成绩优秀的同学，学校每年都会提供奖学金。,"Duìyú xuéxí chéngjì yōuxiù de tóngxué, xuéxiào měinián dōu huì tígōng jiǎngxuéjīn."
你放心，我们会与你共同解决这个问题。,"Nǐ fàngxīn, wǒmen huì yǔ nǐ gòngtóng jiějué zhège wèntí."
这件事我没与任何人交流过。,Zhè jiàn shì wǒ méi yǔ rènhé rén jiāoliúguo.
作为生活在中国的外国人，我很想了解中国人的生活习惯。,"Zuòwéi shēnghuó zài Zhōngguó de wàiguórén, wǒ hěn xiǎng liǎojiě Zhōngguórén de shēnghuó xíguàn."
作为首都，北京的发展比一般的城市更快，工作机会更多。,"Zuòwéi shǒudū, Běijīng de fāzhǎn bǐ yìbān de chéngshì gèng kuài, gōngzuò jīhuì gèng duō."
你应该按医生说的方法坚持锻炼。,Nǐ yīnggāi àn yīshēng shuō de fāngfǎ jiānchí duànliàn.
这里租房子比较方便，房租可以按月付，也可以按天付。,"Zhèlǐ zū fángzi bǐjiào fāngbiàn, fángzū kěyǐ àn yuè fù, yě kěyǐ àn tiān fù."
按照北方人的习惯，过年一般要吃饺子。,"Ànzhào běifāngrén de xíguàn, guònián yìbān yào chī jiǎozi."
我们已经按照计划完成了全部工作。,Wǒmen yǐjīng ànzhào jìhuà wánchéngle quánbù gōngzuò.
学校同意并支持学生们的想法。,Xuéxiào tóngyì bìng zhīchí xuéshengmen de xiǎngfǎ.
公司讨论并通过了这项计划。,Gōngsī tǎolùn bìng tōngguòle zhè xiàng jìhuà.
这里的人民热情而友好。,Zhèlǐ de rénmín rèqíng ér yǒuhǎo.
她工作起来积极而努力。,Tā gōngzuò qǐlái jījí ér nǔlì.
学校与家庭对孩子的影响同样重要。,Xuéxiào yǔ jiātíng duì háizi de yǐngxiǎng tóngyàng zhòngyào.
课程目标是帮助学生提高阅读能力与听说能力。,Kèchéng mùbiāo shì bāngzhù xuésheng tígāo yuèdú nénglì yǔ tīngshuō nénglì.
我每天要上两节中文课，此外一周还要参加一次文化活动。,"Wǒ měitiān yào shàng liǎng jié Zhōngwén kè, cǐwài yì zhōu hái yào cānjiā yí cì wénhuà huódòng."
我来中国是想提高自己的汉语水平，此外还想学习中国文化。,"Wǒ lái Zhōngguó shì xiǎng tígāo zìjǐ de Hànyǔ shuǐpíng, cǐwài hái xiǎng xuéxí Zhōngguó wénhuà."
冬天的时候，北方下雪比较多，而南方下雪比较少。,"Dōngtiān de shíhou, běifāng xià xuě bǐjiào duō, ér nánfāng xià xuě bǐjiào shǎo."
他们兄弟的性格完全不同，哥哥喜欢热闹，而弟弟喜欢安静。,"Tāmen xiōngdì de xìnggé wánquán bùtóng, gēge xǐhuan rènao, ér dìdi xǐhuan ānjìng."
你说得对，既然来了中国，就要学习一些中国的文化。,"Nǐ shuō de duì, jìrán láile Zhōngguó, jiù yào xuéxí yìxiē Zhōngguó de wénhuà."
既然你决定应聘那份工作，就应该认真准备面试。,"Jìrán nǐ juédìng yìngpìn nà fèn gōngzuò, jiù yīnggāi rènzhēn zhǔnbèi miànshì."
活动还没开始，教室里就坐满了人，甚至还有人站在后面。,"Huódòng hái méi kāishǐ, jiàoshì lǐ jiù zuòmǎnle rén, shènzhì hái yǒu rén zhàn zài hòumian."
他最近工作很忙，有时候甚至连吃饭的时间都没有。,"Tā zuìjìn gōngzuò hěn máng, yǒu shíhou shènzhì lián chī fàn de shíjiān dōu méiyǒu."
我姐姐还没有结婚，不过已经有男朋友了。,"Wǒ jiějie hái méiyǒu jiéhūn, búguò yǐjīng yǒu nán péngyou le."
那家公司的地址我也不知道，不过我可以上网帮你查查。,"Nà jiā gōngsī de dìzhǐ wǒ yě bù zhīdao, búguò wǒ kěyǐ shàngwǎng bāng nǐ chácha."
从那天开始，我就跟着老师学习中国功夫，并且一直坚持到现在。,"Cóng nà tiān kāishǐ, wǒ jiù gēnzhe lǎoshī xuéxí Zhōngguó gōngfu, bìngqiě yìzhí jiānchí dào xiànzài."
她打算在中国学习中文，并且还想申请读研究生。,"Tā dǎsuàn zài Zhōngguó xuéxí Zhōngwén, bìngqiě hái xiǎng shēnqǐng dú yánjiūshēng."
我不光要学习中文，还要学习中国的历史和文化。,"Wǒ bùguāng yào xuéxí Zhōngwén, hái yào xuéxí Zhōngguó de lìshǐ hé wénhuà."
学校周围不光环境好，交通也很方便。,"Xuéxiào zhōuwéi bùguāng huánjìng hǎo, jiāotōng yě hěn fāngbiàn."
我弟弟不仅学习成绩好，而且性格也很好。,"Wǒ dìdi bùjǐn xuéxí chéngjì hǎo, érqiě xìnggé yě hěn hǎo."
骑自行车旅行不仅便宜，还能锻炼身体。,"Qí zìxíngchē lǚxíng bùjǐn piányi, hái néng duànliàn shēntǐ."
我大学学的是广告专业，另外还有三年工作经验。,"Wǒ dàxué xué de shì guǎnggào zhuānyè, lìngwài hái yǒu sān nián gōngzuò jīngyàn."
这些商品质量不错，另外价格也比较便宜。,"Zhèxiē shāngpǐn zhìliàng búcuò, lìngwài jiàgé yě bǐjiào piányi."
要是你也觉得满意，咱们就买吧。,"Yàoshi nǐ yě juéde mǎnyì, zánmen jiù mǎi ba."
要是天气不好，明天的活动就取消。,"Yàoshi tiānqì bù hǎo, míngtiān de huódòng jiù qǔxiāo."
买汽车的人越来越多，因此堵车成为了城市交通的大问题。,"Mǎi qìchē de rén yuèláiyuè duō, yīncǐ dǔchē chéngwéile chéngshì jiāotōng de dà wèntí."
她在中国生活过，因此对中国文化有一些了解。,"Tā zài Zhōngguó shēnghuóguo, yīncǐ duì Zhōngguó wénhuà yǒu yìxiē liǎojiě."
由于去晚了，前面没有座位了，我只好坐在最后一排。,"Yóuyú qùwǎn le, qiánmian méiyǒu zuòwèi le, wǒ zhǐhǎo zuò zài zuìhòu yì pái."
由于天气原因，我们的航班被取消了。,"Yóuyú tiānqì yuányīn, wǒmen de hángbān bèi qǔxiāo le."
我爸爸平时工作很忙，加上经常出差，有时候一周也见不到他。,"Wǒ bàba píngshí gōngzuò hěn máng, jiāshàng jīngcháng chūchāi, yǒu shíhou yì zhōu yě jiànbudào tā."
景区实在太大了，加上天气这么热，走了半天，我们又累又渴。,"Jǐngqū shízài tài dà le, jiāshàng tiānqì zhème rè, zǒule bàntiān, wǒmen yòu lèi yòu kě."
我会说英语、汉语、法语等很多种语言。,"Wǒ huì shuō Yīngyǔ, Hànyǔ, Fǎyǔ děng hěn duō zhǒng yǔyán."
你最好提前上网了解一下那里的天气、交通、景点等方面的信息。,"Nǐ zuìhǎo tíqián shàngwǎng liǎojiě yíxià nàlǐ de tiānqì, jiāotōng, jǐngdiǎn děng fāngmiàn de xìnxī."
根据学校的规定，迟到十分钟以上者不允许参加考试。,"Gēnjù xuéxiào de guīdìng, chídào shí fēnzhōng yǐshàng zhě bù yǔnxǔ cānjiā kǎoshì."
申请参加会议者，请将您的个人信息发送到此邮箱。,"Shēnqǐng cānjiā huìyì zhě, qǐng jiāng nín de gèrén xìnxī fāsòng dào cǐ yóuxiāng."
其实，来中国留学一开始并不在我的计划之内。,"Qíshí, lái Zhōngguó liúxué yì kāishǐ bìng bú zài wǒ de jìhuà zhīnèi."
我希望在提高中文水平的基础之上，能够学习一些专业知识。,"Wǒ xīwàng zài tígāo Zhōngwén shuǐpíng de jīchǔ zhī shàng, nénggòu xuéxí yìxiē zhuānyè zhīshi."
我们明天一定完成任务，您放心就是了。,"Wǒmen míngtiān yídìng wánchéng rènwu, nín fàngxīn jiùshì le."
我开车去学校接你，你在门口等我就是了。,"Wǒ kāi chē qù xuéxiào jiē nǐ, nǐ zài ménkǒu děng wǒ jiùshì le."
啊，原来是这么一回事！,"À, yuánlái shì zhème yì huí shì!"
啊，这么多人排队！,"À, zhème duō rén páiduì!"
A：八点出发来得及吗？,A: Bā diǎn chūfā láidejí ma?
B：嗯，应该来得及。,"B: Èn, yīnggāi láidejí."
奶奶把一小盒巧克力装进了孙子的书包里。,Nǎinai bǎ yì xiǎo hé qiǎokèlì zhuāngjìnle sūnzi de shūbāo lǐ.
回国前，我给父母买了两大包中国茶作为礼物。,"Huí guó qián, wǒ gěi fùmǔ mǎile liǎng dà bāo Zhōngguó chá zuòwéi lǐwù."
她说话的声音不大，但是一字一句说得很清楚。,"Tā shuōhuà de shēngyīn bú dà, dànshì yí zì yí jù shuō de hěn qīngchu."
这会儿路上堵车，一来一回至少需要两个小时。,"Zhèhuìr lùshang dǔchē, yì lái yì huí zhìshǎo xūyào liǎng ge xiǎoshí."
我无儿无女，一人吃饱全家不饿。,"Wǒ wú ér wú nǚ, yì rén chībǎo quánjiā bú è."
母亲无日无夜地照顾着生病的孩子。,Mǔqīn wú rì wú yè de zhàogùzhe shēngbìng de háizi.
下课了，同学们有说有笑地走出了教室。,"Xià kè le, tóngxuémen yǒu shuō yǒu xiào de zǒuchūle jiàoshì."
这部作品的每个人物都写得有血有肉。,Zhè bù zuòpǐn de měi ge rénwù dōu xiě de yǒu xuè yǒu ròu.
我这两天很忙，没来得及考虑这个问题。,"Wǒ zhè liǎng tiān hěn máng, méi láidejí kǎolǜ zhège wèntí."
我想参加明天的比赛，现在报名来得及吗？,"Wǒ xiǎng cānjiā míngtiān de bǐsài, xiànzài bàomíng láidejí ma?"
我发现这个问题时已经太晚了，来不及做出任何改变。,"Wǒ fāxiàn zhège wèntí shí yǐjīng tài wǎn le, láibují zuòchū rènhé gǎibiàn."
飞机就要起飞了，你得快一点儿，否则就来不及了。,"Fēijī jiù yào qǐfēi le, nǐ děi kuài yìdiǎnr, fǒuzé jiù láibují le."
一次失败并不可怕，以后有的是机会。,"Yí cì shībài bìng bù kěpà, yǐhòu yǒudeshì jīhuì."
这种水果我的家乡有的是。,Zhè zhǒng shuǐguǒ wǒ de jiāxiāng yǒudeshì.
客人来不来还说不定。,Kèrén lái bu lái hái shuōbudìng.
说不定路上堵车，再等一会儿吧。,"Shuōbudìng lùshang dǔchē, zài děng yíhuìr ba."
她从来都不怎么关心别人的看法。,Tā cónglái dōu bù zěnme guānxīn biéren de kànfǎ.
从检查结果来看，他受的伤不怎么严重。,"Cóng jiǎnchá jiéguǒ lái kàn, tā shòu de shāng bù zěnme yánzhòng."
他们没有直接拒绝你，而是让你回来等消息，就是说，你还有机会，千万不要放弃。,"Tāmen méiyǒu zhíjiē jùjué nǐ, érshì ràng nǐ huílái děng xiāoxi, jiùshì shuō, nǐ hái yǒu jīhuì, qiānwàn bú yào fàngqì."
他总是为自己的错误找各种原因，这就是说，他是一个不愿意负责任的人。,"Tā zǒngshì wèi zìjǐ de cuòwù zhǎo gèzhǒng yuányīn, zhè jiùshì shuō, tā shì yí ge bú yuànyì fù zérèn de rén."
他的表演一次比一次精彩。,Tā de biǎoyǎn yí cì bǐ yí cì jīngcǎi.
最近天气一天比一天暖和。,Zuìjìn tiānqì yì tiān bǐ yì tiān nuǎnhuo.
在教育孩子方面，张老师有丰富的经验。,"Zài jiàoyù háizi fāngmiàn, Zhāng lǎoshī yǒu fēngfù de jīngyàn."
在生活方面，他还不太习惯。,"Zài shēnghuó fāngmiàn, tā hái bú tài xíguàn."
这个房间真够大的，估计能住七八个人。,"Zhège fángjiān zhēn gòu dà de, gūjì néng zhù qī bā ge rén."
你男朋友真够浪漫的，每天都给你送一枝花。,"Nǐ nán péngyou zhēn gòu làngmàn de, měitiān dōu gěi nǐ sòng yì zhī huā."
中国各地的生活习惯各不相同，拿吃饭来说，南方人一般喜欢吃米饭，而北方人爱吃面条、馒头等面食。,"Zhōngguó gèdì de shēnghuó xíguàn gè bù xiāngtóng, ná chī fàn lái shuō, nánfāngrén yìbān xǐhuan chī mǐfàn, ér běifāngrén ài chī miàntiáo, mántou děng miànshí."
科技改变了人类的生活，拿交通来说，高铁的出现使人们的日常出行更快、更方便了。,"Kējì gǎibiànle rénlèi de shēnghuó, ná jiāotōng lái shuō, gāotiě de chūxiàn shǐ rénmen de rìcháng chūxíng gèng kuài, gèng fāngbiàn le."
我保证今后再也不迟到了。,Wǒ bǎozhèng jīnhòu zài yě bù chídào le.
大学毕业以后，我再也没见过他。,"Dàxué bìyè yǐhòu, wǒ zài yě méi jiànguo tā."
他们跑了好几家医院，怎么也没查出孩子生病的原因。,"Tāmen pǎole hǎo jǐ jiā yīyuàn, zěnme yě méi cháchū háizi shēngbìng de yuányīn."
尽管每天细心照顾，可阳台上的花怎么都不开。,"Jǐnguǎn měitiān xìxīn zhàogù, kě yángtái shàng de huā zěnme dōu bù kāi."
为了梦想而努力的人值得我们学习。,Wèile mèngxiǎng ér nǔlì de rén zhíde wǒmen xuéxí.
我们减少使用塑料袋，是为了保护环境而改变习惯。,"Wǒmen jiǎnshǎo shǐyòng sùliàodài, shì wèile bǎohù huánjìng ér gǎibiàn xíguàn."
虽然日子过得很难，但也不能过一天是一天。,"Suīrán rìzi guò de hěn nán, dàn yě bùnéng guò yì tiān shì yì tiān."
要学的内容实在太多了，学一点儿是一点儿吧。,"Yào xué de nèiróng shízài tài duō le, xué yìdiǎnr shì yìdiǎnr ba."
想好了就直接做，有什么好害怕的。,"Xiǎnghǎole jiù zhíjiē zuò, yǒu shénme hǎo hàipà de."
只是一次考试没考好，没有什么好难过的。,"Zhǐshì yí cì kǎoshì méi kǎohǎo, méiyǒu shénme hǎo nánguò de."
他是他，我是我，我们的意见不一样。,"Tā shì tā, wǒ shì wǒ, wǒmen de yìjiàn bù yíyàng."
工作是工作，家庭是家庭，不要用工作的方式解决家里的问题。,"Gōngzuò shì gōngzuò, jiātíng shì jiātíng, bú yào yòng gōngzuò de fāngshì jiějué jiā lǐ de wèntí."
这场会议很重要，你去也得去，不去也得去。,"Zhè chǎng huìyì hěn zhòngyào, nǐ qù yě děi qù, bú qù yě děi qù."
结果改变不了了，你接受也得接受，不接受也得接受。,"Jiéguǒ gǎibiàn bu liǎo le, nǐ jiēshòu yě děi jiēshòu, bù jiēshòu yě děi jiēshòu."
别浪费时间了，有什么想法说就是了。,"Bié làngfèi shíjiān le, yǒu shénme xiǎngfǎ shuō jiùshì le."
你不要生气，下次别答应他就是了。,"Nǐ bú yào shēngqì, xià cì bié dāying tā jiùshì le."
还国际公司呢，服务质量这么差。,"Hái guójì gōngsī ne, fúwù zhìliàng zhème chà."
还中文专业的呢，中文说得还不如我。,"Hái Zhōngwén zhuānyè de ne, Zhōngwén shuō de hái bùrú wǒ."
我不饿，你吃你的吧，不用等我。,"Wǒ bú è, nǐ chī nǐ de ba, búyòng děng wǒ."
没有什么重要的事，你忙你的吧。,"Méiyǒu shénme zhòngyào de shì, nǐ máng nǐ de ba."
老师让你多练你就多练，肯定没坏处。,"Lǎoshī ràng nǐ duō liàn nǐ jiù duō liàn, kěndìng méi huàichù."
叫你拿着你就拿着，不用跟我客气。,"Jiào nǐ názhe nǐ jiù názhe, búyòng gēn wǒ kèqi."
他受伤了，我说什么也得去看看他。,"Tā shòushāng le, wǒ shuō shénme yě děi qù kànkan tā."
快要迟到了，说什么也得走了。,"Kuàiyào chídào le, shuō shénme yě děi zǒu le."
这么有用的技术，我怎么（着）也得学。,"Zhème yǒuyòng de jìshù, wǒ zěnme (zhe) yě děi xué."
买就买（点儿）吧，也不太贵。,"Mǎi jiù mǎi (diǎnr) ba, yě bú tài guì."
慢就慢（点儿）吧，能做完就行。,"Màn jiù màn (diǎnr) ba, néng zuòwán jiù xíng."
我们讨论是讨论了，可是大家各有各的想法。,"Wǒmen tǎolùn shì tǎolùn le, kěshì dàjiā gè yǒu gè de xiǎngfǎ."
留学生活累是累，不过我们学到了很多知识。,"Liúxué shēnghuó lèi shì lèi, búguò wǒmen xuédàole hěn duō zhīshi."
面试的时候，我心里紧张死了。,"Miànshì de shíhou, wǒ xīnli jǐnzhāng sǐle."
不知道从哪儿来的声音，吵死了。,"Bù zhīdao cóng nǎr lái de shēngyīn, chǎo sǐle."
吃完冰激凌，我突然牙疼得厉害。,"Chīwán bīngjilíng, wǒ tūrán yá téng de lìhai."
我们这儿有个同学病得很厉害，请你们赶快来看看。,"Wǒmen zhèr yǒu ge tóngxué bìng de hěn lìhai, qǐng nǐmen gǎnkuài lái kànkan."
你点了这么多菜，咱们两个人吃得了吗？,"Nǐ diǎnle zhème duō cài, zánmen liǎng ge rén chī de liǎo ma?"
我帮你一起做，下班之前肯定完成得了。,"Wǒ bāng nǐ yìqǐ zuò, xià bān zhīqián kěndìng wánchéng de liǎo."
行李太重了，我一个人拿不了。,"Xíngli tài zhòng le, wǒ yí ge rén ná bu liǎo."
明天的比赛他参加不了。,Míngtiān de bǐsài tā cānjiā bu liǎo.
作为学生，难道学习不是最重要的事情吗？,"Zuòwéi xuésheng, nándào xuéxí bú shì zuì zhòngyào de shìqing ma?"
工作出了问题，你难道不应该负责吗？,"Gōngzuò chūle wèntí, nǐ nándào bù yīnggāi fùzé ma?"
这么有名的作家，谁不认识他？,"Zhème yǒumíng de zuòjiā, shéi bú rènshi tā?"
他去哪儿从来不说，我怎么会知道呢？,"Tā qù nǎr cónglái bù shuō, wǒ zěnme huì zhīdao ne?"
事情这么多，我哪儿有时间出去旅游啊？,"Shìqing zhème duō, wǒ nǎr yǒu shíjiān chūqù lǚyóu a?"
你再把那件衣服洗一洗。,Nǐ zài bǎ nà jiàn yīfu xǐ yi xǐ.
你把窗户擦一擦，我把地板扫一扫,"Nǐ bǎ chuānghu cā yi cā, wǒ bǎ dìbǎn sǎo yi sǎo"
他把钱算了算，又取了一点儿出来。,"Tā bǎ qián suàn le suàn, yòu qǔle yìdiǎnr chūlái."
我把银行卡密码忘了。,Wǒ bǎ yínhángkǎ mìmǎ wàng le.
他把新买的手机丢了。,Tā bǎ xīn mǎi de shǒujī diū le.
因为不收拾房间，妈妈把他批评了一顿。,"Yīnwèi bù shōushi fángjiān, māma bǎ tā pīpíngle yí dùn."
同学们把课文读了两遍。,Tóngxuémen bǎ kèwén dúle liǎng biàn.
他把这个问题认真地考虑了好几天。,Tā bǎ zhège wèntí rènzhēn de kǎolǜle hǎo jǐ tiān.
你别把垃圾往地上扔。,Nǐ bié bǎ lājī wǎng dì shàng rēng.
请大家把说明书认真读一读。,Qǐng dàjiā bǎ shuōmíngshū rènzhēn dú yi dú.
我的自行车让朋友借去了。,Wǒ de zìxíngchē ràng péngyou jièqù le.
相机叫谁拿走了？,Xiàngjī jiào shéi názǒu le?
老师表扬我取得了好成绩。,Lǎoshī biǎoyáng wǒ qǔdéle hǎo chéngjì.
警察表扬那个小伙子帮助了别人。,Jǐngchá biǎoyáng nàge xiǎohuǒzi bāngzhùle biéren.
妈妈总是批评我不收拾房间。,Māma zǒngshì pīpíng wǒ bù shōushi fángjiān.
经理批评我没带会议资料。,Jīnglǐ pīpíng wǒ méi dài huìyì zīliào.
同学们选我做小组长。,Tóngxuémen xuǎn wǒ zuò xiǎozǔzhǎng.
大家想选他当队长。,Dàjiā xiǎng xuǎn tā dāng duìzhǎng.
张教授同意收我为学生。,Zhāng jiàoshòu tóngyì shōu wǒ wéi xuésheng.
这件事使我改变了对她的印象。,Zhè jiàn shì shǐ wǒ gǎibiànle duì tā de yìnxiàng.
那些美好的回忆让我永远难忘。,Nàxiē měihǎo de huíyì ràng wǒ yǒngyuǎn nánwàng.
现在堵车，打车不如坐地铁快。,"Xiànzài dǔchē, dǎ chē bùrú zuò dìtiě kuài."
我觉得玩游戏不如看小说有意思。,Wǒ juéde wán yóuxì bùrú kàn xiǎoshuō yǒuyìsi.
跟线下购物相比，上网买东西更符合年轻人的习惯。,"Gēn xiànxià gòuwù xiāngbǐ, shàngwǎng mǎi dōngxi gèng fúhé niánqīngrén de xíguàn."
跟其他公司相比，我们的产品不但便宜，而且服务也好。,"Gēn qítā gōngsī xiāngbǐ, wǒmen de chǎnpǐn búdàn piányi, érqiě fúwù yě hǎo."
没有学生不喜欢放假。,Méiyǒu xuésheng bù xǐhuan fàngjià.
这么重要的内容老师不可能没讲过。,Zhème zhòngyào de nèiróng lǎoshī bù kěnéng méi jiǎngguo.
他不是不想帮忙，而是确实没时间。,"Tā bú shì bù xiǎng bāngmáng, érshì quèshí méi shíjiān."
我不是不爱喝咖啡，而是担心晚上睡不着。,"Wǒ bú shì bú ài hē kāfēi, érshì dānxīn wǎnshang shuì bu zháo."
这个牌子的奶茶既好喝，又健康。,"Zhège páizi de nǎichá jì hǎohē, yòu jiànkāng."
我每天骑自行车上学，这样既能锻炼身体，也对环境保护有帮助。,"Wǒ měitiān qí zìxíngchē shàng xué, zhèyàng jì néng duànliàn shēntǐ, yě duì huánjìng bǎohù yǒu bāngzhù."
参加文化活动一方面可以增长知识，另一方面可以认识新的朋友。,"Cānjiā wénhuà huódòng yì fāngmiàn kěyǐ zēngzhǎng zhīshi, lìng yì fāngmiàn kěyǐ rènshi xīn de péngyou."
想要解决大城市堵车的问题，一方面要提高公共交通服务质量，另一方面要让人们养成绿色出行的习惯。,"Xiǎng yào jiějué dà chéngshì dǔchē de wèntí, yì fāngmiàn yào tígāo gōnggòng jiāotōng fúwù zhìliàng, lìng yì fāngmiàn yào ràng rénmen yǎngchéng lǜsè chūxíng de xíguàn."
选择职业的时候，应该首先了解自己的性格、能力，其次再考虑工资、收入等方面的问题。,"Xuǎnzé zhíyè de shíhou, yīnggāi shǒuxiān liǎojiě zìjǐ de xìnggé, nénglì, qícì zài kǎolǜ gōngzī, shōurù děng fāngmiàn de wèntí."
我学汉语首先是因为对中国文化感兴趣，其次是为了获得更多的工作机会。,"Wǒ xué Hànyǔ shǒuxiān shì yīnwèi duì Zhōngguó wénhuà gǎn xìngqù, qícì shì wèile huòdé gèng duō de gōngzuò jīhuì."
首先要找到一个合适的目标，然后坚持学习，这样才能学好中文。,"Shǒuxiān yào zhǎodào yí ge héshì de mùbiāo, ránhòu jiānchí xuéxí, zhèyàng cái néng xuéhǎo Zhōngwén."
校长首先对同学们表示欢迎，然后介绍了学校的一些基本情况。,"Xiàozhǎng shǒuxiān duì tóngxuémen biǎoshì huānyíng, ránhòu jièshàole xuéxiào de yìxiē jīběn qíngkuàng."
人们喜欢一边喝咖啡，一边聊天儿，于是城市里的咖啡馆越来越多。,"Rénmen xǐhuan yìbiān hē kāfēi, yìbiān liáotiānr, yúshì chéngshì lǐ de kāfēiguǎn yuèláiyuè duō."
大家不断地鼓励我，于是我决定报名参加这个比赛。,"Dàjiā búduàn de gǔlì wǒ, yúshì wǒ juédìng bàomíng cānjiā zhège bǐsài."
为了锻炼身体，我一有空就去健身房，甚至专门请了一个健身教练。,"Wèile duànliàn shēntǐ, wǒ yì yǒu kòng jiù qù jiànshēnfáng, shènzhì zhuānmén qǐngle yí ge jiànshēn jiàoliàn."
收到大学的入学通知，我高兴极了，甚至觉得自己是世界上最幸福的人。,"Shōudào dàxué de rùxué tōngzhī, wǒ gāoxìng jíle, shènzhì juéde zìjǐ shì shìjiè shàng zuì xìngfú de rén."
我们学习生词，不仅要理解词语的意思，而且应该知道怎么使用。,"Wǒmen xuéxí shēngcí, bùjǐn yào lǐjiě cíyǔ de yìsi, érqiě yīnggāi zhīdao zěnme shǐyòng."
这里不光有美丽的风景，还有各种少见的动物、植物。,"Zhèlǐ bùguāng yǒu měilì de fēngjǐng, hái yǒu gèzhǒng shǎojiàn de dòngwù, zhíwù."
经过四年的努力，他终于顺利毕业，并且有了一家自己的公司。,"Jīngguò sì nián de nǔlì, tā zhōngyú shùnlì bìyè, bìngqiě yǒule yì jiā zìjǐ de gōngsī."
随着经济的发展，人们的生活水平提高了，并且对健康和生活质量的要求也越来越高。,"Suízhe jīngjì de fāzhǎn, rénmen de shēnghuó shuǐpíng tígāo le, bìngqiě duì jiànkāng hé shēnghuó zhìliàng de yāoqiú yě yuèláiyuè gāo."
我有时候连老师说的话也听不懂，听广播就更难了。,"Wǒ yǒu shíhou lián lǎoshī shuō de huà yě tīng bu dǒng, tīng guǎngbō jiù gèng nán le."
受伤以后，他连走路都困难，踢足球更不可能了。,"Shòushāng yǐhòu, tā lián zǒulù dōu kùnnan, tī zúqiú gèng bù kěnéng le."
毕业以后，同学们不是留在中国继续学习，就是回国工作。,"Bìyè yǐhòu, tóngxuémen bú shì liú zài Zhōngguó jìxù xuéxí, jiùshì huí guó gōngzuò."
周末他不是在游泳馆游泳，就是在篮球场打篮球。,"Zhōumò tā bú shì zài yóuyǒngguǎn yóuyǒng, jiùshì zài lánqiúchǎng dǎ lánqiú."
尽管收入不高，但是我对这份工作很满意。,"Jǐnguǎn shōurù bù gāo, dànshì wǒ duì zhè fèn gōngzuò hěn mǎnyì."
尽管已经很晚了，可是她仍然在学习。,"Jǐnguǎn yǐjīng hěn wǎn le, kěshì tā réngrán zài xuéxí."
我知道那部电影很有意思，然而太忙了，一直没时间看。,"Wǒ zhīdao nà bù diànyǐng hěn yǒuyìsi, rán'ér tài máng le, yìzhí méi shíjiān kàn."
她以为能轻松通过考试，然而成绩却不太好。,"Tā yǐwéi néng qīngsōng tōngguò kǎoshì, rán'ér chéngjì què bú tài hǎo."
我很想参加你的生日晚会，不过我明天有考试，得好好复习。,"Wǒ hěn xiǎng cānjiā nǐ de shēngrì wǎnhuì, búguò wǒ míngtiān yǒu kǎoshì, děi hǎohǎo fùxí."
他只学了三个月中文，不过已经说得不错了。,"Tā zhǐ xuéle sān ge yuè Zhōngwén, búguò yǐjīng shuō de búcuò le."
这些衣服便宜是便宜，就是感觉质量不太好。,"Zhèxiē yīfu piányi shì piányi, jiùshì gǎnjué zhìliàng bú tài hǎo."
小张这个人聪明是聪明，不过有时候比较懒。,"Xiǎo Zhāng zhège rén cōngming shì cōngming, búguò yǒu shíhou bǐjiào lǎn."
你下了飞机记得给妈妈打个电话，否则她会一直担心你。,"Nǐ xiàle fēijī jìde gěi māma dǎ ge diànhuà, fǒuzé tā huì yìzhí dānxīn nǐ."
课后一定要经常复习，否则很快就会忘记。,"Kè hòu yídìng yào jīngcháng fùxí, fǒuzé hěn kuài jiù huì wàngjì."
你要是想取得成功，就必须坚持到底。,"Nǐ yàoshi xiǎng qǔdé chénggōng, jiù bìxū jiānchí dàodǐ."
要是人人都能节约用水，地球的环境就能得到更好的保护。,"Yàoshi rénrén dōu néng jiéyuē yòngshuǐ, dìqiú de huánjìng jiù néng dédào gèng hǎo de bǎohù."
要是你打算假期去旅游，就提前上网订票，否则到时候就买不到了。,"Yàoshi nǐ dǎsuàn jiàqī qù lǚyóu, jiù tíqián shàngwǎng dìng piào, fǒuzé dào shíhou jiù mǎi bu dào le."
要是你不常穿，最好就不要买，否则买了也是浪费。,"Yàoshi nǐ bù cháng chuān, zuìhǎo jiù bú yào mǎi, fǒuzé mǎile yě shì làngfèi."
不管在什么地方，说话、办事都要有礼貌。,"Bùguǎn zài shénme dìfang, shuōhuà, bànshì dōu yào yǒu lǐmào."
不管别人怎么说，我也不会改变主意。,"Bùguǎn biéren zěnme shuō, wǒ yě bú huì gǎibiàn zhǔyi."
无论在多么紧张的情况下，他都表现得非常冷静。,"Wúlùn zài duōme jǐnzhāng de qíngkuàng xià, tā dōu biǎoxiàn de fēicháng lěngjìng."
无论遇到多大的困难，我们也不应该随便放弃。,"Wúlùn yùdào duō dà de kùnnan, wǒmen yě bù yīnggāi suíbiàn fàngqì."
既然你这么喜欢小孩儿，毕业以后就当老师吧。,"Jìrán nǐ zhème xǐhuan xiǎoháir, bìyè yǐhòu jiù dāng lǎoshī ba."
既然来了，就进屋喝杯茶吧。,"Jìrán lái le, jiù jìn wū hē bēi chá ba."
由于您没带护照，因此不能办理银行卡。,"Yóuyú nín méi dài hùzhào, yīncǐ bù néng bànlǐ yínhángkǎ."
我对京剧很感兴趣，因此报名参加了这次活动。,"Wǒ duì jīngjù hěn gǎn xìngqù, yīncǐ bàomíng cānjiāle zhè cì huódòng."
我每天都给父母打电话，好让他们放心。,"Wǒ měitiān dōu gěi fùmǔ dǎ diànhuà, hǎo ràng tāmen fàngxīn."
我们应该多鼓励他，好让他有信心。,"Wǒmen yīnggāi duō gǔlì tā, hǎo ràng tā yǒu xìnxīn."
你即使干到明天早上，恐怕也干不完。,"Nǐ jíshǐ gàn dào míngtiān zǎoshang, kǒngpà yě gànbuwán."
即使工作再忙，也要常回家看看父母。,"Jíshǐ gōngzuò zài máng, yě yào cháng huí jiā kànkan fùmǔ."
我今天晚上就是不睡觉，也必须解决这个问题。,"Wǒ jīntiān wǎnshang jiùshì bú shuìjiào, yě bìxū jiějué zhège wèntí."
你就是不同意，我也不会改变自己的决定。,"Nǐ jiùshì bù tóngyì, wǒ yě bú huì gǎibiàn zìjǐ de juédìng."
你着急你先走吧。,Nǐ zháojí nǐ xiān zǒu ba.
站得高看得远。,Zhàn de gāo kàn de yuǎn.
他同意我不同意。,Tā tóngyì wǒ bù tóngyì.
今晚我不睡觉也要把作业写完。,Jīnwǎn wǒ bú shuìjiào yě yào bǎ zuòyè xiěwán.
你不喜欢做也得做。,Nǐ bù xǐhuan zuò yě děi zuò.
我们的宿舍楼有三百来间房。,Wǒmen de sùshèlóu yǒu sānbǎi lái jiān fáng.
书架上放着一百来本书。,Shūjià shàng fàngzhe yìbǎi lái běn shū.
这条大鱼估计有十来斤重。,Zhè tiáo dà yú gūjì yǒu shí lái jīn zhòng.
客人大约下午两点到公司参观。,Kèrén dàyuē xiàwǔ liǎng diǎn dào gōngsī cānguān.
我的中文老师四十岁左右。,Wǒ de Zhōngwén lǎoshī sìshí suì zuǒyòu.
春节前后，很多商场有打折活动。,"Chūn Jié qiánhòu, hěn duō shāngchǎng yǒu dǎzhé huódòng."
零点五、三分之一、百分之二十、两倍,"Líng diǎn wǔ, sān fēn zhī yī, bǎi fēn zhī èrshí, liǎng bèi."
老师听写了二十个汉字，每个汉字零点五分，一共十分。,"Lǎoshī tīngxiěle èrshí ge Hànzì, měi ge Hànzì líng diǎn wǔ fēn, yígòng shí fēn."
我们班有三分之一的同学没去过长城。,Wǒmen bān yǒu sān fēn zhī yī de tóngxué méi qùguo Chángchéng.
跟去年相比，今年游客的数量减少了百分之二十。,"Gēn qùnián xiāngbǐ, jīnnián yóukè de shùliàng jiǎnshǎole bǎi fēn zhī èrshí."
我的收入比去年提高了两倍。,Wǒ de shōurù bǐ qùnián tígāole liǎng bèi.
那块石头上刻着一些汉字。,Nà kuài shítou shàng kèzhe yìxiē Hànzì.
那本书里头是不是有一封信？,Nà běn shū lǐtou shì bu shì yǒu yì fēng xìn?
在日常交流中，我们应该尊重彼此。,"Zài rìcháng jiāoliú zhōng, wǒmen yīnggāi zūnzhòng bǐcǐ."
他们已经认识很久了，对彼此的习惯非常了解。,"Tāmen yǐjīng rènshi hěn jiǔ le, duì bǐcǐ de xíguàn fēicháng liǎojiě."
这里的夏天异常炎热，年年如此。,"Zhèlǐ de xiàtiān yìcháng yánrè, niánnián rúcǐ."
很多人都没有想到乡村的变化如此巨大。,Hěn duō rén dōu méiyǒu xiǎngdào xiāngcūn de biànhuà rúcǐ jùdà.
本规定自明日起正式实施。,Běn guīdìng zì míngrì qǐ zhèngshì shíshī.
本次列车开往北京西站。,Běn cì lièchē kāiwǎng Běijīng Xī Zhàn.
这册历史书讲述了古代中国的发展过程。,Zhè cè lìshǐ shū jiǎngshùle gǔdài Zhōngguó de fāzhǎn guòchéng.
第一次见面时他送给了我一朵玫瑰花。,Dì yī cì jiànmiàn shí tā sònggěile wǒ yì duǒ méiguīhuā.
这届会议讨论了许多重要的话题。,Zhè jiè huìyì tǎolùnle xǔduō zhòngyào de huàtí.
城市夜晚的天空中几乎看不到几颗星星。,Chéngshì yèwǎn de tiānkōng zhōng jīhū kànbudào jǐ kē xīngxing.
那匹马跑得特别快，赢得了这次比赛。,"Nà pǐ mǎ pǎo de tèbié kuài, yíngdéle zhè cì bǐsài."
她在表格的最后一行写上了自己的名字。,Tā zài biǎogé de zuìhòu yì háng xiěshàngle zìjǐ de míngzi.
那架飞机在空中飞行了很久，最终安全降落。,"Nà jià fēijī zài kōngzhōng fēixíngle hěn jiǔ, zuìzhōng ānquán jiàngluò."
一群可爱的孩子正在舞台上表演节目。,Yì qún kě'ài de háizi zhèngzài wǔtái shàng biǎoyǎn jiémù.
这支队伍非常优秀，连续几年都获得了冠军。,"Zhè zhī duìwu fēicháng yōuxiù, liánxù jǐ nián dōu huòdéle guànjūn."
他一不小心把一根筷子掉在了地上。,Tā yí bù xiǎoxīn bǎ yì gēn kuàizi diàozàile dì shàng.
王经理正在培训这批新员工。,Wáng jīnglǐ zhèngzài péixùn zhè pī xīn yuángōng.
为了表示对朋友的欢迎，他特意买了一束花。,"Wèile biǎoshì duì péngyou de huānyíng, tā tèyì mǎile yí shù huā."
选来选去还是这副手套戴着最舒服。,Xuǎnláixuǎnqù háishi zhè fù shǒutào dàizhe zuì shūfu.
别看书了，打开电视，看两集电视剧吧。,"Bié kàn shū le, dǎkāi diànshì, kàn liǎng jí diànshìjù ba."
地球绕太阳一周需要一年。,Dìqiú rào tàiyáng yì zhōu xūyào yì nián.
新娘看了一眼新郎，害羞得低下了头。,"Xīnniáng kànle yì yǎn xīnláng, hàixiū de dīxiàle tóu."
他在面试时过于紧张，连话都说不清楚了。,"Tā zài miànshì shí guòyú jǐnzhāng, lián huà dōu shuōbuqīngchu le."
过于追求完美反而会让人总是对现状不满意。,Guòyú zhuīqiú wánměi fǎn'ér huì ràng rén zǒngshì duì xiànzhuàng bù mǎnyì.
这次考试的题目相当难，很多同学都没有及格。,"Zhè cì kǎoshì de tímù xiāngdāng nán, hěn duō tóngxué dōu méiyǒu jígé."
他的中文水平相当不错，可以和中国人流利对话。,"Tā de Zhōngwén shuǐpíng xiāngdāng búcuò, kěyǐ hé Zhōngguórén liúlì duìhuà."
如何才能在短期内较快地提高中文水平？,Rúhé cái néng zài duǎnqī nèi jiào kuài de tígāo Zhōngwén shuǐpíng?
年轻人学习新事物的能力较强，能够很快适应新的环境。,"Niánqīngrén xuéxí xīn shìwù de nénglì jiào qiáng, nénggòu hěn kuài shìyìng xīn de huánjìng."
那家公司今年推出的新产品可受欢迎了。,Nà jiā gōngsī jīnnián tuīchū de xīn chǎnpǐn kě shòu huānyíng le.
这部电影拍得可精彩了，你千万不能错过！,"Zhè bù diànyǐng pāi de kě jīngcǎi le, nǐ qiānwàn bù néng cuòguò!"
这家餐厅的服务态度格外热情，常常需要提前预约。,"Zhè jiā cāntīng de fúwù tàidù géwài rèqíng, chángcháng xūyào tíqián yùyuē."
国庆假期的景区格外热闹，到处都是外地来的游客。,"Guóqìng jiàqī de jǐngqū géwài rènao, dàochù dōu shì wàidì lái de yóukè."
那天的天气极其恶劣，我们不得不取消旅行计划。,"Nà tiān de tiānqì jíqí èliè, wǒmen bùdébù qǔxiāo lǚxíng jìhuà."
这次旅行给我留下了极其深刻的印象，尤其是当地的美食和历史。,"Zhè cì lǚxíng gěi wǒ liúxiàle jíqí shēnkè de yìnxiàng, yóuqí shì dāngdì de měishí hé lìshǐ."
父母要时刻关心孩子的心理健康。,Fùmǔ yào shíkè guānxīn háizi de xīnlǐ jiànkāng.
他提醒我旅行时一定要时刻注意自己的护照和钱包。,Tā tíxǐng wǒ lǚxíng shí yídìng yào shíkè zhùyì zìjǐ de hùzhào hé qiánbāo.
她曾经当过导游，在设计旅行线路方面很有经验。,"Tā céngjīng dāngguo dǎoyóu, zài shèjì lǚxíng xiànlù fāngmiàn hěn yǒu jīngyàn."
王校长去年曾经来我们学校访问过。,Wáng xiàozhǎng qùnián céngjīng lái wǒmen xuéxiào fǎngwènguo.
为了迎接客人的到来，他一下班就立刻回家准备晚餐。,"Wèile yíngjiē kèrén de dàolái, tā yí xià bān jiù lìkè huí jiā zhǔnbèi wǎncān."
张教授刚说完，学生们就立刻认真地写起来。,"Zhāng jiàoshòu gāng shuōwán, xuéshengmen jiù lìkè rènzhēn de xiěqǐlai."
妈妈连忙检查摔倒的孩子有没有受伤。,Māma liánmáng jiǎnchá shuāidǎo de háizi yǒu méiyǒu shòushāng.
他连忙向交警解释自己并非故意违反交通规则。,Tā liánmáng xiàng jiāojǐng jiěshì zìjǐ bìngfēi gùyì wéifǎn jiāotōng guīzé.
最近一年，这套教材的销量始终保持增长。,"Zuìjìn yì nián, zhè tào jiàocái de xiāoliàng shǐzhōng bǎochí zēngzhǎng."
无论如何，亲朋好友始终是你的依靠。,"Wúlùn rúhé, qīnpéng hǎoyǒu shǐzhōng shì nǐ de yīkào."
这里的乡村早已实现了现代化，不再是当年的样子。,"Zhèlǐ de xiāngcūn zǎoyǐ shíxiànle xiàndàihuà, bú zài shì dāngnián de yàngzi."
科学家早已研发出治疗这种疾病的药物。,Kēxuéjiā zǎoyǐ yánfāchū zhìliáo zhè zhǒng jíbìng de yàowù.
明天公司即将召开新品发布会，欢迎大家参加！,"Míngtiān gōngsī jíjiāng zhàokāi xīnpǐn fābùhuì, huānyíng dàjiā cānjiā!"
他们的婚礼即将在下个月举行。,Tāmen de hūnlǐ jíjiāng zài xià ge yuè jǔxíng.
听到消息后，她急忙收拾行李赶往机场。,"Tīngdào xiāoxi hòu, tā jímáng shōushi xíngli gǎnwǎng jīchǎng."
车祸发生后，他急忙打电话叫救护车。,"Chēhuò fāshēng hòu, tā jímáng dǎ diànhuà jiào jiùhùchē."
计算机技术渐渐成为各行各业的关键技术。,Jìsuànjī jìshù jiànjiàn chéngwéi gèhánggèyè de guānjiàn jìshù.
春天一到，气温就开始渐渐上升了。,"Chūntiān yí dào, qìwēn jiù kāishǐ jiànjiàn shàngshēng le."
如果您有任何问题，请尽快联系我。,"Rúguǒ nín yǒu rènhé wèntí, qǐng jǐnkuài liánxì wǒ."
医生建议他尽快接受手术治疗。,Yīshēng jiànyì tā jǐnkuài jiēshòu shǒushù zhìliáo.
他们再这样一直吵下去，早晚会离婚的。,"Tāmen zài zhèyàng yìzhí chǎoxiàqu, zǎowǎn huì líhūn de."
父母应该明白，孩子早晚是要独立生活的。,"Fùmǔ yīnggāi míngbai, háizi zǎowǎn shì yào dúlì shēnghuó de."
他最近老是熬夜，所以脸色很不好。,"Tā zuìjìn lǎoshi áoyè, suǒyǐ liǎnsè hěn bù hǎo."
你出门老是忘记带钥匙，这个坏习惯一定要改！,"Nǐ chūmén lǎoshi wàngjì dài yàoshi, zhège huài xíguàn yídìng yào gǎi!"
旅行社通常在寒暑假生意更好。,Lǚxíngshè tōngcháng zài hánshǔjià shēngyi gèng hǎo.
中国的大学通常会为学生提供更换专业的机会。,Zhōngguó de dàxué tōngcháng huì wèi xuésheng tígōng gēnghuàn zhuānyè de jīhuì.
他时常下班后去公园散步，顺便放松一下心情。,"Tā shícháng xià bān hòu qù gōngyuán sànbù, shùnbiàn fàngsōng yíxià xīnqíng."
夫妻二人的工作都很忙，所以时常没有人做家务。,"Fūqī èr rén de gōngzuò dōu hěn máng, suǒyǐ shícháng méiyǒu rén zuò jiāwù."
冬天尽量少吃雪糕，容易着凉。,"Dōngtiān jǐnliàng shǎo chī xuěgāo, róngyì zháoliáng."
请大家尽量在本周五提交论文。,Qǐng dàjiā jǐnliàng zài běn zhōuwǔ tíjiāo lùnwén.
公司老板亲自参与了新产品的设计与开发。,Gōngsī lǎobǎn qīnzì cānyùle xīn chǎnpǐn de shèjì yǔ kāifā.
这些点心是我亲自为你做的。,Zhèxiē diǎnxin shì wǒ qīnzì wèi nǐ zuò de.
会议一结束，我便赶回公司了。,"Huìyì yì jiéshù, wǒ biàn gǎn huí gōngsī le."
这个学生很聪明，一教便懂。,"Zhège xuésheng hěn cōngming, yì jiāo biàn dǒng."
一旦确定了目标，就不要放弃。,"Yídàn quèdìngle mùbiāo, jiù búyào fàngqì."
这次机会非常难得，一旦错过了，你会后悔的。,"Zhè cì jīhuì fēicháng nándé, yídàn cuòguò le, nǐ huì hòuhuǐ de."
他似乎在犹豫要不要接受这份新工作。,Tā sìhū zài yóuyù yào bu yào jiēshòu zhè fèn xīn gōngzuò.
这家便利店似乎两周前就关门了。,Zhè jiā biànlìdiàn sìhū liǎng zhōu qián jiù guānmén le.
我们仿佛在哪儿见过似的。,Wǒmen fǎngfú zài nǎr jiànguo shìde.
他俩见面不打招呼，仿佛谁也不认识谁。,"Tā liǎ jiànmiàn bù dǎ zhāohu, fǎngfú shéi yě bú rènshi shéi."
毕竟他刚来公司一个月，还需要时间适应。,"Bìjìng tā gāng lái gōngsī yí ge yuè, hái xūyào shíjiān shìyìng."
他毕竟是个孩子，有些错误可以被原谅。,"Tā bìjìng shì ge háizi, yǒuxiē cuòwù kěyǐ bèi yuánliàng."
昨天我才发现新来的同事居然是我的邻居。,Zuótiān wǒ cái fāxiàn xīn lái de tóngshì jūrán shì wǒ de línjū.
这么冷的天他居然没穿外套。,Zhème lěng de tiān tā jūrán méi chuān wàitào.
你要去就去吧，反正我肯定不会去。,"Nǐ yào qù jiù qù ba, fǎnzhèng wǒ kěndìng bú huì qù."
反正我已经辞职了，今晚加班我是不会去的。,"Fǎnzhèng wǒ yǐjīng cízhí le, jīnwǎn jiābān wǒ shì bú huì qù de."
你不用再劝他了，他根本不会听。,"Nǐ búyòng zài quàn tā le, tā gēnběn bú huì tīng."
我看根本没必要追求完美，世界上不存在完美的人和事。,"Wǒ kàn gēnběn méi bìyào zhuīqiú wánměi, shìjiè shàng bù cúnzài wánměi de rén hé shì."
她果然选择了自己最喜欢的文学专业。,Tā guǒrán xuǎnzéle zìjǐ zuì xǐhuan de wénxué zhuānyè.
他果然没有放弃，坚持完成了比赛。,"Tā guǒrán méiyǒu fàngqì, jiānchí wánchéngle bǐsài."
这简直是在开玩笑！,Zhè jiǎnzhí shì zài kāi wánxiào!
画面里的竹子简直像真的一样。,Huàmiàn lǐ de zhúzi jiǎnzhí xiàng zhēn de yíyàng.
高科技绝对会成为各行各业发展的重要因素。,Gāokējì juéduì huì chéngwéi gèhánggèyè fāzhǎn de zhòngyào yīnsù.
老张这个人绝对可靠。,Lǎo Zhāng zhège rén juéduì kěkào.
近年来城乡差距的确缩小了不少。,Jìnniánlái chéngxiāng chājù díquè suōxiǎole bù shǎo.
我今天上班的确迟到了，因为路上发生了交通事故。,"Wǒ jīntiān shàng bān díquè chídào le, yīnwèi lùshang fāshēngle jiāotōng shìgù."
道歉不会损害企业的形象，反而能够赢得消费者的信任。,"Dàoqiàn bú huì sǔnhài qǐyè de xíngxiàng, fǎn'ér nénggòu yíngdé xiāofèizhě de xìnrèn."
我妈妈退休以后反而更忙了。,Wǒ māma tuìxiū yǐhòu fǎn'ér gèng máng le.
不用白费力气了，结果已经无法改变了。,"Búyòng bái fèi lìqi le, jiéguǒ yǐjīng wúfǎ gǎibiàn le."
妈妈的话白说了，孩子并没有听。,"Māma de huà bái shuō le, háizi bìng méiyǒu tīng."
今天刚好有空儿，咱们去爬山吧。,"Jīntiān gānghǎo yǒu kòngr, zánmen qù páshān ba."
我们去找他玩的时候，他刚好做完作业。,"Wǒmen qù zhǎo tā wán de shíhou, tā gānghǎo zuòwán zuòyè."
这么难得的机会，你可不能错过啊！,"Zhème nándé de jīhuì, nǐ kě bù néng cuòguò a!"
下周就要比赛了，咱们可得抓紧时间训练。,"Xià zhōu jiù yào bǐsài le, zánmen kě děi zhuājǐn shíjiān xùnliàn."
自从和丈夫离了婚，她一个人去了很多地方旅行。,"Zìcóng hé zhàngfu líle hūn, tā yí ge rén qùle hěn duō dìfang lǚxíng."
自从进入大学，每次与就业有关的讲座他都会参加。,"Zìcóng jìnrù dàxué, měi cì yǔ jiùyè yǒuguān de jiǎngzuò tā dōu huì cānjiā."
沿着这条路朝东走就是我们今晚要住的酒店。,Yánzhe zhè tiáo lù cháo dōng zǒu jiùshì wǒmen jīnwǎn yào zhù de jiǔdiàn.
冬天许多鸟都会朝南方温暖的地方飞去。,Dōngtiān xǔduō niǎo dōu huì cháo nánfāng wēnnuǎn de dìfang fēiqù.
沿着这条高速公路一直开，就能到达那座城市。,"Yánzhe zhè tiáo gāosù gōnglù yìzhí kāi, jiù néng dàodá nà zuò chéngshì."
老人沿着墙边种了很多花。,Lǎorén yánzhe qiáng biān zhòngle hěn duō huā.
你沿着这个思路进行下去，就能找到解决问题的方法。,"Nǐ yánzhe zhège sīlù jìnxíng xiàqù, jiù néng zhǎodào jiějué wèntí de fāngfǎ."
希望这次采访能替我们宣传一下公司的新产品。,Xīwàng zhè cì cǎifǎng néng tì wǒmen xuānchuán yíxià gōngsī de xīn chǎnpǐn.
我出差期间，同事替我照顾我的宠物。,"Wǒ chūchāi qījiān, tóngshì tì wǒ zhàogù wǒ de chǒngwù."
汉语同其他语言一样，有很多独特的表达方式。,"Hànyǔ tóng qítā yǔyán yíyàng, yǒu hěn duō dútè de biǎodá fāngshì."
这件事我得同父母谈谈，看看他们同意不同意。,"Zhè jiàn shì wǒ děi tóng fùmǔ tántan, kànkan tāmen tóngyì bu tóngyì."
今年的放假时间较去年稍有变化。,Jīnnián de fàngjià shíjiān jiào qùnián shāo yǒu biànhuà.
本月产品销量较上月增长百分之十五。,Běn yuè chǎnpǐn xiāoliàng jiào shàng yuè zēngzhǎng bǎi fēn zhī shíwǔ.
她凭这部电影成为了今年的最佳导演。,Tā píng zhè bù diànyǐng chéngwéile jīnnián de zuìjiā dǎoyǎn.
凭这张票，你可以免费参观这场展览。,"Píng zhè zhāng piào, nǐ kěyǐ miǎnfèi cānguān zhè chǎng zhǎnlǎn."
据我们掌握的数据，这个地区的石油资源十分丰富。,"Jù wǒmen zhǎngwò de shùjù, zhège dìqū de shíyóu zīyuán shífēn fēngfù."
据我观察，这个问题不难解决。,"Jù wǒ guānchá, zhège wèntí bù nán jiějué."
法律的修改应当依据社会现实。,Fǎlǜ de xiūgǎi yīngdāng yījù shèhuì xiànshí.
企业要依据消费者的需求研发新产品。,Qǐyè yào yījù xiāofèizhě de xūqiú yánfā xīn chǎnpǐn.
他负责项目的设计、执行以及最终的总结工作。,"Tā fùzé xiàngmù de shèjì, zhíxíng yǐjí zuìzhōng de zǒngjié gōngzuò."
我对这本书的内容以及作者还不太了解，你能介绍一下吗？,"Wǒ duì zhè běn shū de nèiróng yǐjí zuòzhě hái bú tài liǎojiě, nǐ néng jièshào yíxià ma?"
你同新来的同事一起去吧，顺便给他介绍一下公司的情况。,"Nǐ tóng xīn lái de tóngshì yìqǐ qù ba, shùnbiàn gěi tā jièshào yíxià gōngsī de qíngkuàng."
这项比赛要求孩子同家长一起参加。,Zhè xiàng bǐsài yāoqiú háizi tóng jiāzhǎng yìqǐ cānjiā.
学校更新了教学设备，从而为学生提供了更好的学习环境。,"Xuéxiào gēngxīnle jiàoxué shèbèi, cóng'ér wèi xuésheng tígōngle gèng hǎo de xuéxí huánjìng."
这次合作让我们加深了对彼此的了解，从而建立了深厚的友谊。,"Zhè cì hézuò ràng wǒmen jiāshēnle duì bǐcǐ de liǎojiě, cóng'ér jiànlìle shēnhòu de yǒuyì."
他每天都工作到很晚，可见他十分热爱这份工作。,"Tā měitiān dōu gōngzuò dào hěn wǎn, kějiàn tā shífēn rè'ài zhè fèn gōngzuò."
他的演讲得到了热烈的掌声，可见大家都很支持他的观点。,"Tā de yǎnjiǎng dédàole rèliè de zhǎngshēng, kějiàn dàjiā dōu hěn zhīchí tā de guāndiǎn."
假如让我重新选择，我还是会选择医学专业。,"Jiǎrú ràng wǒ chóngxīn xuǎnzé, wǒ háishi huì xuǎnzé yīxué zhuānyè."
假如你有机会出国旅行，你最想去哪个国家？,"Jiǎrú nǐ yǒu jīhuì chūguó lǚxíng, nǐ zuì xiǎng qù nǎge guójiā?"
一个人在国外生活，要自己照顾自己，还要学习当地的语言和文化，总之，挺不容易的。,"Yí ge rén zài guówài shēnghuó, yào zìjǐ zhàogù zìjǐ, hái yào xuéxí dāngdì de yǔyán hé wénhuà, zǒngzhī, tǐng bù róngyì de."
你同意也好，不同意也好，总之，我一定要去北京。,"Nǐ tóngyì yě hǎo, bù tóngyì yě hǎo, zǒngzhī, wǒ yídìng yào qù Běijīng."
她笑得像个孩子似的。,Tā xiào de xiàng ge háizi shìde.
他们讨论得很激烈，像是要吵起来似的。,"Tāmen tǎolùn de hěn jīliè, xiàng shì yào chǎoqǐlai shìde."
我们争来争去，还是没找到最佳方案。,"Wǒmen zhēng lái zhēng qù, háishi méi zhǎodào zuìjiā fāng'àn."
他工作很忙，经常在国内外飞来飞去。,"Tā gōngzuò hěn máng, jīngcháng zài guónèiwài fēilái fēiqù."
我想来想去，决定先不告诉她这个坏消息。,"Wǒ xiǎng lái xiǎng qù, juédìng xiān bú gàosu tā zhège huài xiāoxi."
我今天太困了，写着写着作业就睡着了。,"Wǒ jīntiān tài kùn le, xiězhe xiězhe zuòyè jiù shuìzháo le."
他走着走着，突然发现自己迷路了。,"Tā zǒuzhe zǒuzhe, tūrán fāxiàn zìjǐ mílù le."
你这样没日没夜地工作，身体早晚会出问题的。,"Nǐ zhèyàng méi rì méi yè de gōngzuò, shēntǐ zǎowǎn huì chū wèntí de."
这孩子说话没大没小，父母必须要好好教育。,"Zhè háizi shuōhuà méi dà méi xiǎo, fùmǔ bìxū yào hǎohǎo jiàoyù."
越来越多的年轻人选择说走就走的旅行。,Yuèláiyuè duō de niánqīngrén xuǎnzé shuō zǒu jiù zǒu de lǚxíng.
他总是说干就干，从不浪费时间。,"Tā zǒngshì shuō gàn jiù gàn, cóng bú làngfèi shíjiān."
他最近的表现好得不得了，老师都说他进步很大。,"Tā zuìjìn de biǎoxiàn hǎo de bùdéliǎo, lǎoshī dōu shuō tā jìnbù hěn dà."
不得了了，厨房着火了！,"Bùdéliǎo le, chúfáng zháohuǒ le!"
这点儿小病，用不着去医院。,"Zhè diǎnr xiǎobìng, yòngbuzháo qù yīyuàn."
这件事用不着大家都来帮忙，我自己就能完成。,"Zhè jiàn shì yòngbuzháo dàjiā dōu lái bāngmáng, wǒ zìjǐ jiù néng wánchéng."
我们还有时间，你现在用不着着急。,"Wǒmen hái yǒu shíjiān, nǐ xiànzài yòngbuzháo zháojí."
从这次的考试成绩来看，大家都付出了很多努力。,"Cóng zhè cì de kǎoshì chéngjì lái kàn, dàjiā dōu fùchūle hěn duō nǔlì."
从长远来看，掌握一门外语对个人发展很有帮助。,"Cóng chángyuǎn lái kàn, zhǎngwò yì mén wàiyǔ duì gèrén fāzhǎn hěn yǒu bāngzhù."
这些汉字写得大的大、小的小，一点儿也不整齐。,"Zhèxiē hànzì xiě de dà de dà, xiǎo de xiǎo, yìdiǎnr yě bù zhěngqí."
广场上孩子们跑的跑，跳的跳，热闹极了。,"Guǎngchǎng shàng háizimen pǎo de pǎo, tiào de tiào, rènao jí le."
自改革开放以来，中国社会发生了巨大的改变。,"Zì gǎigé kāifàng yǐlái, Zhōngguó shèhuì fāshēngle jùdà de gǎibiàn."
外公去世以来，我时常梦到他。,"Wàigōng qùshì yǐlái, wǒ shícháng mèngdào tā."
本课程由理论学习和实践操作两部分内容组成。,Běn kèchéng yóu lǐlùn xuéxí hé shíjiàn cāozuò liǎng bùfen nèiróng zǔchéng.
项目团队由三位工程师组成。,Xiàngmù tuánduì yóu sān wèi gōngchéngshī zǔchéng.
马上就要面试了，他紧张得坐也不是，站也不是。,"Mǎshàng jiù yào miànshì le, tā jǐnzhāng de zuò yě bú shì, zhàn yě bú shì."
公司已经三个月没有发工资了，他走也不是，留也不是，不知道怎么办好。,"Gōngsī yǐjīng sān ge yuè méiyǒu fā gōngzī le, tā zǒu yě bú shì, liú yě bú shì, bù zhīdao zěnme bàn hǎo."
对这个孩子他实在没办法，打也打不得，说也说不得。,"Duì zhège háizi tā shízài méi bànfǎ, dǎ yě dǎ bu dé, shuō yě shuō bu dé."
听到消息后，她哭也哭不得，笑也笑不得。,"Tīngdào xiāoxi hòu, tā kū yě kū bu dé, xiào yě xiào bu dé."
好是它，坏也是它，你没有别的选择。,"Hǎo shì tā, huài yě shì tā, nǐ méiyǒu bié de xuǎnzé."
成功是它，失败也是它，这个决定我绝对不后悔。,"Chénggōng shì tā, shībài yě shì tā, zhège juédìng wǒ juéduì bú hòuhuǐ."
闲着也是闲着，明天我准备把车库打扫一遍。,"Xiánzhe yě shì xiánzhe, míngtiān wǒ zhǔnbèi bǎ chēkù dǎsǎo yí biàn."
那辆旧车你很少开，放着也是放着，要不卖了吧。,"Nà liàng jiù chē nǐ hěn shǎo kāi, fàngzhe yě shì fàngzhe, yàobu mài le ba."
不管怎么说，健康才是最重要的，要注意身体。,"Bùguǎn zěnme shuō, jiànkāng cái shì zuì zhòngyào de, yào zhùyì shēntǐ."
不管怎么说，用打骂的方法教育孩子是不对的。,"Bùguǎn zěnme shuō, yòng dǎmà de fāngfǎ jiàoyù háizi shì bú duì de."
真有你的，这么难的题目都做对了！,"Zhēn yǒu nǐ de, zhème nán de tímù dōu zuò duì le!"
真有他的，一个人爬上了这么高的山！,"Zhēn yǒu tā de, yí ge rén páshàngle zhème gāo de shān!"
真有她的，在这么吵的地方都能睡着！,"Zhēn yǒu tā de, zài zhème chǎo de dìfang dōu néng shuìzháo!"
吵什么吵，公共场所禁止大声说话！,"Chǎo shénme chǎo, gōnggòng chǎngsuǒ jìnzhǐ dàshēng shuōhuà!"
玩什么玩，作业还没写完呢！,"Wán shénme wán, zuòyè hái méi xiěwán ne!"
什么谢不谢的，我们之间不用这么客气。,"Shénme xiè bu xiè de, wǒmen zhījiān búyòng zhème kèqi."
什么麻烦不麻烦的，朋友之间互相帮忙是应该的。,"Shénme máfan bu máfan de, péngyou zhījiān hùxiāng bāngmáng shì yīnggāi de."
音乐会的门票是客户赠送的，咱们不听白不听。,"Yīnyuèhuì de ménpiào shì kèhù zèngsòng de, zánmen bù tīng bái bù tīng."
这件衣服难得打折，不买白不买。,"Zhè jiàn yīfu nándé dǎzhé, bù mǎi bái bù mǎi."
听来听去，都是一些差不多的意见。,"Tīng lái tīng qù, dōu shì yìxiē chàbuduō de yìjiàn."
大家商量来商量去，就是想不出什么好办法。,"Dàjiā shāngliang lái shāngliang qù, jiùshì xiǎngbuchū shénme hǎo bànfǎ."
孩子长大了，不像以前，父母说什么就是什么。,"Háizi zhǎngdà le, bú xiàng yǐqián, fùmǔ shuō shénme jiùshì shénme."
工作要按照公司的规定执行，不能你想什么就是什么。,"Gōngzuò yào ànzhào gōngsī de guīdìng zhíxíng, bù néng nǐ xiǎng shénme jiùshì shénme."
他为了锻炼身体每天早上在公园里跑步。,Tā wèile duànliàn shēntǐ měitiān zǎoshang zài gōngyuán lǐ pǎobù.
他昨天晚上一个人在图书馆认真地复习了三个小时。,Tā zuótiān wǎnshang yí ge rén zài túshūguǎn rènzhēn de fùxíle sān ge xiǎoshí.
伤害人的玩笑可开不得。,Shānghài rén de wánxiào kě kāibude.
这院是出得还是出不得，得先问问医生的建议。,"Zhè yuàn shì chūde háishi chūbude, děi xiān wènwen yīshēng de jiànyì."
写论文这件事情急不得，你得多看多想。,"Xiě lùnwén zhè jiàn shìqing jíbude, nǐ děi duō kàn duō xiǎng."
收到大学的录取通知书，她激动得不得了。,"Shōudào dàxué de lùqǔ tōngzhīshū, tā jīdòng de bùdéliǎo."
听到父亲被送去急诊的消息，她担心得不得了。,"Tīngdào fùqīn bèi sòngqù jízhěn de xiāoxi, tā dānxīn de bùdéliǎo."
听着窗外的雨声，我的心慢慢地平静下来了。,"Tīngzhe chuāngwài de yǔshēng, wǒ de xīn mànmàn de píngjìngxiàlai le."
不知道是什么原因，他的声音渐渐低了下去。,"Bù zhīdao shì shénme yuányīn, tā de shēngyīn jiànjiàn dīle xiàqù."
该睡觉了，快把你的玩具收拾起来。,"Gāi shuìjiào le, kuài bǎ nǐ de wánjù shōushiqǐlai."
在医生们的努力下，病人终于醒过来了。,"Zài yīshēngmen de nǔlì xià, bìngrén zhōngyú xǐngguòlai le."
经过一天的长途旅行，大家都很累，一上车就纷纷睡过去了。,"Jīngguò yì tiān de chángtú lǚxíng, dàjiā dōu hěn lèi, yí shàng chē jiù fēnfēn shuìguòqu le."
孩子们玩儿得忘了时间，直到天黑才回家。,"Háizimen wánr de wàngle shíjiān, zhídào tiān hēi cái huí jiā."
面对自己喜欢的明星，他紧张得说不出话。,"Miànduì zìjǐ xǐhuan de míngxīng, tā jǐnzhāng de shuōbuchū huà."
他跑得全身是汗，终于按时到了公司。,"Tā pǎo de quánshēn shì hàn, zhōngyú ànshí dàole gōngsī."
天气热得大家都不想出门。,Tiānqì rè de dàjiā dōu bù xiǎng chūmén.
快上课了，他跑得上气不接下气。,"Kuài shàng kè le, tā pǎo de shàngqìbùjiēxiàqì."
为了准备年夜饭，她累得满头大汗。,"Wèile zhǔnbèi niányèfàn, tā lèi de mǎntóudàhàn."
尽管是兄弟，但是他们心里有着很深的矛盾。,"Jǐnguǎn shì xiōngdì, dànshì tāmen xīnli yǒuzhe hěn shēn de máodùn."
两国之间有着长期友好的关系。,Liǎng guó zhījiān yǒuzhe chángqī yǒuhǎo de guānxi.
门关着，墙上挂有“暂停营业”的牌子。,"Mén guānzhe, qiáng shàng guà yǒu ""zàntíng yíngyè"" de páizi."
这本书的第一页写有作者的名字。,Zhè běn shū de dì yī yè xiě yǒu zuòzhě de míngzi.
孩子把书包一扔，坐在地上哭了起来。,"Háizi bǎ shūbāo yì rēng, zuò zài dì shàng kūle qǐlái."
经理把任务一说，员工们就开始干活了。,"Jīnglǐ bǎ rènwu yì shuō, yuángōngmen jiù kāishǐ gànhuó le."
他把存款都买车了。,Tā bǎ cúnkuǎn dōu mǎi chē le.
我把父母给的生活费借朋友了。,Wǒ bǎ fùmǔ gěi de shēnghuófèi jiè péngyou le.
她丈夫生病住院了。（因果）,Tā zhàngfu shēngbìng zhùyuàn le. (yīnguǒ)
王经理开会忘了带会议资料。（转折）,Wáng jīnglǐ kāihuì wàngle dài huìyì zīliào. (zhuǎnzhé)
面对快速变化的形势，我们应该尽快制定方案应对风险。（条件）,"Miànduì kuàisù biànhuà de xíngshì, wǒmen yīnggāi jǐnkuài zhìdìng fāng'àn yìngduì fēngxiǎn. (tiáojiàn)"
他高我一头。,Tā gāo wǒ yì tóu.
姐姐重我两公斤。,Jiějie zhòng wǒ liǎng gōngjīn.
哥哥早我两年上学。,Gēge zǎo wǒ liǎng nián shàng xué.
我新买的衣服被他给洗坏了。,Wǒ xīn mǎi de yīfu bèi tā gěi xǐhuài le.
她的帽子叫风给吹跑了。,Tā de màozi jiào fēng gěi chuīpǎo le.
对不起，这些资料让我给搞乱了。,"Duìbuqǐ, zhèxiē zīliào ràng wǒ gěi gǎoluàn le."
领导还没讲完，他便提前离开了。,"Lǐngdǎo hái méi jiǎngwán, tā biàn tíqián líkāi le."
他看我心情不好，便陪我聊了半天。,"Tā kàn wǒ xīnqíng bù hǎo, biàn péi wǒ liáole bàntiān."
我写完作业便和朋友一起出去玩儿了。,Wǒ xiěwán zuòyè biàn hé péngyou yìqǐ chūqù wánr le.
晚餐我或是吃面条儿，或是喝粥。,"Wǎncān wǒ huòshì chī miàntiáor, huòshì hē zhōu."
假期他或是去海边度假，或是去爬山。,"Jiàqī tā huòshì qù hǎibiān dùjià, huòshì qù páshān."
一旦养成坏习惯，就很难改变。,"Yídàn yǎngchéng huài xíguàn, jiù hěn nán gǎibiàn."
孩子一旦发烧，就赶快送去医院。,"Háizi yídàn fāshāo, jiù gǎnkuài sòngqù yīyuàn."
假如他们也同意，我们就按照计划开展工作。,"Jiǎrú tāmen yě tóngyì, wǒmen jiù ànzhào jìhuà kāizhǎn gōngzuò."
假如有一天你当了校长，你会制定什么规则？,"Jiǎrú yǒu yì tiān nǐ dāngle xiàozhǎng, nǐ huì zhìdìng shénme guīzé?"
万一他不配合，我们就要想其他办法。,"Wànyī tā bú pèihé, wǒmen jiù yào xiǎng qítā bànfǎ."
万一失败了，你考虑过后果吗？,"Wànyī shībài le, nǐ kǎolǜguo hòuguǒ ma?"
公司需要敢想敢干的年轻人，要不然就很难有发展。,"Gōngsī xūyào gǎn xiǎng gǎn gàn de niánqīngrén, yàoburán jiù hěn nán yǒu fāzhǎn."
还好我反应快，不然孩子就摔倒了。,"Hái hǎo wǒ fǎnyìng kuài, bùrán háizi jiù shuāidǎo le."
她上课坚持认真听讲，因而成绩始终非常优秀。,"Tā shàng kè jiānchí rènzhēn tīngjiǎng, yīn'ér chéngjì shǐzhōng fēicháng yōuxiù."
我和他认识很多年了，因而很了解他的性格。,"Wǒ hé tā rènshi hěn duō nián le, yīn'ér hěn liǎojiě tā de xìnggé."
这个项目完成得如此顺利，可见团队的合作非常有效。,"Zhège xiàngmù wánchéng de rúcǐ shùnlì, kějiàn tuánduì de hézuò fēicháng yǒuxiào."
他每天都在图书馆学习，可见他对考试非常重视。,"Tā měitiān dōu zài túshūguǎn xuéxí, kějiàn tā duì kǎoshì fēicháng zhòngshì."
哪怕时间再紧张，也要按时完成任务。,"Nǎpà shíjiān zài jǐnzhāng, yě yào ànshí wánchéng rènwu."
哪怕租金继续提高，也仍然有很多人愿意住在这里。,"Nǎpà zūjīn jìxù tígāo, yě réngrán yǒu hěn duō rén yuànyì zhù zài zhèlǐ."
他不但不改正错误，反而继续犯更大的错误。,"Tā búdàn bù gǎizhèng cuòwù, fǎn'ér jìxù fàn gèng dà de cuòwù."
你这样做不但没有解决问题，反而增加了新问题。,"Nǐ zhèyàng zuò búdàn méiyǒu jiějué wèntí, fǎn'ér zēngjiāle xīn wèntí."
火不但没有灭，反而越来越大了。,"Huǒ búdàn méiyǒu miè, fǎn'ér yuèláiyuè dà le."
不是光有目标就可以，还要行动起来。,"Bú shì guāng yǒu mùbiāo jiù kěyǐ, hái yào xíngdòngqǐlai."
这个问题不是我一个人就能解决的，还是需要大家积极配合。,"Zhège wèntí bú shì wǒ yí ge rén jiù néng jiějué de, háishi xūyào dàjiā jījí pèihé."
他每天早起锻炼，为的是保持健康。,"Tā měitiān zǎo qǐ duànliàn, wèi de shì bǎochí jiànkāng."
她每天都练习中文，为的是将来能够来中国留学。,"Tā měitiān dōu liànxí Zhōngwén, wèi de shì jiānglái nénggòu lái Zhōngguó liúxué."
没有老师的努力付出就没有我们今天的成绩。,Méiyǒu lǎoshī de nǔlì fùchū jiù méiyǒu wǒmen jīntiān de chéngjì.
没有汗水就没有收获。,Méiyǒu hànshuǐ jiù méiyǒu shōuhuò.
不尝不知道，这种水果的味道果然很独特。,"Bù cháng bù zhīdao, zhè zhǒng shuǐguǒ de wèidao guǒrán hěn dútè."
毛病虽然不大，但还是应该修理一下，不修不安全。,"Máobìng suīrán bú dà, dàn háishi yīnggāi xiūlǐ yíxià, bù xiū bù ānquán."
这首歌再听多少遍也不会烦。,Zhè shǒu gē zài tīng duōshao biàn yě bú huì fán.
困难再大也要坚持下去。,Kùnnan zài dà yě yào jiānchíxiàqu.
没想到他竟然超水平发挥，最终赢得了这场比赛。,"Méi xiǎngdào tā jìngrán chāoshuǐpíng fāhuī, zuìzhōng yíngdéle zhè chǎng bǐsài."
这位演员的表演总能展现出多层次的人物心理。,Zhè wèi yǎnyuán de biǎoyǎn zǒng néng zhǎnxiànchū duō céngcì de rénwù xīnlǐ.
父母过分关注孩子的一举一动，会对孩子的成长起到反作用。,"Fùmǔ guòfèn guānzhù háizi de yìjǔyídòng, huì duì háizi de chéngzhǎng qǐdào fǎnzuòyòng."
公司所有电脑系统都经过了严格的安全检查，确保无病毒运行。,"Gōngsī suǒyǒu diànnǎo xìtǒng dōu jīngguòle yángé de ānquán jiǎnchá, quèbǎo wúbìngdú yùnxíng."
新开发的商业区已经成为了城市亚中心，发展潜力巨大。,"Xīn kāifā de shāngyèqū yǐjīng chéngwéile chéngshì yàzhōngxīn, fāzhǎn qiánlì jùdà."
小张和女朋友小李已经订婚了，小李现在是张家的准媳妇。,"Xiǎo Zhāng hé nǚpéngyou Xiǎo Lǐ yǐjīng dìnghūn le, Xiǎo Lǐ xiànzài shì Zhāng jiā de zhǔnxífù."
随着科技的发展，人们迎来了数字化时代。,"Suízhe kējì de fāzhǎn, rénmen yíngláile shùzìhuà shídài."
本课程采用专题式的教学方法，每课介绍一个专题。,"Běn kèchéng cǎiyòng zhuāntíshì de jiàoxué fāngfǎ, měi kè jièshào yí ge zhuāntí."
这种鱼是观赏型的，很多人把它们当做宠物。,"Zhè zhǒng yú shì guānshǎngxíng de, hěn duō rén bǎ tāmen dàngzuò chǒngwù."
这款产品具备很好的便捷性，使用十分方便。,"Zhè kuǎn chǎnpǐn jùbèi hěn hǎo de biànjiéxìng, shǐyòng shífēn fāngbiàn."
这是人家的东西，咱们不能随便拿。,"Zhè shì rénjia de dōngxi, zánmen bù néng suíbiàn ná."
今天多亏了老张来帮忙，我们得好好感谢人家。,"Jīntiān duōkuīle Lǎo Zhāng lái bāngmáng, wǒmen děi hǎohǎo gǎnxiè rénjia."
这串项链是丈夫送给我的订婚礼物。,Zhè chuàn xiàngliàn shì zhàngfu sònggěi wǒ de dìnghūn lǐwù.
你试试往碗里加几滴醋，说不定味道会更好。,"Nǐ shìshi wǎng wǎn lǐ jiā jǐ dī cù, shuōbudìng wèidao huì gèng hǎo."
下班回家的路上，妈妈买了几枝玫瑰花。,"Xià bān huí jiā de lùshang, māma mǎile jǐ zhī méiguīhuā."
听了他的话，我心里就像打开了一扇窗，突然亮了。,"Tīngle tā de huà, wǒ xīnli jiù xiàng dǎkāile yí shàn chuāng, tūrán liàng le."
你把桌子上那卷胶带递给我一下。,Nǐ bǎ zhuōzi shàng nà juǎn jiāodài dì gěi wǒ yí xià.
这套书分为上、中、下三卷。,"Zhè tào shū fēnwéi shàng, zhōng, xià sān juàn."
经过一番激烈的争论，我们最终达成了一致。,"Jīngguò yì fān jīliè de zhēnglùn, wǒmen zuìzhōng dáchéngle yízhì."
听说我获得了奖学金，同学们都特羡慕。,"Tīngshuō wǒ huòdéle jiǎngxuéjīn, tóngxuémen dōu tè xiànmù."
相声是一种幽默的艺术，特有意思。,"Xiàngsheng shì yì zhǒng yōumò de yìshù, tè yǒuyìsi."
改进后的仪器操作异常便捷。,Gǎijìn hòu de yíqì cāozuò yìcháng biànjié.
今年夏天异常炎热。,Jīnnián xiàtiān yìcháng yánrè.
这本小说较为客观地反映了当时的社会现实。,Zhè běn xiǎoshuō jiàowéi kèguān de fǎnyìngle dāngshí de shèhuì xiànshí.
专家们一致认为这项研究的设计较为合理。,Zhuānjiāmen yízhì rènwéi zhè xiàng yánjiū de shèjì jiàowéi hélǐ.
我们净忙着说话，甚至忘了给客人倒茶。,"Wǒmen jìng mángzhe shuōhuà, shènzhì wàngle gěi kèrén dào chá."
那位老师的书房里净是外文书。,Nà wèi lǎoshī de shūfáng lǐ jìng shì wàiwén shū.
我明天在大厅等你，咱们一同出发。,"Wǒ míngtiān zài dàtīng děng nǐ, zánmen yìtóng chūfā."
人们聚集在广场上，一同迎接新年的到来。,"Rénmen jùjí zài guǎngchǎng shàng, yìtóng yíngjiē xīnnián de dàolái."
公园里散步的老年人大都是附近的居民。,Gōngyuán lǐ sànbù de lǎoniánrén dàdōu shì fùjìn de jūmín.
假期时，这里的人们大都选择去海边度假。,"Jiàqī shí, zhèlǐ de rénmen dàdōu xuǎnzé qù hǎibiān dùjià."
他一时紧张，忘记要说什么了。,"Tā yìshí jǐnzhāng, wàngjì yào shuō shénme le."
面对眼前的比赛结果，人们一时难以接受。,"Miànduì yǎnqián de bǐsài jiéguǒ, rénmen yìshí nányǐ jiēshòu."
她不时看看手机，等待着朋友的消息。,"Tā bùshí kànkan shǒujī, děngdàizhe péngyou de xiāoxi."
隔壁房间不时传来一阵笑声。,Gébì fángjiān bùshí chuánlái yí zhèn xiàoshēng.
实验失败了，但他们没有放弃，仍旧坚持干下去。,"Shíyàn shībài le, dàn tāmen méiyǒu fàngqì, réngjiù jiānchí gànxiàqu."
他很努力地练习发音，但仍旧说得不太标准。,"Tā hěn nǔlì de liànxí fāyīn, dàn réngjiù shuō de bú tài biāozhǔn."
他们带着孩子又跑了几家医院，但依旧没有得到明确的诊断。,"Tāmen dàizhe háizi yòu pǎole jǐ jiā yīyuàn, dàn yījiù méiyǒu dédào míngquè de zhěnduàn."
二十多年过去了，她依旧那么美丽动人。,"Èrshí duō nián guòqù le, tā yījiù nàme měilì dòngrén."
作为老师，她一向严格要求自己的学生。,"Zuòwéi lǎoshī, tā yíxiàng yángé yāoqiú zìjǐ de xuésheng."
他一向喜欢跟朋友开玩笑。,Tā yīxiàng xǐhuan gēn péngyou kāi wánxiào.
出发前老师一再提醒大家带上护照，可我还是忘了。,"Chūfā qián lǎoshī yízài tíxǐng dàjiā dàishàng hùzhào, kě wǒ háishi wàng le."
王经理一再强调这个项目对于公司至关重要。,Wáng jīnglǐ yízài qiángdiào zhège xiàngmù duìyú gōngsī zhìguān zhòngyào.
他再三考虑要不要放弃工作的机会。,Tā zàisān kǎolǜ yào bu yào fàngqì gōngzuò de jīhuì.
小张再三向领导解释他上班迟到的原因。,Xiǎo Zhāng zàisān xiàng lǐngdǎo jiěshì tā shàng bān chídào de yuányīn.
听到这可怕的消息，我的心不禁凉了。,"Tīngdào zhè kěpà de xiāoxi, wǒ de xīn bùjīn liáng le."
听完她的演讲，大家不禁鼓起掌来。,"Tīngwán tā de yǎnjiǎng, dàjiā bùjīn gǔqǐ zhǎng lái."
上课铃一响，学生们就赶忙跑回了教室。,"Shàng kè líng yì xiǎng, xuéshengmen jiù gǎnmáng pǎohuíle jiàoshì."
听到有人求助，他赶忙过去帮忙。,"Tīngdào yǒu rén qiúzhù, tā gǎnmáng guòqù bāngmáng."
回国当天，朋友特地开车把我送到了机场。,"Huí guó dàng tiān, péngyou tèdì kāi chē bǎ wǒ sòngdàole jīchǎng."
为了掌握实际情况，政府特地组织专家团队到当地开展调查。,"Wèile zhǎngwò shíjì qíngkuàng, zhèngfǔ tèdì zǔzhī zhuānjiā tuánduì dào dāngdì kāizhǎn diàochá."
这些书是我特意请朋友从国外买回来的。,Zhèxiē shū shì wǒ tèyì qǐng péngyou cóng guówài mǎihuílai de.
我特意为您准备了一份礼物，请您一定收下。,"Wǒ tèyì wèi nín zhǔnbèile yí fèn lǐwù, qǐng nín yídìng shōuxià."
小女孩偷偷把糖装进了口袋。,Xiǎo nǚhái tōutōu bǎ táng zhuāngjìnle kǒudài.
他偷偷把那件事告诉了老师。,Tā tōutōu bǎ nà jiàn shì gàosule lǎoshī.
她最近工作很忙，未必有时间回老家。,"Tā zuìjìn gōngzuò hěn máng, wèibì yǒu shíjiān huí lǎojiā."
有钱就一定会幸福吗？那也未必。,Yǒu qián jiù yídìng huì xìngfú ma? Nà yě wèibì.
婚礼那天恰好是新娘的生日。,Hūnlǐ nà tiān qiàhǎo shì xīnniáng de shēngrì.
下周六我恰好有时间，咱们可以一起去爬山。,"Xià zhōuliù wǒ qiàhǎo yǒu shíjiān, zánmen kěyǐ yìqǐ qù páshān."
你计划得倒是很好，可是你能做到吗？,"Nǐ jìhuà de dàoshi hěn hǎo, kěshì nǐ néng zuòdào ma?"
这部漫画的内容一般，绘画风格倒是生动有趣。,"Zhè bù mànhuà de nèiróng yìbān, huìhuà fēnggé dàoshi shēngdòng yǒuqù."
既然双方不愿意合作，干脆就不要浪费时间再谈了。,"Jìrán shuāngfāng bú yuànyì hézuò, gāncuì jiù bú yào làngfèi shíjiān zài tán le."
你今天这么累，干脆早点休息，明天再工作吧！,"Nǐ jīntiān zhème lèi, gāncuì zǎodiǎn xiūxi, míngtiān zài gōngzuò ba!"
你明明不胖，为什么总嫌自己胖呢？,"Nǐ míngmíng bú pàng, wèishénme zǒng xián zìjǐ pàng ne?"
明明是他做错了事，凭什么让我向他道歉？,"Míngmíng shì tā zuòcuòle shì, píng shénme ràng wǒ xiàng tā dàoqiàn?"
我们在路边等了很久，总算有位好心的司机让我们搭车回到了学校。,"Wǒmen zài lùbiān děngle hěn jiǔ, zǒngsuàn yǒu wèi hǎoxīn de sījī ràng wǒmen dā chē huídàole xuéxiào."
连着下了一周小雨，今天总算迎来了一个晴天。,"Liánzhe xiàle yì zhōu xiǎoyǔ, jīntiān zǒngsuàn yíngláile yí ge qíngtiān."
这所学校成立于1950年。,Zhè suǒ xuéxiào chénglì yú yī jiǔ wǔ líng nián.
他已于上月离京。,Tā yǐ yú shàng yuè lí Jīng.
刚来中国时，我既听不懂也说不清楚，至于写作和阅读，就更不行了。,"Gāng lái Zhōngguó shí, wǒ jì tīngbudǒng yě shuōbuqīngchu, zhìyú xiězuò hé yuèdú, jiù gèng bùxíng le."
新产品已经开始生产了，至于销售时间和价格，现在还不能确定。,"Xīn chǎnpǐn yǐjīng kāishǐ shēngchǎn le, zhìyú xiāoshòu shíjiān hé jiàgé, xiànzài hái bù néng quèdìng."
因天气原因，运动会延期至周六举行。,"Yīn tiānqì yuányīn, yùndònghuì yánqī zhì zhōuliù jǔxíng."
他因迟到而错过了这次面试。,Tā yīn chídào ér cuòguòle zhè cì miànshì.
除特殊情况外，不得随意离开工作岗位。,"Chú tèshū qíngkuàng wài, bùdé suíyì líkāi gōngzuò gǎngwèi."
除申请表以外，申请人还应提交一份个人简历。,"Chú shēnqǐngbiǎo yǐwài, shēnqǐngrén hái yīng tíjiāo yí fèn gèrén jiǎnlì."
我本来打算在房间看书，不料突然停电了，我只好去图书馆。,"Wǒ běnlái dǎsuàn zài fángjiān kàn shū, búliào tūrán tíngdiàn le, wǒ zhǐhǎo qù túshūguǎn."
我以为两个孩子能一起好好玩儿，不料他俩刚一见面就吵起来了。,"Wǒ yǐwéi liǎng ge háizi néng yìqǐ hǎohǎo wánr, búliào tā liǎ gāng yí jiànmiàn jiù chǎoqǐlai le."
这部电影是根据人们所熟悉的故事改编的。,Zhè bù diànyǐng shì gēnjù rénmen suǒ shúxī de gùshi gǎibiān de.
你所了解的情况只是一小部分。,Nǐ suǒ liǎojiě de qíngkuàng zhǐshì yì xiǎo bùfen.
我昨天就已经把作业交给老师啦！,Wǒ zuótiān jiù yǐjīng bǎ zuòyè jiāogěi lǎoshī la!
这些文件对于公司至关重要，你可千万别弄丢啦！,"Zhèxiē wénjiàn duìyú gōngsī zhìguān zhòngyào, nǐ kě qiānwàn bié nòngdiū la!"
我只是开个玩笑，你不要太认真嘛。,"Wǒ zhǐshì kāi ge wánxiào, nǐ bú yào tài rènzhēn ma."
要是觉得累了，就走慢一点儿嘛。,"Yàoshi juéde lèi le, jiù zǒu màn yìdiǎnr ma."
孩子们假期不回来也好，我可以好好休息休息了。,"Háizimen jiàqī bù huílái yě hǎo, wǒ kěyǐ hǎohǎo xiūxi xiūxi le."
手机也好，电脑也好，长时间使用都会造成眼睛疲劳。,"Shǒujī yě hǎo, diànnǎo yě hǎo, cháng shíjiān shǐyòng dōu huì zàochéng yǎnjing píláo."
小孩子总是喜欢拉着父母问这问那。,Xiǎoháizi zǒngshì xǐhuan lāzhe fùmǔ wèn zhè wèn nà.
既然决定了就大胆去做吧，不要总是想这想那。,"Jìrán juédìngle jiù dàdǎn qù zuò ba, bú yào zǒngshì xiǎng zhè xiǎng nà."
天还没亮，他就醒了，躺在床上左思右想，怎么也睡不着。,"Tiān hái méi liàng, tā jiù xǐng le, tǎng zài chuáng shàng zuǒsīyòuxiǎng, zěnme yě shuìbuzháo."
她在商场里左挑右选，始终没买到一件满意的衣服。,"Tā zài shāngchǎng lǐ zuǒtiāoyòuxuǎn, shǐzhōng méi mǎidào yí jiàn mǎnyì de yīfu."
我好不容易才获得这次面试机会，一定不会轻易放弃。,"Wǒ hǎobùróngyì cái huòdé zhè cì miànshì jīhuì, yídìng bú huì qīngyì fàngqì."
假期好不容易可以休息一下，你怎么还要去公司加班？,"Jiàqī hǎobùróngyì kěyǐ xiūxi yí xià, nǐ zěnme hái yào qù gōngsī jiābān?"
假如去那家公司工作能为你提供更多的发展空间，那倒也是个不错的选择。,"Jiǎrú qù nà jiā gōngsī gōngzuò néng wèi nǐ tígōng gèng duō de fāzhǎn kōngjiān, nà dào yě shì ge búcuò de xuǎnzé."
要是你能从失败中吸取教训，那倒也是件值得高兴的事。,"Yàoshi nǐ néng cóng shībài zhōng xīqǔ jiàoxùn, nà dào yě shì jiàn zhíde gāoxìng de shì."
这些旧衣服扔掉算了，反正也不会再穿了。,"Zhèxiē jiù yīfu rēngdiào suàn le, fǎnzhèng yě bú huì zài chuān le."
雪下得这么大，估计不会有客人来了，干脆早点儿关门算了。,"Xuě xià de zhème dà, gūjì bú huì yǒu kèrén lái le, gāncuì zǎodiǎnr guānmén suàn le."
得了，别再想了，结果不可能改变了。,"Déle, bié zài xiǎng le, jiéguǒ bù kěnéng gǎibiàn le."
你这么喜欢这本书，干脆送给你得了。,"Nǐ zhème xǐhuan zhè běn shū, gāncuì sònggěi nǐ déle."
我们左一句、右一句地安慰，她才终于不哭了。,"Wǒmen zuǒ yí jù, yòu yí jù de ānwèi, tā cái zhōngyú bù kū le."
大家你一言，我一语，很快就商量出了解决的办法。,"Dàjiā nǐ yì yán, wǒ yì yǔ, hěn kuài jiù shāngliangchūle jiějué de bànfǎ."
房间里的衣服东一件，西一件，扔得哪儿都是。,"Fángjiān lǐ de yīfu dōng yí jiàn, xī yí jiàn, rēng de nǎr dōu shì."
最近他东一本，西一本地看了不少书。,"Zuìjìn tā dōng yì běn, xī yì běn de kànle bù shǎo shū."
到目前为止，双方已经达成了初步的合作。,"Dào mùqián wéizhǐ, shuāngfāng yǐjīng dáchéngle chūbù de hézuò."
他把产品设计改了很多遍，一直到客户满意为止。,"Tā bǎ chǎnpǐn shèjì gǎile hěn duō biàn, yìzhí dào kèhù mǎnyì wéizhǐ."
我把你当作好朋友，没想到你竟然骗到我头上来了。,"Wǒ bǎ nǐ dàngzuò hǎo péngyou, méi xiǎngdào nǐ jìngrán piàndào wǒ tóu shàng lái le."
问题不是我造成的，怎么怪到我头上来了？,"Wèntí bú shì wǒ zàochéng de, zěnme guàidào wǒ tóu shàng lái le?"
不学不知道，一学才知道汉字如此有魅力。,"Bù xué bù zhīdao, yì xué cái zhīdao hànzì rúcǐ yǒu mèilì."
这茶不尝不知道，一尝就喜欢上了。,"Zhè chá bù cháng bù zhīdao, yì cháng jiù xǐhuanshàng le."
好你个老张，原来是你在背后说我坏话！,"Hǎo nǐ ge Lǎo Zhāng, yuánlái shì nǐ zài bèihòu shuō wǒ huàihuà!"
好你个骗子，赶紧把钱还给我，否则我就报警。,"Hǎo nǐ ge piànzi, gǎnjǐn bǎ qián huán gěi wǒ, fǒuzé wǒ jiù bàojǐng."
早不来，晚不来，我正要出门你来了。,"Zǎo bù lái, wǎn bù lái, wǒ zhèng yào chūmén nǐ lái le."
早也不下雨，晚也不下雨，比赛刚一开始就下起来了。,"Zǎo yě bú xià yǔ, wǎn yě bú xià yǔ, bǐsài gāng yì kāishǐ jiù xiàqǐlai le."
瞧把他兴奋得，简直像个孩子一样。,"Qiáo bǎ tā xīngfèn de, jiǎnzhí xiàng ge háizi yíyàng."
看把你笑得，腰都直不起来了。,"Kàn bǎ nǐ xiào de, yāo dōu zhí bu qǐlái le."
你为什么放着自己的车不开，跑去借别人的车？,"Nǐ wèishénme fàngzhe zìjǐ de chē bù kāi, pǎo qù jiè biéren de chē?"
他放着孩子不管，整天跑出去玩儿。,"Tā fàngzhe háizi bù guǎn, zhěngtiān pǎochūqu wánr."
他已经是大人了，走了就走了，有什么好担心的？,"Tā yǐjīng shì dàrén le, zǒu le jiù zǒu le, yǒu shénme hǎo dānxīn de?"
东西丢了就丢了，没有什么好可惜的。,"Dōngxi diū le jiù diū le, méiyǒu shénme hǎo kěxī de."
这也不好吃，那也不好吃，你干脆饿着吧。,"Zhè yě bù hǎochī, nà yě bù hǎochī, nǐ gāncuì èzhe ba."
那也不喜欢，这也不满意，你到底想找什么样的工作？,"Nà yě bù xǐhuan, zhè yě bù mǎnyì, nǐ dàodǐ xiǎng zhǎo shénmeyàng de gōngzuò?"
打归打，骂归骂，父母永远是最疼你的人。,"Dǎ guī dǎ, mà guī mà, fùmǔ yǒngyuǎn shì zuì téng nǐ de rén."
计划归计划，行动归行动，二者并不完全一样。,"Jìhuà guī jìhuà, xíngdòng guī xíngdòng, èrzhě bìng bù wánquán yíyàng."
我跟你开玩笑呢！看你吓的！,Wǒ gēn nǐ kāi wánxiào ne! Kàn nǐ xià de!
不就是得了奖学金吗？瞧他得意的！,Bú jiùshì déle jiǎngxuéjīn ma? Qiáo tā déyì de!
我恨透了那些不诚信的商家。,Wǒ hèntòule nàxiē bù chéngxìn de shāngjiā.
大雨把他身上的衣服全都淋透了。,Dàyǔ bǎ tā shēn shàng de yīfu quán dōu líntòu le.
阳光把大地染成了红色。,Yángguāng bǎ dàdì rǎnchéngle hóngsè.
音乐声把游客都吸引过去了。,Yīnyuèshēng bǎ yóukè dōu xīyǐn guòqù le.
孩子把妈妈气得睡不着觉。,Háizi bǎ māma qì de shuì bu zháo jiào.
她讲述的故事把大家感动哭了。,Tā jiǎngshù de gùshi bǎ dàjiā gǎndòng kū le.
最近产品价格不太稳定，一时上升一时下降。,"Zuìjìn chǎnpǐn jiàgé bú tài wěndìng, yìshí shàngshēng yìshí xiàjiàng."
这段时间天气变化快，一时冷一时热。,"Zhè duàn shíjiān tiānqì biànhuà kuài, yìshí lěng yìshí rè."
我平常要么点外卖，要么自己做，很少去食堂吃。,"Wǒ píngcháng yàome diǎn wàimài, yàome zìjǐ zuò, hěn shǎo qù shítáng chī."
那家饭馆的菜要么太咸，要么太辣，我都不爱吃。,"Nà jiā fànguǎn de cài yàome tài xián, yàome tài là, wǒ dōu bú ài chī."
比赛虽未取得胜利，但我们收获了宝贵的经验。,"Bǐsài suī wèi qǔdé shènglì, dàn wǒmen shōuhuòle bǎoguì de jīngyàn."
这道题虽有难度，可做出来的同学不在少数。,"Zhè dào tí suī yǒu nándù, kě zuòchūlai de tóngxué bú zài shǎoshù."
文章虽短，读后却使人充满力量。,"Wénzhāng suī duǎn, dú hòu què shǐ rén chōngmǎn lìliang."
她心里虽不喜欢，也坚持来上班了。,"Tā xīnli suī bù xǐhuan, yě jiānchí lái shàng bān le."
凡是有机会，他都会积极争取。,"Fánshì yǒu jīhuì, tā dōu huì jījí zhēngqǔ."
凡是错误的行为，我们都应该纠正。,"Fánshì cuòwù de xíngwéi, wǒmen dōu yīnggāi jiūzhèng."
除非你亲自邀请，他才有可能同意参加。,"Chúfēi nǐ qīnzì yāoqǐng, tā cái yǒu kěnéng tóngyì cānjiā."
除非是紧急情况，我才会向他求助。,"Chúfēi shì jǐnjí qíngkuàng, wǒ cái huì xiàng tā qiúzhù."
除非他承认错误并向我道歉，否则我不会原谅他。,"Chúfēi tā chéngrèn cuòwù bìng xiàng wǒ dàoqiàn, fǒuzé wǒ bú huì yuánliàng tā."
除非你说清楚是什么事情，不然我不可能同意帮忙。,"Chúfēi nǐ shuō qīngchu shì shénme shìqing, bùrán wǒ bù kěnéng tóngyì bāngmáng."
就算再累，我也要坚持完成任务。,"Jiùsuàn zài lèi, wǒ yě yào jiānchí wánchéng rènwu."
就算他做错了，你也要注意教育方法。,"Jiùsuàn tā zuòcuò le, nǐ yě yào zhùyì jiàoyù fāngfǎ."
请留下您的联系方式，以便日后联系。,"Qǐng liúxià nín de liánxì fāngshì, yǐbiàn rìhòu liánxì."
当地政府计划调整地铁的发车时间，以便更多的乘客能够乘坐公共交通。,"Dāngdì zhèngfǔ jìhuà tiáozhěng dìtiě de fāchē shíjiān, yǐbiàn gèng duō de chéngkè nénggòu chéngzuò gōnggòng jiāotōng."
奥运场馆开工之前，就要考虑到后奥运时代的需求。,"Àoyùn chǎngguǎn kāigōng zhīqián, jiù yào kǎolǜ dào hòu Àoyùn shídài de xūqiú."
市长对老人们嘘寒问暖，并亲手将慰问品送到老人手中。,"Shìzhǎng duì lǎorénmen xūhánwènnuǎn, bìng qīnshǒu jiāng wèiwènpǐn sòngdào lǎorén shǒuzhōng."
新时代农民的价值观、消费观、审美观都和以往有了很大的不同。,"Xīn shídài nóngmín de jiàzhíguān, xiāofèiguān, shěnměiguān dōu hé yǐwǎng yǒule hěn dà de bùtóng."
只给孩子花钱却不花时间陪伴孩子的家长同样是小气鬼。,Zhǐ gěi háizi huā qián què bù huā shíjiān péibàn háizi de jiāzhǎng tóngyàng shì xiǎoqìguǐ.
我的导师在学术界和产业界都享有崇高的声望。,Wǒ de dǎoshī zài xuéshùjiè hé chǎnyèjiè dōu xiǎngyǒu chónggāo de shēngwàng.
经过七个小时的飞行，我终于在异国安然落地。,"Jīngguò qī ge xiǎoshí de fēixíng, wǒ zhōngyú zài yìguó ānrán luòdì."
今年的“体坛风云人物”颁奖仪式特别隆重。,"Jīnnián de ""tǐtán fēngyún rénwù"" bānjiǎng yíshì tèbié lóngzhòng."
本公司的产品多年来广为消费者称赞。,Běn gōngsī de chǎnpǐn duō nián lái guǎngwéi xiāofèizhě chēngzàn.
"以公有制为主体、多种所有制经济共同发展,是中国现阶段的基本经济制度。","Yǐ gōngyǒuzhì wéi zhǔtǐ, duō zhǒng suǒyǒuzhì jīngjì gòngtóng fāzhǎn, shì Zhōngguó xiàn jiēduàn de jīběn jīngjì zhìdù."
他巴不得早点儿退休，好能到处游山玩水。,"Tā bābude zǎodiǎnr tuìxiū, hǎo néng dàochù yóushānwánshuǐ."
在外漂泊多年的游子归心似箭，巴不得一步跨进家门。,"Zài wài piāobó duō nián de yóuzǐ guīxīnsìjiàn, bābude yí bù kuàjìn jiāmén."
一种艺术风格的形成并非一蹴而就，必须经历一个渐进发展的过程。,"Yì zhǒng yìshù fēnggé de xíngchéng bìngfēi yícù'érjiù, bìxū jīnglì yí ge jiànjìn fāzhǎn de guòchéng."
你之所以落选，并非你不优秀，而是你的风格和他们的需求不完全匹配。,"Nǐ zhī suǒyǐ luòxuǎn, bìngfēi nǐ bù yōuxiù, érshì nǐ de fēnggé hé tāmen de xūqiú bù wánquán pǐpèi."
八折优惠仅限周一至周五使用，法定节假日除外。,"Bā zhé yōuhuì jǐn xiàn zhōuyī zhì zhōuwǔ shǐyòng, fǎdìng jiéjiàrì chúwài."
在场各位皆是西装革履，只有一人除外，穿着十分随意。,"Zàichǎng gèwèi jiē shì xīzhuānggélǚ, zhǐyǒu yì rén chúwài, chuānzhuó shífēn suíyì."
他是个啥也不懂的毛头小子，你犯不着跟他一般见识。,"Tā shì ge shá yě bù dǒng de máotóu xiǎozi, nǐ fànbuzháo gēn tā yìbānjiànshi."
你们俩打小就认识，为了这么点儿小事闹翻，犯不着。,"Nǐmen liǎ dǎxiǎo jiù rènshi, wèile zhème diǎnr xiǎoshì nàofān, fànbuzháo."
现在是公司发展的关键时期，你犯得着为这些小事分心吗？,"Xiànzài shì gōngsī fāzhǎn de guānjiàn shíqī, nǐ fàndezháo wèi zhèxiē xiǎoshì fēnxīn ma?"
人家好心好意给你提些意见，你这么激动，犯得着吗？,"Rénjia hǎoxīnhǎoyì gěi nǐ tí xiē yìjiàn, nǐ zhème jīdòng, fàndezháo ma?"
一开始项目推动得非常缓慢，我们恨不得24小时都在工作。,"Yì kāishǐ xiàngmù tuīdòng de fēicháng huǎnmàn, wǒmen hènbude èrshísì xiǎoshí dōu zài gōngzuò."
大家的学习热情很高，恨不得一下子把所有的先进技术都学到手。,"Dàjiā de xuéxí rèqíng hěn gāo, hènbude yíxiàzi bǎ suǒyǒu de xiānjìn jìshù dōu xuédàoshǒu."
此事可否容我思索几日，再行答复？,"Cǐ shì kěfǒu róng wǒ sīsuǒ jǐ rì, zài xíng dáfù?"
关于先生会上所言，学生尚有不明之处，可否向先生进一步请教？,"Guānyú xiānsheng huì shàng suǒ yán, xuésheng shàng yǒu bù míng zhī chù, kěfǒu xiàng xiānsheng jìnyíbù qǐngjiào?"
我申请与其当面对质，不知可否？,"Wǒ shēnqǐng yǔ qí dāngmiàn duìzhì, bù zhī kěfǒu?"
王安忆对上海人的观察和描写非常细腻，可谓“入木三分”。,"Wáng Ānyì duì Shànghǎi rén de guānchá hé miáoxiě fēicháng xìnì, kěwèi ""rùmùsānfēn""."
《昆虫记》知识性、趣味性、哲理性兼具，真可谓是科学与艺术相结合的典范。,"Kūnchóng Jì zhīshixìng, qùwèixìng, zhélǐxìng jiānjù, zhēn kěwèi shì kēxué yǔ yìshù xiāng jiéhé de diǎnfàn."
在成长的道路上，免不了会遇到各种各样的问题。,"Zài chéngzhǎng de dàolù shàng, miǎnbuliǎo huì yùdào gèzhǒnggèyàng de wèntí."
这件事要是让他知道，一顿数落是免不了的。,"Zhè jiàn shì yàoshi ràng tā zhīdao, yí dùn shǔluo shì miǎnbuliǎo de."
所谓难得糊涂，并非是对生活的无奈妥协，而是一种张弛有度的处世之道。,"Suǒwèi nándéhútu, bìngfēi shì duì shēnghuó de wúnài tuǒxié, érshì yì zhǒng zhāngchíyǒudù de chǔshì zhī dào."
这家公司所谓的产品升级，不过是给商品换了一个更华丽的包装。,"Zhè jiā gōngsī suǒwèi de chǎnpǐn shēngjí, búguò shì gěi shāngpǐn huànle yí ge gèng huálì de bāozhuāng."
引进先进技术与优化管理流程后，各部门工作效率均有所提高。,"Yǐnjìn xiānjìn jìshù yǔ yōuhuà guǎnlǐ liúchéng hòu, gè bùmén gōngzuò xiàolǜ jūn yǒusuǒ tígāo."
倘若事态紧急，无暇向上请示，你大可自行决断，不必有所顾虑。,"Tǎngruò shìtài jǐnjí, wúxiá xiàng shàng qǐngshì, nǐ dàkě zìxíng juéduàn, búbì yǒusuǒ gùlǜ."
限于作者水平，如有不当之处还望专家予以批评指正。,"Xiànyú zuòzhě shuǐpíng, rú yǒu búdàng zhī chù hái wàng zhuānjiā yǔyǐ pīpíng zhǐzhèng."
对于原告提出的高昂赔付要求，法院并未予以支持。,"Duìyú yuángào tíchū de gāo'áng péifù yāoqiú, fǎyuàn bìng wèi yǔyǐ zhīchí."
我校教育质量上乘，办学几十年间为国家培养、输送了大批优秀人才。,"Wǒ xiào jiàoyù zhìliàng shàngchéng, bànxué jǐshí nián jiān wèi guójiā péiyǎng, shūsòngle dàpī yōuxiù réncái."
我公司始终秉持“以客户为中心”的理念，致力于为客户提供最优质的服务。,"Wǒ gōngsī shǐzhōng bǐngchí ""yǐ kèhù wéi zhōngxīn"" de lǐniàn, zhìlìyú wèi kèhù tígōng zuì yōuzhì de fúwù."
“古典小说”鼎盛于明清时期，彼时涌现了如四大名著等众多经典之作。,"""Gǔdiǎn xiǎoshuō"" dǐngshèng yú Míng Qīng shíqī, bǐshí yǒngxiànle rú Sì Dà Míngzhù děng zhòngduō jīngdiǎn zhī zuò."
提起朝阳，人们往往会想到北京的朝阳区。然而我们今日前往参观的此“朝阳”非彼“朝阳”，乃是被誉为“三燕古都”的辽宁省朝阳市。,"Tíqǐ Cháoyáng, rénmen wǎngwǎng huì xiǎngdào Běijīng de Cháoyáng Qū. Rán'ér wǒmen jīnrì qiánwǎng cānguān de cǐ ""Cháoyáng"" fēi bǐ ""Cháoyáng"", nǎi shì bèi yùwéi ""Sān Yàn Gǔdū"" de Liáoníng Shěng Cháoyáng Shì."
在商务谈判中，应尽量做到知己知彼，这样才能争取到最大的利益。,"Zài shāngwù tánpàn zhōng, yīng jǐnliàng zuòdào zhījǐzhībǐ, zhèyàng cái néng zhēngqǔ dào zuì dà de lìyì."
你们觉得这么着好就这么办，不必再来问我的意见了。,"Nǐmen juéde zhèmezhe hǎo jiù zhème bàn, búbì zài lái wèn wǒ de yìjiàn le."
那地方你人生地不熟的，这么着吧，我陪你一起去看看。,"Nà dìfang nǐ rénshēngdìbùshú de, zhèmezhe ba, wǒ péi nǐ yìqǐ qù kànkan."
兹证明李莉女士系本单位正式员工，已连续在本单位工作十年。,"Zī zhèngmíng Lǐ Lì nǚshì xì běn dānwèi zhèngshì yuángōng, yǐ liánxù zài běn dānwèi gōngzuò shí nián."
受有关机构委托，兹有以下标的拟予以转让，现公告如下，欢迎合格投标人参加该项目投标。,"Shòu yǒuguān jīgòu wěituō, zī yǒu yǐxià biāodì nǐ yǔyǐ zhuǎnràng, xiàn gōnggào rúxià, huānyíng hégé tóubiāorén cānjiā gāi xiàngmù tóubiāo."
历史学家的任务之一是在浩瀚的史料中挖掘出何时、何地发生了何种事件。,"Lìshǐ xuéjiā de rènwu zhī yī shì zài hàohàn de shǐliào zhōng wājué chū héshí, hédì fāshēngle hé zhǒng shìjiàn."
这座滨江小城魅力何在？因何引得诸多文人骚客留下脍炙人口的名篇？,Zhè zuò bīnjiāng xiǎochéng mèilì hézài? Yīnhé yǐn de zhūduō wénrén sāokè liúxià kuàizhìrénkǒu de míngpiān?
他夜里翻来覆去地想着这件事，可是还是不知道该怎么着才好。,"Tā yèli fānláifùqù de xiǎngzhe zhè jiàn shì, kěshì háishi bù zhīdao gāi zěnmezhe cái hǎo."
你说她半天在那儿一声不吭，是生气了还是怎么着？,"Nǐ shuō tā bàntiān zài nàr yìshēngbùkēng, shì shēngqì le háishi zěnmezhe?"
经过初赛、复赛和决赛，大赛产生了“十佳歌手”和若干“优秀歌手”。,"Jīngguò chūsài, fùsài hé juésài, dàsài chǎnshēngle ""shí jiā gēshǒu"" hé ruògān ""yōuxiù gēshǒu""."
她一生著有长篇小说七部，另有中短篇小说、散文、诗歌、随笔若干。,"Tā yìshēng zhùyǒu chángpiān xiǎoshuō qī bù, lìng yǒu zhōngduǎnpiān xiǎoshuō, sǎnwén, shīgē, suíbǐ ruògān."
该项目的延期是由多重原因所导致的，包括预算不足、人员短缺等。,"Gāi xiàngmù de yánqī shì yóu duōchóng yuányīn suǒ dǎozhì de, bāokuò yùsuàn bùzú, rényuán duǎnquē děng."
她们团队克服重重困难和阻碍，出色地完成了艰巨的任务。,"Tāmen tuánduì kèfú chóngchóng kùnnan hé zǔ'ài, chūsè de wánchéngle jiānjù de rènwu."
他想找一截木头做个镇纸。,Tā xiǎng zhǎo yì jié mùtou zuò ge zhènzhǐ.
他看到这里简陋的生活环境，心里顿时凉了半截。,"Tā kàndào zhèlǐ jiǎnlòu de shēnghuó huánjìng, xīnli dùnshí liángle bàn jié."
迎面走来一个身着白色T恤的女学生，白皙的额头上垂落着一缕秀发。,"Yíngmiàn zǒulái yí ge shēn zhuó báisè T xù de nǚxuésheng, báixī de étóu shàng chuíluòzhe yì lǚ xiùfà."
忽地起了一阵微风，送来缕缕清香，将所有的烦恼瞬间驱散。,"Hūdì qǐle yí zhèn wēifēng, sònglái lǚlǚ qīngxiāng, jiāng suǒyǒu de fánnǎo shùnjiān qūsàn."
科研和科普是两码事。杰出的科学家未必能写出好的科普作品，优秀的科普作家也不一定能做好科研工作。,"Kēyán hé kēpǔ shì liǎng mǎ shì. Jiéchū de kēxuéjiā wèibì néng xiěchū hǎo de kēpǔ zuòpǐn, yōuxiù de kēpǔ zuòjiā yě bù yídìng néng zuòhǎo kēyán gōngzuò."
虽然你们私交很好，但工作上的事情还是应该一码归一码，公事公办。,"Suīrán nǐmen sījiāo hěn hǎo, dàn gōngzuò shàng de shìqing háishi yīnggāi yì mǎ guī yì mǎ, gōngshì gōngbàn."
权利与义务犹如一枚硬币的两面，相互依存，密不可分。,"Quánlì yǔ yìwù yóurú yì méi yìngbì de liǎng miàn, xiānghù yīcún, mìbùkěfēn."
他工作非常出色，十年里共获得五枚奖章。,"Tā gōngzuò fēicháng chūsè, shí nián lǐ gòng huòdé wǔ méi jiǎngzhāng."
苏州有一对老夫妻，子女们平日里各为自己的一摊事忙活，只有节假日才有机会团聚。,"Sūzhōu yǒu yí duì lǎo fūqī, zǐnǚmen píngrì lǐ gè wèi zìjǐ de yì tān shì mánghuo, zhǐyǒu jiéjiàrì cái yǒu jīhuì tuánjù."
公司的事已经让他焦头烂额，家中还另有一摊，他感到身心俱疲。,"Gōngsī de shì yǐjīng ràng tā jiāotóulàn'é, jiāzhōng hái lìng yǒu yì tān, tā gǎndào shēnxīnjùpí."
要制成一丸药，需用上三十多种原料并经过多道工序。,"Yào zhìchéng yì wán yào, xū yòngshàng sānshí duō zhǒng yuánliào bìng jīngguò duō dào gōngxù."
这个药每日三次，每次六丸，餐后半小时服用。,"Zhège yào měi rì sān cì, měi cì liù wán, cān hòu bàn xiǎoshí fúyòng."
今天《人民日报》上刊登的一则新闻，令我大吃一惊。,"Jīntiān Rénmín Rìbào shàng kāndēng de yì zé xīnwén, lìng wǒ dàchīyìjīng."
在不到两小时的演讲过程中，他至少引用了20则古代典故。,"Zài búdào liǎng xiǎoshí de yǎnjiǎng guòchéng zhōng, tā zhìshǎo yǐnyòngle èrshí zé gǔdài diǎngù."
历经一年，长乐村建成了一幢两层高的标准化教学楼。,"Lìjīng yì nián, Chánglè Cūn jiànchéngle yí zhuàng liǎng céng gāo de biāozhǔnhuà jiàoxuélóu."
医院今年新建职工宿舍三幢，医技大楼两幢。,"Yīyuàn jīnnián xīnjiàn zhígōng sùshè sān zhuàng, yījì dàlóu liǎng zhuàng."
法官必须具有超乎寻常的耐心和细心，才能办好每一宗案件。,"Fǎguān bìxū jùyǒu chāohū xúncháng de nàixīn hé xìxīn, cái néng bànhǎo měi yì zōng ànjiàn."
他匆匆赶往机场，准备飞去香港谈宗生意。,"Tā cōngcōng gǎnwǎng jīchǎng, zhǔnbèi fēiqù Xiānggǎng tán zōng shēngyi."
了解了我的饮食习惯以后，那位医生将我好一通批评，说我没有管住嘴。,"Liǎojiěle wǒ de yǐnshí xíguàn yǐhòu, nà wèi yīshēng jiāng wǒ hǎo yì tōng pīpíng, shuō wǒ méiyǒu guǎnzhù zuǐ."
因为他的失误，公司利益受到了重大损失，老板把他狠狠训了一通。,"Yīnwèi tā de shīwù, gōngsī lìyì shòudàole zhòngdà sǔnshī, lǎobǎn bǎ tā hěnhěn xùnle yì tōng."
旅游大数据显示，今年一季度辽宁省共接待游客1.71亿人次，同比增长68.2%。,"Lǚyóu dàshùjù xiǎnshì, jīnnián yí jìdù Liáoníng Shěng gòng jiēdài yóukè yī diǎn qī yī yì réncì, tóngbǐ zēngzhǎng bǎifēnzhī liùshíbā diǎn èr."
各大图书馆的古旧书刊，因近年借阅人次大幅增加，损坏非常严重。,"Gè dà túshūguǎn de gǔjiù shūkān, yīn jìnnián jièyuè réncì dàfú zēngjiā, sǔnhuài fēicháng yánzhòng."
当他们第一次品尝这道精致的菜肴时，大为惊叹，味蕾感到前所未有的满足。,"Dāng tāmen dì yī cì pǐncháng zhè dào jīngzhì de càiyáo shí, dàwéi jīngtàn, wèilěi gǎndào qiánsuǒwèiyǒu de mǎnzú."
该歌手的演唱会门票，每张均以高价售出，但其表演水平并不高，观众看后大为不满。,"Gāi gēshǒu de yǎnchànghuì ménpiào, měi zhāng jūn yǐ gāojià shòuchū, dàn qí biǎoyǎn shuǐpíng bìng bù gāo, guānzhòng kàn hòu dàwéi bùmǎn."
与高手过招时须分外小心，万不可轻举妄动。,"Yǔ gāoshǒu guòzhāo shí xū fènwài xiǎoxīn, wàn bùkě qīngjǔwàngdòng."
由于周边建筑都比较低矮，这座大楼显得分外高大。,"Yóuyú zhōubiān jiànzhù dōu bǐjiào dī'ǎi, zhè zuò dàlóu xiǎnde fènwài gāodà."
拥有一双发现美的眼睛，在平淡生活中捕捉到一点一滴的美好，是何等幸运！,"Yōngyǒu yì shuāng fāxiàn měi de yǎnjing, zài píngdàn shēnghuó zhōng bǔzhuōdào yìdiǎnyìdī de měihǎo, shì héděng xìngyùn!"
在地形条件复杂的地区修筑一条长距离的铁路，不仅需攻克技术难题，而且投资,"Zài dìxíng tiáojiàn fùzá de dìqū xiūzhù yì tiáo cháng jùlí de tiělù, bùjǐn xū gōngkè jìshù nántí, érqiě tóuzī"
巨大、耗时耗力，是何等地不容易啊！,"Jùdà, hàoshí hàolì, shì héděng de bù róngyì a!"
即使在极度困难的条件下，他仍执着地追求着自己的艺术理想。,"Jíshǐ zài jídù kùnnan de tiáojiàn xià, tā réng zhízhuó de zhuīqiúzhe zìjǐ de yìshù lǐxiǎng."
他这段时间一直极度紧张和焦虑，现在终于放松下来了。,"Tā zhè duàn shíjiān yìzhí jídù jǐnzhāng hé jiāolǜ, xiànzài zhōngyú fàngsōng xiàlái le."
在会议上，他提出的解决方案大家都表示赞成，只有副总经理一个人极力反对。,"Zài huìyì shàng, tā tíchū de jiějué fāng'àn dàjiā dōu biǎoshì zànchéng, zhǐyǒu fù zǒngjīnglǐ yí ge rén jílì fǎnduì."
他极力想忍住，但疼痛还是使他叫出声来。,"Tā jílì xiǎng rěnzhù, dàn téngtòng háishi shǐ tā jiàochū shēng lái."
今年这套试卷注重考查学生灵活运用语言知识的能力，整体难度略高于历年考题。,"Jīnnián zhè tào shìjuàn zhùzhòng kǎochá xuésheng línghuó yùnyòng yǔyán zhīshi de nénglì, zhěngtǐ nándù lüè gāoyú lìnián kǎotí."
主人的审美意趣如何，从其所着的衣饰和家中的陈设，便可略知一二。,"Zhǔrén de shěnměi yìqù rúhé, cóng qí suǒ zhuó de yīshì hé jiāzhōng de chénshè, biàn kě lüè zhī yī èr."
他脸上挂着浅浅笑意，听到问题后总会先略微思考一下，再不紧不慢地作答。,"Tā liǎn shàng guàzhe qiǎnqiǎn xiàoyì, tīngdào wèntí hòu zǒng huì xiān lüèwēi sīkǎo yí xià, zài bù jǐn bú màn de zuòdá."
志愿者的热情如融融阳光，为这略微有些寒冷的清晨带来了暖意。,"Zhìyuànzhě de rèqíng rú róngróng yángguāng, wèi zhè lüèwēi yǒuxiē hánlěng de qīngchén dàiláile nuǎnyì."
林青自幼对木雕颇感兴趣，六岁起即拜当地的匠人为师，潜心学习雕刻技艺。,"Lín Qīng zìyòu duì mùdiāo pō gǎn xìngqù, liù suì qǐ jí bài dāngdì de jiàngrén wéi shī, qiánxīn xuéxí diāokè jìyì."
城市民宿往往隐于闹市，因其风格独特，活动自由，如今颇受顾客青睐。,"Chéngshì mínsù wǎngwǎng yǐnyú nàoshì, yīn qí fēnggé dútè, huódòng zìyóu, rújīn pō shòu gùkè qīnglài."
他顾不上长途飞行的疲惫，稍稍歇息后就马不停蹄地与客户商讨合作事宜。,"Tā gùbushàng chángtú fēixíng de píbèi, shāoshāo xiēxi hòu jiù mǎbùtíngtí de yǔ kèhù shāngtǎo hézuò shìyí."
她坐在那里，低头摆弄着衣角，稍稍有些拘谨。,"Tā zuò zài nàlǐ, dītóu bǎinòngzhe yījiǎo, shāoshāo yǒuxiē jūjǐn."
按照赵医生的手术治疗方案，患者最后转危为安，家属对其万分感激。,"Ànzhào Zhào yīshēng de shǒushù zhìliáo fāng'àn, huànzhě zuìhòu zhuǎnwēiwéi'ān, jiāshǔ duì qí wànfēn gǎnjī."
学生们平时只在银幕上见过周老师，现在有幸现场得见其“庐山真面目”，个个激动万分。,"Xuéshengmen píngshí zhǐ zài yínmù shàng jiànguo Zhōu lǎoshī, xiànzài yǒuxìng xiànchǎng dé jiàn qí ""Lúshān zhēn miànmù"", gègè jīdòng wànfēn."
谈及自己的远大理想，他有点儿激动，面色微红，声音也有点儿颤抖。,"Tánjí zìjǐ de yuǎndà lǐxiǎng, tā yǒudiǎnr jīdòng, miànsè wēihóng, shēngyīn yě yǒudiǎnr chàndǒu."
听了我的话，他微张着嘴，好像想说点儿什么，但最终还是什么也没说。,"Tīngle wǒ de huà, tā wēi zhāngzhe zuǐ, hǎoxiàng xiǎng shuō diǎnr shénme, dàn zuìzhōng háishi shénme yě méi shuō."
这次比赛中，9号选手的表现尤为突出，给评委和观众都留下了深刻的印象。,"Zhè cì bǐsài zhōng, jiǔ hào xuǎnshǒu de biǎoxiàn yóuwéi tūchū, gěi píngwěi hé guānzhòng dōu liúxiàle shēnkè de yìnxiàng."
在三星堆考古新成果中，尤为引人注目的是一座通高近70厘米的大口尊。,"Zài Sānxīngduī kǎogǔ xīn chéngguǒ zhōng, yóuwéi yǐnrénzhùmù de shì yí zuò tōnggāo jìn qīshí límǐ de dàkǒuzūn."
近年来，两国战略沟通合作日益密切，兄弟情谊愈加深厚。,"Jìnniánlái, liǎng guó zhànlüè gōutōng hézuò rìyì mìqiè, xiōngdì qíngyì yùjiā shēnhòu."
随着阅读的增多，书慧愈加不满足于安居于室，渴望去见识外面的世界。,"Suízhe yuèdú de zēngduō, Shū Huì yùjiā bù mǎnzú yú ānjū yú shì, kěwàng qù jiànshi wàimian de shìjiè."
经过数百次的舞台历练，他的演技越发纯熟。,"Jīngguò shùbǎi cì de wǔtái lìliàn, tā de yǎnjì yuèfā chúnshú."
缠绵的雨丝，飘洒在青石小巷，越发让人觉得诗意。,"Chánmián de yǔsī, piāosǎ zài qīngshí xiǎoxiàng, yuèfā ràng rén juéde shīyì."
他的身体已经大体恢复了，我觉得可以进行一些基础性训练了。,"Tā de shēntǐ yǐjīng dàtǐ huīfù le, wǒ juéde kěyǐ jìnxíng yìxiē jīchǔxìng xùnliàn le."
同类企业中，设备或许大体相似，但是生产效能可能相差悬殊。,"Tónglèi qǐyè zhōng, shèbèi huòxǔ dàtǐ xiāngsì, dànshì shēngchǎn xiàonéng kěnéng xiāngchà xuánshū."
游客因擅自参加高危活动所造成的人身和财产损失，本旅行社概不负责。,"Yóukè yīn shànzì cānjiā gāowēi huódòng suǒ zàochéng de rénshēn hé cáichǎn sǔnshī, běn lǚxíngshè gài bú fùzé."
凡成大事者，必定有坚韧不拔的意志。古今中外，概莫能外。,"Fán chéng dàshì zhě, bìdìng yǒu jiānrènbùbá de yìzhì. Gǔjīnzhōngwài, gàimònéngwài."
这部剧除男女主角之外，其他演员皆一人分饰数角，但每个人物特点鲜明，并不会让观众混淆。,"Zhè bù jù chú nánnǚ zhǔjué zhī wài, qítā yǎnyuán jiē yì rén fēn shì shù jué, dàn měi ge rénwù tèdiǎn xiānmíng, bìng bú huì ràng guānzhòng hùnxiáo."
中国瓷器之所以享誉世界，皆因其实用与审美并存。,"Zhōngguó cíqì zhī suǒyǐ xiǎngyù shìjiè, jiē yīn qí shíyòng yǔ shěnměi bìngcún."
荆门为荆楚文化发祥地之一，文化底蕴深厚，历史古迹遍地皆是。,"Jīngmén wéi Jīngchǔ wénhuà fāxiángdì zhī yī, wénhuà dǐyùn shēnhòu, lìshǐ gǔjì biàndì jiē shì."
从广州塔顶楼俯瞰，羊城璀璨的夜景尽收眼底。,"Cóng Guǎngzhōu Tǎ dǐnglóu fǔkàn, Yángchéng cuǐcàn de yèjǐng jìnshōuyǎndǐ."
村落被青山绿水环绕，尽是些古朴的瓦房和雅致的石桥，没有丝毫现代化的气息，却添了几分宁静与幽然。,"Cūnluò bèi qīngshān lǜshuǐ huánrào, jìn shì xiē gǔpǔ de wǎfáng hé yǎzhì de shíqiáo, méiyǒu sīháo xiàndàihuà de qìxī, què tiānle jǐ fēn níngjìng yǔ yōurán."
在有关部门的大力监管下，存在环境安全隐患的酒店、餐厅等均已完成整改。,"Zài yǒuguān bùmén de dàlì jiānguǎn xià, cúnzài huánjìng ānquán yǐnhuàn de jiǔdiàn, cāntīng děng jūn yǐ wánchéng zhěnggǎi."
市场上某些特殊商品不宜标价的，均须经当地价格主管部门核准。,"Shìchǎng shàng mǒuxiē tèshū shāngpǐn bùyí biāojià de, jūn xū jīng dāngdì jiàgé zhǔguǎn bùmén hézhǔn."
那一大堆坏了的电器，他只用了一个晚上的时间，就通通修理好了。,"Nà yí dà duī huàile de diànqì, tā zhǐ yòngle yí ge wǎnshang de shíjiān, jiù tōngtōng xiūlǐ hǎo le."
这些事情你通通不要管，你只负责技术革新。,"Zhèxiē shìqing nǐ tōngtōng búyào guǎn, nǐ zhǐ fùzé jìshù géxīn."
她对年轻后辈毫无保留，将自己多年来的经验教训统统分享给了大家。,"Tā duì niánqīng hòubèi háowú bǎoliú, jiāng zìjǐ duō nián lái de jīngyàn jiàoxùn tǒngtǒng fēnxiǎng gěile dàjiā."
他现在是一切为了孩子，什么升职发财换大房子，他统统不去想了。,"Tā xiànzài shì yíqiè wèile háizi, shénme shēngzhí fācái huàn dà fángzi, tā tǒngtǒng bú qù xiǎng le."
现在很多孩子都有“唯我为大”的思维方式，这跟父母的过分溺爱有密切的关系。,"Xiànzài hěn duō háizi dōu yǒu ""wéi wǒ wéi dà"" de sīwéi fāngshì, zhè gēn fùmǔ de guòfèn nì'ài yǒu mìqiè de guānxi."
修身之道不唯阅读，品茶、闲谈、对弈、抚琴、练武、游历山水均可养性。,"Xiūshēn zhī dào bù wéi yuèdú, pǐnchá, xiántán, duìyì, fǔqín, liànwǔ, yóulì shānshuǐ jūn kě yǎngxìng."
那么多同他一起备考的考生都放弃了，唯独他一个人坚持了下来。,"Nàme duō tóng tā yìqǐ bèikǎo de kǎoshēng dōu fàngqì le, wéidú tā yí ge rén jiānchíle xiàlái."
人的眼睛，能洞察他人，观测周遭的事物，唯独无法窥见自己的真容。,"Rén de yǎnjing, néng dòngchá tārén, guāncè zhōuzāo de shìwù, wéidú wúfǎ kuījiàn zìjǐ de zhēnróng."
我们村上了岁数的老人几乎都不会用智能手机，唯有老村长是个例外。,"Wǒmen cūn shàngle suìshu de lǎorén jīhū dōu bú huì yòng zhìnéng shǒujī, wéiyǒu lǎo cūnzhǎng shì ge lìwài."
在全球化的激烈竞争中，唯有持续创新才能立于不败之地。,"Zài quánqiúhuà de jīliè jìngzhēng zhōng, wéiyǒu chíxù chuàngxīn cái néng lìyú bú bài zhī dì."
综合来看，外语学习的动机无非两种：融合型动机和工具型动机。,"Zōnghé lái kàn, wàiyǔ xuéxí de dòngjī wúfēi liǎng zhǒng: rónghéxíng dòngjī hé gōngjùxíng dòngjī."
邻居跟我偶然碰见时会闲聊几句，说的无非是些家长里短的事情。,"Línjū gēn wǒ ǒurán pèngjiàn shí huì xiánliáo jǐ jù, shuō de wúfēi shì xiē jiāchánglǐduǎn de shìqing."
国务院明确规定，我国的“驰名商标”工作一概由国家商标局负责。,"Guówùyuàn míngquè guīdìng, wǒguó de ""chímíng shāngbiāo"" gōngzuò yígài yóu guójiā shāngbiāo jú fùzé."
小夫妻俩决定婚礼一切从简，只摆几桌酒席，婚车和接亲环节一概取消。,"Xiǎo fūqī liǎ juédìng hūnlǐ yíqiè cóngjiǎn, zhǐ bǎi jǐ zhuō jiǔxí, hūnchē hé jiēqīn huánjié yígài qǔxiāo."
出于保护当事人的考虑，我们隐去了其真实姓名，姑且以“张某”代称。,"Chūyú bǎohù dāngshìrén de kǎolǜ, wǒmen yǐnqùle qí zhēnshí xìngmíng, gūqiě yǐ ""Zhāng mǒu"" dàichēng."
我给您简单分析一下吧，您姑且一听，要是不对，权当我没说。,"Wǒ gěi nín jiǎndān fēnxī yí xià ba, nín gūqiě yì tīng, yàoshi bú duì, quándàng wǒ méi shuō."
“蜜月游”愈发流行，不少年轻人办完酒席即启程旅行。,"""Mìyuèyóu"" yùfā liúxíng, bùshǎo niánqīngrén bànwán jiǔxí jí qǐchéng lǚxíng."
在4G峰值速度下，下载一部1GB大小的高清电影需要1分钟左右，而在5G条件下只需几秒即可。,"Zài sì G fēngzhí sùdù xià, xiàzài yí bù yī GB dàxiǎo de gāoqīng diànyǐng xūyào yì fēnzhōng zuǒyòu, ér zài wǔ G tiáojiàn xià zhǐ xū jǐ miǎo jí kě."
气象局在暴雨来临前，通过网络、电视、广播等多种媒介，即时发布有关暴雨的预警信号。,"Qìxiàngjú zài bàoyǔ láilín qián, tōngguò wǎngluò, diànshì, guǎngbō děng duō zhǒng méijiè, jíshí fābù yǒuguān bàoyǔ de yùjǐng xìnhào."
在智慧课堂中，李老师通过平板电脑向学生发布任务，根据平台精准反馈的学情,"Zài zhìhuì kètáng zhōng, Lǐ lǎoshī tōngguò píngbǎn diànnǎo xiàng xuésheng fābù rènwu, gēnjù píngtái jīngzhǔn fǎnkuì de xuéqíng"
即时进行教学调整。,Jíshí jìnxíng jiàoxué tiáozhěng.
本协议在履行过程中，如若发生未曾约定的情况，届时由双方共同友好商定。,"Běn xiéyì zài lǚxíng guòchéng zhōng, rúruò fāshēng wèicéng yuēdìng de qíngkuàng, jièshí yóu shuāngfāng gòngtóng yǒuhǎo shāngdìng."
大会将于9月10日至18日在北京举行，届时将会有近800名国外代表与会。,"Dàhuì jiāng yú jiǔ yuè shí rì zhì shíbā rì zài Běijīng jǔxíng, jièshí jiāng huì yǒu jìn bābǎi míng guówài dàibiǎo yùhuì."
家长应尽早让孩子参与家务劳动，培养他们的责任感和自理能力。,"Jiāzhǎng yīng jǐnzǎo ràng háizi cānyù jiāwù láodòng, péiyǎng tāmen de zérèngǎn hé zìlǐ nénglì."
外出旅行应提前确定行程并尽早预约购票，以防票量不足或票价上涨。,"Wàichū lǚxíng yīng tíqián quèdìng xíngchéng, bìng jǐnzǎo yùyuē gòupiào, yǐfáng piàoliang bùzú huò piàojià shàngzhǎng."
相聚的时光总是短暂的，丰盛的晚餐过后大家就此告别。,"Xiāngjù de shíguāng zǒngshì duǎnzàn de, fēngshèng de wǎncān guòhòu dàjiā jiùcǐ gàobié."
虽然油气勘探工作屡遭失败，但是地质学家们并未就此止步，反倒越挫越勇。,"Suīrán yóuqì kāntàn gōngzuò lǚ zāo shībài, dànshì dìzhì xuéjiāmen bìng wèi jiùcǐ zhǐbù, fǎndào yuècuòyuèyǒng."
“绿肥红瘦”四字是李清照《如梦令》一词的点睛之笔，历来为世人所称道。,"""Lǜféihóngshòu"" sì zì shì Lǐ Qīngzhào Rú Mèng Lìng yì cí de diǎnjīngzhībǐ, lìlái wéi shìrén suǒ chēngdào."
苏州历来是经济富饶的鱼米之乡，与杭州齐名，并称“苏杭”。,"Sūzhōu lìlái shì jīngjì fùráo de yúmǐzhīxiāng, yǔ Hángzhōu qímíng, bìngchēng ""Sū Háng""."
当时我年纪尚幼，许多事情已然模糊不清，但故乡染满绿的庭院，是记忆深处永远的乡愁。,"Dāngshí wǒ niánjì shàng yòu, xǔduō shìqing yǐrán móhu bùqīng, dàn gùxiāng rǎnmǎn lǜ de tíngyuàn, shì jìyì shēnchù yǒngyuǎn de xiāngchóu."
截至目前，搜救工作尚未发现幸存人员，事故原因尚待调查。,"Jiézhì mùqián, sōujiù gōngzuò shàngwèi fāxiàn xìngcún rényuán, shìgù yuányīn shàng dài diàochá."
她犹豫了一下，随即拿起了电话，把这件事报告给总经理。,"Tā yóuyùle yíxià, suíjí náqǐle diànhuà, bǎ zhè jiàn shì bàogào gěi zǒngjīnglǐ."
我听闻临近扬州的泰州，早茶亦颇有特色，随即驱车从扬州前往泰州。,"Wǒ tīngwén línjìn Yángzhōu de Tàizhōu, zǎochá yì pō yǒu tèsè, suíjí qūchē cóng Yángzhōu qiánwǎng Tàizhōu."
孙老板向来一言九鼎，因此在商界信誉很高。,"Sūn lǎobǎn xiànglái yìyánjiǔdǐng, yīncǐ zài shāngjiè xìnyù hěn gāo."
他深居简出，向来不喜与外界交往。,"Tā shēnjūjiǎnchū, xiànglái bù xǐ yǔ wàijiè jiāowǎng."
绿色农场种植出的果蔬天然无公害，一经上市便供不应求。,"Lǜsè nóngchǎng zhòngzhíchū de guǒshū tiānrán wú gōnghài, yìjīng shàngshì biàn gōngbúyìngqiú."
《红楼梦》这部经典名著又要翻拍的消息一经发布，即引起社会热议。,"Hónglóumèng zhè bù jīngdiǎn míngzhù yòu yào fānpāi de xiāoxi yìjīng fābù, jí yǐnqǐ shèhuì rèyì."
鉴于此问题情况复杂、涉及面广，本文限于篇幅，暂且不做讨论。,"Jiànyú cǐ wèntí qíngkuàng fùzá, shèjí miàn guǎng, běnwén xiànyú piānfú, zànqiě bú zuò tǎolùn."
任务推进遇到瓶颈时，不妨暂且搁置细节问题，集中精力解决主要问题。,"Rènwu tuījìn yùdào píngjǐng shí, bùfáng zànqiě gēzhì xìjié wèntí, jízhōng jīnglì jiějué zhǔyào wèntí."
我们期待她的新作早日问世，并且预祝她在文学创作上取得更大的成功。,"Wǒmen qīdài tā de xīnzuò zǎorì wènshì, bìngqiě yùzhù tā zài wénxué chuàngzuò shàng qǔdé gèng dà de chénggōng."
孩子们自发来到病房里看望老师，感谢老师的辛勤付出并祝愿老师早日康复。,"Háizimen zìfā láidào bìngfáng lǐ kànwàng lǎoshī, gǎnxiè lǎoshī de xīnqín fùchū bìng zhùyuàn lǎoshī zǎorì kāngfù."
这家店的饭菜不但量大实惠，而且色香味俱全，每一个来吃的人都连连称赞。,"Zhè jiā diàn de fàncài búdàn liàng dà shíhuì, érqiě sè xiāng wèi jùquán, měi yí ge lái chī de rén dōu liánlián chēngzàn."
杂技艺术节上，各地顶尖的杂技演员各显身手，引得现场惊呼不断、掌声连连。,"Zájì yìshùjié shàng, gèdì dǐngjiān de zájì yǎnyuán gè xiǎn shēnshǒu, yǐn de xiànchǎng jīnghū búduàn, zhǎngshēng liánlián."
嘉宾因说话屡次被主持人打断，已面露愠色。,"Jiābīn yīn shuōhuà lǚcì bèi zhǔchírén dǎduàn, yǐ miànlù yùnsè."
他的电影作品受到海内外市场的欢迎，屡次获得国际影展奖项。,"Tā de diànyǐng zuòpǐn shòudào hǎinèiwài shìchǎng de huānyíng, lǚcì huòdé guójì yǐngzhǎn jiǎngxiàng."
凭借着高超的技艺和精巧的构思，民间艺术家的作品在国内外赛事中屡屡获奖。,"Píngjièzhe gāochāo de jìyì hé jīngqiǎo de gòusī, mínjiān yìshùjiā de zuòpǐn zài guónèiwài sàishì zhōng lǚlǚ huòjiǎng."
这一服装品牌将非遗元素融入现代设计，屡屡在时装周上惊艳亮相。,"Zhè yì fúzhuāng pǐnpái jiāng fēiyí yuánsù róngrù xiàndài shèjì, lǚlǚ zài shízhuāngzhōu shàng jīngyàn liàngxiàng."
近年来，我院师生在各类学科竞赛中屡获佳绩，捷报频传。,"Jìnniánlái, wǒ yuàn shīshēng zài gèlèi xuékē jìngsài zhōng lǚ huò jiājì, jiébào pín chuán."
这里以前是沙尘暴频发的地区，通过植树造林、补绿复绿，现已成为国家级生态文明示范区。,"Zhèlǐ yǐqián shì shāchénbào pínfā de dìqū, tōngguò zhíshùzàolín, bǔlǜ fùlǜ, xiàn yǐ chéngwéi guójiājí shēngtài wénmíng shìfànqū."
天空布满阴云，时而落下几滴雨，未带来一丝凉爽，却闷得让人喘不过气来。,"Tiānkōng bùmǎn yīnyún, shí'ér luòxià jǐ dī yǔ, wèi dàilái yìsī liángshuǎng, què mēn de ràng rén chuǎnbuguòqìlái."
他凝神望着前方连绵的青山，时而眉头微蹙，时而喜上眉梢，不知思绪飘到了何方。,"Tā níngshén wàngzhe qiánfāng liánmián de qīngshān, shí'ér méitóu wēicù, shí'ér xǐshàngméishāo, bùzhī sīxù piāodàole héfāng."
对这些好心人的善举，受帮助者时时感念于心，希望有朝一日能回报恩人。,"Duì zhèxiē hǎoxīnrén de shànjǔ, shòu bāngzhù zhě shíshí gǎnniàn yú xīn, xīwàng yǒuzhāoyírì néng huíbào ēnrén."
工作中他是严师，教学一丝不苟；生活中他又像个老父亲，时时关心我们的身心健康。,"Gōngzuò zhōng tā shì yánshī, jiàoxué yìsībùgǒu; shēnghuó zhōng tā yòu xiàng ge lǎofùqīn, shíshí guānxīn wǒmen de shēnxīn jiànkāng."
如果员工相继辞职，老板必须予以重视，找寻员工流失的真正原因。,"Rúguǒ yuángōng xiāngjì cízhí, lǎobǎn bìxū yǔyǐ zhòngshì, zhǎoxún yuángōng liúshī de zhēnzhèng yuányīn."
金秋九月，北京戏剧舞台异彩纷呈，相继展演了精品剧目114部。,"Jīnqiū jiǔyuè, Běijīng xìjù wǔtái yìcǎifēnchéng, xiāngjì zhǎnyǎnle jīngpǐn jùmù yìbǎi yīshísì bù."
大嫂在旁边一个劲使眼色，示意哥哥不要再说下去了。,"Dàsǎo zài pángbiān yígejìn shǐ yǎnsè, shìyì gēge búyào zài shuō xiàqù le."
孩子不能一个劲儿地闷头苦学，适当的休闲和锻炼都是很有必要的。,"Háizi bùnéng yígejìnr de mēntóu kǔxué, shìdàng de xiūxián hé duànliàn dōu shì hěn yǒu bìyào de."
为了尽快研制出特效药，他常常在实验室里一连奋战十几个小时。,"Wèile jǐnkuài yánzhìchū tèxiàoyào, tā chángcháng zài shíyànshì lǐ yìlián fènzhàn shí jǐ ge xiǎoshí."
大水靠在沙发上，一连打了好几个哈欠，困得睁不开眼。,"Dàshuǐ kào zài shāfā shàng, yìlián dǎle hǎo jǐ ge hāqian, kùn de zhēngbukāi yǎn."
时隔12年，中国队再度捧起冠军奖杯。,"Shígé shí'èr nián, Zhōngguó duì zàidù pěngqǐ guànjūn jiǎngbēi."
由于身体抱恙，她一度放弃歌唱事业。后来在家人的支持下，她再度鼓起勇气，站上舞台。,"Yóuyú shēntǐ bàoyàng, tā yídù fàngqì gēchàng shìyè. Hòulái zài jiārén de zhīchí xià, tā zàidù gǔqǐ yǒngqì, zhànshàng wǔtái."
按理，一到广州我就应该即刻去拜访先生，不料因行程繁忙到最后也未能成行。,"Ànlǐ, yí dào Guǎngzhōu wǒ jiù yīnggāi jíkè qù bàifǎng xiānsheng, búliào yīn xíngchéng fánmáng dào zuìhòu yě wèi néng chéngxíng."
你出现了这个失误，按理该扣一个月的工资，但看在你平时工作还算认真的份上，公司决定给你机会将功补过。,"Nǐ chūxiànle zhège shīwù, ànlǐ gāi kòu yí ge yuè de gōngzī, dàn kàn zài nǐ píngshí gōngzuò hái suàn rènzhēn de fènshang, gōngsī juédìng gěi nǐ jīhuì jiānggōngbǔguò."
按说，以方平的能力完全可以在大城市里立足，可他为了方便照顾父母，毅然选,"Ànshuō, yǐ Fāng Píng de nénglì wánquán kěyǐ zài dà chéngshì lǐ lìzú, kě tā wèile fāngbiàn zhàogù fùmǔ, yìrán xuǎn"
择回乡工作。年轻人的私事，按说我不该多问，可是既然影响到了工作，我就不能不问一问了。 养护工人对园内种植的一草一木百般呵护，定时浇水、悉心修剪。,"Zé huíxiāng gōngzuò. Niánqīngrén de sīshì, ànshuō wǒ bù gāi duō wèn, kěshì jìrán yǐngxiǎngdàole gōngzuò, wǒ jiù bùnéng bú wèn yí wèn le. Yǎnghù gōngrén duì yuánnèi zhòngzhí de yìcǎoyímù bǎibān hēhù, dìngshí jiāoshuǐ, xīxīn xiūjiǎn."
这部作品经过了作者的反复斟酌、百般打磨，一经发表便好评如潮。,"Zhè bù zuòpǐn jīngguòle zuòzhě de fǎnfù zhēnzhuó, bǎibān dǎmó, yìjīng fābiǎo biàn hǎopíngrúcháo."
看见前面登场的选手纷纷取得了较高的得分，即将表演的白兰不由得紧张了起来。,"Kànjiàn qiánmian dēngchǎng de xuǎnshǒu fēnfēn qǔdéle jiào gāo de défēn, jíjiāng biǎoyǎn de Bái Lán bùyóude jǐnzhāngle qǐlái."
看到新戏排练终于有了进展，导演不由得松了口气。,"Kàndào xīn xì páiliàn zhōngyú yǒule jìnzhǎn, dǎoyǎn bùyóude sōngle kǒuqì."
对方球员心情焦躁，失误明显增多，黑龙江队趁机将比分反超。,"Duìfāng qiúyuán xīnqíng jiāozào, shīwù míngxiǎn zēngduō, Hēilóngjiāng duì chènjī jiāng bǐfēn fǎnchāo."
全套课程系统讲授了深度学习的常用算法，并非无良商家在人工智能风口趁机推出的“割韭菜”产品。,"Quántào kèchéng xìtǒng jiǎngshòule shēndù xuéxí de chángyòng suànfǎ, bìngfēi wúliáng shāngjiā zài réngōng zhìnéng fēngkǒu chènjī tuīchū de ""gējiǔcài"" chǎnpǐn."
8号球员好像不在状态，刚才又受了伤，趁早把他换下来，以免影响比赛结果。,"Bā hào qiúyuán hǎoxiàng bú zài zhuàngtài, gāngcái yòu shòule shāng, chènzǎo bǎ tā huànxiàlai, yǐmiǎn yǐngxiǎng bǐsài jiéguǒ."
你想靠炒股票赚钱？趁早打消这个念头儿吧，你别听人忽悠，炒股的人没有几个赚钱的。,"Nǐ xiǎng kào chǎo gǔpiào zhuànqián? Chènzǎo dǎxiāo zhège niàntour ba, nǐ bié tīng rén hūyou, chǎogǔ de rén méiyǒu jǐ ge zhuànqián de."
他在饭桌上大肆吹嘘自己的财富和人脉，试图建立起一个成功人士的形象。,"Tā zài fànzhuō shàng dàsì chuīxū zìjǐ de cáifù hé rénmài, shìtú jiànlìqǐ yí ge chénggōng rénshì de xíngxiàng."
夏季是害虫大肆为害的时节，为保障群众身心健康，服务团队对重点区域进行了,"Xiàjì shì hàichóng dàsì wéihài de shíjié, wèi bǎozhàng qúnzhòng shēnxīn jiànkāng, fúwù tuánduì duì zhòngdiǎn qūyù jìnxíngle"
全方位的科学消杀。,Quánfāngwèi de kēxué xiāoshā.
对于贵方提出的无理要求，我方断然拒绝。,"Duìyú guìfāng tíchū de wúlǐ yāoqiú, wǒfāng duànrán jùjué."
举办一场国际展览会，断然不可能仅凭一己之力完成，需各方精诚合作、共同努力。,"Jǔbàn yì chǎng guójì zhǎnlǎnhuì, duànrán bù kěnéng jǐn píng yìjǐzhīlì wánchéng, xū gèfāng jīngchéng hézuò, gòngtóng nǔlì."
被告公然违反法律规定，散布谣言，严重损害了原告的商业信誉。,"Bèigào gōngrán wéifǎn fǎlǜ guīdìng, sànbù yáoyán, yánzhòng sǔnhàile yuángào de shāngyè xìnyù."
他在训练时公然顶撞主教练，受到严肃批评是理所当然的。,"Tā zài xùnliàn shí gōngrán dǐngzhuàng zhǔjiàoliàn, shòudào yánsù pīpíng shì lǐsuǒdāngrán de."
地震发生后，他主动终止休假，火速归队，毅然投身抢险救灾第一线。,"Dìzhèn fāshēng hòu, tā zhǔdòng zhōngzhǐ xiūjià, huǒsù guīduì, yìrán tóushēn qiǎngxiǎn jiùzāi dìyīxiàn."
高速公路上一辆大货车轮胎起火亟需救援，高速交警接警后，火速派附近警力和,"Gāosù gōnglù shàng yí liàng dà huòchē lúntāi qǐhuǒ jíxū jiùyuán, gāosù jiāojǐng jiējǐng hòu, huǒsù pài fùjìn jǐnglì hé"
119消防车前往现场救援。,Yāo yāo jiǔ xiāofángchē qiánwǎng xiànchǎng jiùyuán.
他们俩虽是双胞胎，性格却截然相反。,"Tāmen liǎ suī shì shuāngbāotāi, xìnggé què jiérán xiāngfǎn."
供给和需求好比一枚硬币的两面，无法截然分开。,"Gōngjǐ hé xūqiú hǎobǐ yì méi yìngbì de liǎng miàn, wúfǎ jiérán fēnkāi."
匠人们非常注重技法的精湛，竭力使自己的作品成为流传千古的艺术精品。,"Jiàngrénmen fēicháng zhùzhòng jìfǎ de jīngzhàn, jiélì shǐ zìjǐ de zuòpǐn chéngwéi liúchuán qiāngǔ de yìshù jīngpǐn."
但凡旅客有需求，小到一针一线，大到轮椅担架，铁路工作人员都会竭力满足。,"Dànfán lǚkè yǒu xūqiú, xiǎo dào yìzhēnyíxiàn, dà dào lúnyǐ dānjià, tiělù gōngzuò rényuán dōu huì jiélì mǎnzú."
游客们迫不及待地躺在草地上尽情呼吸新鲜的空气，享受灿烂的阳光。,"Yóukèmen pòbùjídài de tǎng zài cǎodì shàng jìnqíng hūxī xīnxiān de kōngqì, xiǎngshòu cànlàn de yángguāng."
在壬寅虎年来临之际，各地人民以丰富多彩的活动，尽情表达了他们的喜悦之情和对新一年的美好憧憬。,"Zài Rényín hǔnián láilín zhījì, gèdì rénmín yǐ fēngfù duōcǎi de huódòng, jìnqíng biǎodále tāmen de xǐyuè zhī qíng hé duì xīn yì nián de měihǎo chōngjǐng."
所谓“就近入学”，一般是按照户口所在地去附近的学校登记入学。,"Suǒwèi ""jiùjìn rùxué"", yìbān shì ànzhào hùkǒu suǒzàidì qù fùjìn de xuéxiào dēngjì rùxué."
过去驾驶证补换需前往车管所办理，现在在网上提交信息后即可就近领取。,"Guòqù jiàshǐzhèng bǔhuàn xū qiánwǎng chēguǎnsuǒ bànlǐ, xiànzài zài wǎngshàng tíjiāo xìnxī hòu jí kě jiùjìn lǐngqǔ."
他在演讲中幽默的插话并非一时兴起，而是刻意为之，以赢得观众的好感。,"Tā zài yǎnjiǎng zhōng yōumò de chāhuà bìngfēi yìshí xīngqǐ, érshì kèyì wéi zhī, yǐ yíngdé guānzhòng de hǎogǎn."
研究者在选择研究课题时，不能刻意去赶时髦，盲目跟风，而应结合自己的知识结构和研究兴趣。,"Yánjiūzhě zài xuǎnzé yánjiū kètí shí, bùnéng kèyì qù gǎn shímáo, mángmù gēnfēng, ér yīng jiéhé zìjǐ de zhīshi jiégòu hé yánjiū xìngqù."
你别这么拼命地工作，要注意身体啊！,"Nǐ bié zhème pīnmìng de gōngzuò, yào zhùyì shēntǐ a!"
现场所有的粉丝们都在拼命鼓掌、尖叫，气氛热烈极了！,"Xiànchǎng suǒyǒu de fěnsīmen dōu zài pīnmìng gǔzhǎng, jiānjiào, qìfēn rèliè jí le!"
当电梯关门时，不可强行挤入，以免发生危险。,"Dāng diàntī guānmén shí, bù kě qiángxíng jǐrù, yǐmiǎn fāshēng wēixiǎn."
不要直接使用电源开关键强行关机，这样易造成系统文件损坏或丢失。,"Búyào zhíjiē shǐyòng diànyuán kāiguānjiàn qiángxíng guānjī, zhèyàng yì zàochéng xìtǒng wénjiàn sǔnhuài huò diūshī."
理发师的手艺高超，顾客可从色板上任意挑选造型，也可带图或口头描述，只有你想不到，没有她做不到。,"Lǐfàshī de shǒuyì gāochāo, gùkè kě cóng sèbǎn shàng rènyì tiāoxuǎn zàoxíng, yě kě dài tú huò kǒutóu miáoshù, zhǐyǒu nǐ xiǎngbudào, méiyǒu tā zuòbudào."
历史就是历史，谁都不能任意修改。,"Lìshǐ jiùshì lìshǐ, shéi dōu bùnéng rènyì xiūgǎi."
两宋时期，海外贸易得到了空前发展，海商队伍不断壮大，侨居外商也日趋增多。,"Liǎng Sòng shíqī, hǎiwài màoyì dédàole kōngqián fāzhǎn, hǎishāng duìwu búduàn zhuàngdà, qiáojū wàishāng yě rìqū zēngduō."
智能手机市场现已日趋饱和，如何稳中求变，成了各大厂商首要解决的问题。,"Zhìnéng shǒujī shìchǎng xiàn yǐ rìqū bǎohé, rúhé wěnzhōngqiúbiàn, chéngle gè dà chǎngshāng shǒuyào jiějué de wèntí."
虽然时间紧迫，工作量浩繁，工人们终于克服种种困难，如期完成了任务。,"Suīrán shíjiān jǐnpò, gōngzuòliàng hàofán, gōngrénmen zhōngyú kèfú zhǒngzhǒng kùnnan, rúqī wánchéngle rènwu."
为确保活动如期举行，主办方积极协调各方资源，及时解决潜在问题。,"Wèi quèbǎo huódòng rúqī jǔxíng, zhǔbànfāng jījí xiétiáo gèfāng zīyuán, jíshí jiějué qiánzài wèntí."
为避免员工擅自离职给公司带来麻烦和损失，用人单位可在劳动合同中提前注明相关条款。,"Wèi bìmiǎn yuángōng shànzì lízhí gěi gōngsī dàilái máfan hé sǔnshī, yòngrén dānwèi kě zài láodòng hétong zhōng tíqián zhùmíng xiāngguān tiáokuǎn."
未经商标注册人许可，任何组织和个人均不得擅自将该商标用于同类商品上。,"Wèijīng shāngbiāo zhùcè rén xǔkě, rènhé zǔzhī hé gèrén jūn bùdé shànzì jiāng gāi shāngbiāo yòngyú tónglèi shāngpǐn shàng."
行程中请务必听从导游安排，如私自离团，产生的一切后果均须自行承担。,"Xíngchéng zhōng qǐng wùbì tīngcóng dǎoyóu ānpái, rú sīzì lítuán, chǎnshēng de yíqiè hòuguǒ jūn xū zìxíng chéngdān."
文物购销统一由文物部门负责，国内外人士不得私自进行买卖。,"Wénwù gòuxiāo tǒngyī yóu wénwù bùmén fùzé, guónèiwài rénshì bùdé sīzì jìnxíng mǎimai."
贵公司为我们提供了极大的帮助，特此表示感谢。,"Guì gōngsī wèi wǒmen tígōngle jí dà de bāngzhù, tècǐ biǎoshì gǎnxiè."
与会人员往返旅费自理，会议期间食宿由主办方承担。特此通知。,"Yùhuì rényuán wǎngfǎn lǚfèi zìlǐ, huìyì qījiān shísù yóu zhǔbànfāng chéngdān. Tècǐ tōngzhī."
不明白的不要瞎做，不该说的不要瞎说。,"Bù míngbai de búyào xiā zuò, bù gāi shuō de búyào xiā shuō."
努力先要找准方向，否则累得半死却只是原地打转，瞎忙一通。,"Nǔlì xiān yào zhǎozhǔn fāngxiàng, fǒuzé lèi de bànsǐ què zhǐshì yuándì dǎzhuàn, xiā máng yí tòng."
为了给山区的孩子们更多的帮助，志愿者回信时还一并寄去了衣服和图书。,"Wèile gěi shānqū de háizimen gèng duō de bāngzhù, zhìyuànzhě huíxìn shí hái yíbìng jìqùle yīfu hé túshū."
关心支持我的朋友太多，无法一一列举，在此一并致谢。,"Guānxīn zhīchí wǒ de péngyou tài duō, wúfǎ yīyī lièjǔ, zài cǐ yíbìng zhìxiè."
新技术的引入，一举解决了公司长期以来成本过高、产能不足等多项难题。,"Xīn jìshù de yǐnrù, yìjǔ jiějuéle gōngsī chángqī yǐlái chéngběn guò gāo, chǎnnéng bùzú děng duō xiàng nántí."
在奥运会乒乓球男子团体决赛中，三名中国选手团结一致，一举夺冠。,"Zài Àoyùnhuì pīngpāngqiú nánzǐ tuántǐ juésài zhōng, sān míng Zhōngguó xuǎnshǒu tuánjié yízhì, yìjǔ duóguàn."
有些家庭条件好的孩子之所以会养成一些不良习惯，完全是父母一手造成的。,"Yǒuxiē jiātíng tiáojiàn hǎo de háizi zhī suǒyǐ huì yǎngchéng yìxiē bùliáng xíguàn, wánquán shì fùmǔ yìshǒu zàochéng de."
为了照顾生病的妻子和年幼的孩子，他关了自己一手创办的工作室，专心守着家人。,"Wèile zhàogù shēngbìng de qīzi hé niányòu de háizi, tā guānle zìjǐ yìshǒu chuàngbàn de gōngzuòshì, zhuānxīn shǒuzhe jiārén."
山区孩子对知识的渴求深深打动了他，他毅然决定扎根于此，帮助孩子们圆梦大学。,"Shānqū háizi duì zhīshi de kěqiú shēnshēn dǎdòngle tā, tā yìrán juédìng zhāgēn yú cǐ, bāngzhù háizimen yuánmèng dàxué."
他取得博士学位后，毅然放弃了国外良好的工作条件和优厚的物质待遇，回到了祖国的怀抱。,"Tā qǔdé bóshì xuéwèi hòu, yìrán fàngqìle guówài liánghǎo de gōngzuò tiáojiàn hé yōuhòu de wùzhì dàiyù, huídàole zǔguó de huáibào."
说到精彩之处，他有意不往下讲，吊足了大家的胃口。,"Shuōdào jīngcǎi zhī chù, tā yǒuyì bù wǎng xià jiǎng, diàozúle dàjiā de wèikǒu."
我但凡提出一点儿想法，他就急于反驳，似乎有意跟我过不去。,"Wǒ dànfán tíchū yìdiǎnr xiǎngfǎ, tā jiù jíyú fǎnbó, sìhū yǒuyì gēn wǒ guòbuqù."
尽管一周以来连续阴雨，但施工仍照常进行。,"Jǐnguǎn yì zhōu yǐlái liánxù yīnyǔ, dàn shīgōng réng zhàocháng jìnxíng."
虽然她已小有名气，但仍照常在剧场认真演出，打磨演技。,"Suīrán tā yǐ xiǎoyǒu míngqì, dàn réng zhàocháng zài jùchǎng rènzhēn yǎnchū, dǎmó yǎnjì."
这周末店里的生意比较忙，老郭没有照例休假，而是到店帮忙接待顾客。,"Zhè zhōumò diàn lǐ de shēngyi bǐjiào máng, Lǎo Guō méiyǒu zhàolì xiūjià, érshì dào diàn bāngmáng jiēdài gùkè."
新品宣发照例应由市场营销部负责，然而因时间紧迫，其他部门也参与了策划。,"Xīnpǐn xuānfā zhàolì yīng yóu shìchǎng yíngxiāo bù fùzé, rán'ér yīn shíjiān jǐnpò, qítā bùmén yě cānyùle cèhuà."
他年近80照样身板硬朗，精力和体力不输年轻人。,"Tā nián jìn bāshí zhàoyàng shēnbǎn yìnglǎng, jīnglì hé tǐlì bù shū niánqīngrén."
叶老师并未计较我之前的顶撞，照样对我倾囊相授。,"Yè lǎoshī bìng wèi jìjiào wǒ zhīqián de dǐngzhuàng, zhàoyàng duì wǒ qīngnángxiāngshòu."
我和他多年未见，本想留他多住几天，可他执意不肯，说是家中有事。,"Wǒ hé tā duō nián wèi jiàn, běn xiǎng liú tā duō zhù jǐ tiān, kě tā zhíyì bù kěn, shuō shì jiāzhōng yǒu shì."
她不顾家人、朋友的劝说，病还没好就执意回到工作岗位。,"Tā búgù jiārén, péngyou de quànshuō, bìng hái méi hǎo jiù zhíyì huídào gōngzuò gǎngwèi."
一夜狂风暴雨过后，气温骤然下降了十几度。,"Yí yè kuángfēngbàoyǔ guòhòu, qìwēn zhòurán xiàjiàngle shí jǐ dù."
鱼相继在水中跃起，原本平静的湖面，骤然起了波澜。,"Yú xiāngjì zài shuǐzhōng yuèqǐ, yuánběn píngjìng de húmiàn, zhòurán qǐle bōlán."
大幕拉开，节目主持人走上舞台，他首先感谢了观众的到来，然后逐一介绍在场嘉宾。,"Dàmù lākāi, jiémù zhǔchírén zǒushàng wǔtái, tā shǒuxiān gǎnxièle guānzhòng de dàolái, ránhòu zhúyī jièshào zàichǎng jiābīn."
考生入场后对号入座，将准考证和有效身份证件放在桌子右上角，以备监考员逐一核查。,"Kǎoshēng rùchǎng hòu duìhào rùzuò, jiāng zhǔnkǎozhèng hé yǒuxiào shēnfèn zhèngjiàn fàng zài zhuōzi yòu shàngjiǎo, yǐbèi jiānkǎoyuán zhúyī héchá."
为了吃到最鲜美的河豚，远在新疆的刘先生跨越三千多公里专程来到扬中。,"Wèile chīdào zuì xiānměi de hétún, yuǎn zài Xīnjiāng de Liú xiānsheng kuàyuè sānqiān duō gōnglǐ zhuānchéng láidào Yángzhōng."
有一年，我专程去南京拜访了恩师，导师已年逾古稀，但依然精神矍铄。,"Yǒu yì nián, wǒ zhuānchéng qù Nánjīng bàifǎngle ēnshī, dǎoshī yǐ nián yú gǔxī, dàn yīrán jīngshén juéshuò."
文学上的分类只反映文学作品的特点而非价值的高低，通俗小说不见得不高雅，,"Wénxué shàng de fēnlèi zhǐ fǎnyìng wénxué zuòpǐn de tèdiǎn ér fēi jiàzhí de gāodī, tōngsú xiǎoshuō bújiàndé bù gāoyǎ,"
不见得不严肃，而那些所谓的非通俗小说，也并非都是精品。,"Bújiàndé bù yánsù, ér nàxiē suǒwèi de fēi tōngsú xiǎoshuō, yě bìngfēi dōu shì jīngpǐn."
这件事非常麻烦，你就是让比我厉害十倍的人去办，也不见得能办成。,"Zhè jiàn shì fēicháng máfan, nǐ jiùshì ràng bǐ wǒ lìhai shí bèi de rén qù bàn, yě bújiàndé néng bànchéng."
年轻人绝不应为了攀比和享乐而过度消费，甚至背上难以偿还的债务。,"Niánqīngrén jué bù yīng wèile pānbǐ hé xiǎnglè ér guòdù xiāofèi, shènzhì bēishàng nányǐ chánghuán de zhàiwù."
他那么聪明的人，绝不会干这种傻事。,"Tā nàme cōngming de rén, jué bú huì gàn zhè zhǒng shǎshì."
即将告别学生时代，我心有千言反而无从说起。,"Jíjiāng gàobié xuésheng shídài, wǒ xīn yǒu qiān yán fǎn'ér wúcóng shuōqǐ."
此次会议内容严格保密，外界对其无从得知。,"Cǐ cì huìyì nèiróng yángé bǎomì, wàijiè duì qí wúcóng dézhī."
她满墙贴的都是舞台上演奏的照片，音乐对她的重要性无须多言。,"Tā mǎn qiáng tiē de dōu shì wǔtái shàng yǎnzòu de zhàopiàn, yīnyuè duì tā de zhòngyàoxìng wúxū duō yán."
“往者不可谏，来者犹可追”，无须为过去的失误而懊悔，重要的是把握现在，展望未来。,"""Wǎng zhě bù kě jiàn, lái zhě yóu kě zhuī"", wúxū wèi guòqù de shīwù ér àohuǐ, zhòngyào de shì bǎwò xiànzài, zhǎnwàng wèilái."
她的演唱技巧卓越且感情真挚，让台下评委们无可指摘。,"Tā de yǎnchàng jìqiǎo zhuóyuè qiě gǎnqíng zhēnzhì, ràng táixià píngwěimen wúkě zhǐzhāi."
当被问及该片是否以悲剧结尾，女主表示已签署保密协议，对此无可奉告。,"Dāng bèi wènjí gāi piàn shìfǒu yǐ bēijù jiéwěi, nǚzhǔ biǎoshì yǐ qiānshǔ bǎomì xiéyì, duì cǐ wúkě fènggào."
女儿春节在外未能回家，询问父母近况，二老回复说：“一切平安，勿念。”,"Nǚ'ér Chūn Jié zài wài wèi néng huí jiā, xúnwèn fùmǔ jìnkuàng, èr lǎo huífù shuō: ""Yíqiè píng'ān, wù niàn."""
室内若发生煤气泄漏，应立即打开门窗通风，切勿使用明火。,"Shìnèi ruò fāshēng méiqì xièlòu, yīng lìjí dǎkāi ménchuāng tōngfēng, qiè wù shǐyòng mínghuǒ."
快乐的人，必定是对生活有深刻洞察力的人，必定是内心富于诗意的人。,"Kuàilè de rén, bìdìng shì duì shēnghuó yǒu shēnkè dòngchálì de rén, bìdìng shì nèixīn fùyú shīyì de rén."
以你的资质，假以时日必定会“青出于蓝而胜于蓝”。,"Yǐ nǐ de zīzhì, jiǎyǐshírì bìdìng huì ""qīngchūyúlán ér shèngyúlán""."
诚信经营方能行稳致远，投机取巧必将自取灭亡。,"Chéngxìn jīngyíng fāng néng xíngwěnzhìyuǎn, tóujīqǔqiǎo bìjiāng zìqǔmièwáng."
这次友好访问，必将使两国关系上升到一个新的阶段。,"Zhè cì yǒuhǎo fǎngwèn, bìjiāng shǐ liǎng guó guānxi shàngshēng dào yí ge xīn de jiēduàn."
投资者须细细分析股票走势。若一时无把握，出手不妨“慢一拍”。,"Tóuzīzhě xū xìxì fēnxī gǔpiào zǒushì. Ruò yìshí wú bǎwò, chūshǒu bùfáng ""màn yì pāi""."
巧用果蔬饰家居，可拥有回味无穷的诗情画意，有兴趣的不妨一试。,"Qiǎo yòng guǒshū shì jiājū, kě yōngyǒu huíwèiwúqióng de shīqínghuàyì, yǒu xìngqù de bùfáng yí shì."
眼看着周围的同事朋友升职发财，佳佳不免跟丈夫多唠叨了几句。,"Yǎnkànzhe zhōuwéi de tóngshì péngyou shēngzhí fācái, Jiājiā bùmiǎn gēn zhàngfu duō láodaole jǐ jù."
每逢下雨天，她就不免想起一桩伤心的往事。,"Měi féng xià yǔ tiān, tā jiù bùmiǎn xiǎngqǐ yì zhuāng shāngxīn de wǎngshì."
我让他走慢点儿，等等我，他反倒加快了脚步。,"Wǒ ràng tā zǒu màn diǎnr, děngdeng wǒ, tā fǎndào jiākuàile jiǎobù."
他出身于一个医学世家，却对行医丝毫不感兴趣，反倒对绘画情有独钟。,"Tā chūshēn yú yí ge yīxué shìjiā, què duì xíngyī sīháo bù gǎn xìngqù, fǎndào duì huìhuà qíngyǒudúzhōng."
这事儿没必要非得今天就定，你再回去好好考虑一下。,"Zhè shìr méi bìyào fēiděi jīntiān jiù dìng, nǐ zài huíqù hǎohǎo kǎolǜ yíxià."
要想练就一手好的毛笔字，非得花十年甚至数十年功夫不可。,"Yào xiǎng liànjiù yì shǒu hǎo de máobǐzì, fēiděi huā shí nián shènzhì shù shí nián gōngfu bùkě."
我分明看见他从办公室拿走了一份文件，可他就是不承认。,"Wǒ fēnmíng kànjiàn tā cóng bàngōngshì názǒule yí fèn wénjiàn, kě tā jiùshì bù chéngrèn."
平坦宽阔的水泥路，稳重气派的小洋房，四周群山环绕，溪水潺潺。这哪里还是,"Píngtǎn kuānkuò de shuǐnílù, wěnzhòng qìpài de xiǎo yángfáng, sìzhōu qúnshān huánrào, xīshuǐ chánchán. Zhè nǎlǐ hái shì"
一个贫穷落后的小村庄，分明是一个世外桃源！,"Yí ge pínqióng luòhòu de xiǎo cūnzhuāng, fēnmíng shì yí ge shìwàitáoyuán!"
他真是个精明能干的小伙子，怪不得厂长这么器重他。,"Tā zhēn shì ge jīngmíng nénggàn de xiǎohuǒzi, guàibude chǎngzhǎng zhème qìzhòng tā."
——你听说了吗？小李当上部门经理了！,-- Nǐ tīngshuō le ma? Xiǎo Lǐ dāngshàng bùmén jīnglǐ le!
——怪不得！我说他今天怎么突然说要请客了呢。,-- Guàibude! Wǒ shuō tā jīntiān zěnme tūrán shuō yào qǐngkè le ne.
他非常热情地让我尝尝这道菜，说这是这家店的招牌，我一吃，果真不错。,"Tā fēicháng rèqíng de ràng wǒ chángchang zhè dào cài, shuō zhè shì zhè jiā diàn de zhāopai, wǒ yì chī, guǒzhēn búcuò."
九寨沟的风景果真名不虚传，如人间仙境一般。,"Jiǔzhàigōu de fēngjǐng guǒzhēn míngbùxūchuán, rú rénjiān xiānjìng yìbān."
见到她的第一眼，我就觉得她是一个有故事的人。果真，这位看似柔弱的女性承受了许多不为人知的困苦与艰辛。,"Jiàndào tā de dì yī yǎn, wǒ jiù juéde tā shì yí ge yǒu gùshi de rén. Guǒzhēn, zhè wèi kànsì róuruò de nǚxìng chéngshòule xǔduō bù wéi rén zhī de kùnkǔ yǔ jiānxīn."
北京的胡同多得出奇，而且样子大同小异，穿梭其中极易迷路。好在北京人热心，问路时总能得到帮助。,"Běijīng de hútòng duō de chūqí, érqiě yàngzi dàtóngxiǎoyì, chuānsuō qízhōng jí yì mílù. Hǎozài Běijīng rén rèxīn, wènlù shí zǒng néng dédào bāngzhù."
这部电影的动作设计复杂且全部实地取景，好在他凭借多年的武术功底，成功完成了拍摄任务。,"Zhè bù diànyǐng de dòngzuò shèjì fùzá qiě quánbù shídì qǔjǐng, hǎozài tā píngjiè duō nián de wǔshù gōngdǐ, chénggōng wánchéngle pāishè rènwu."
清者自清，你自己是清白的，何必跟误会你的人解释那么多。,"Qīng zhě zì qīng, nǐ zìjǐ shì qīngbái de, hébì gēn wùhuì nǐ de rén jiěshì nàme duō."
你为了满足自己的虚荣心，花这么多钱打肿脸充胖子，何必呢？,"Nǐ wèile mǎnzú zìjǐ de xūróngxīn, huā zhème duō qián dǎzhǒngliǎnchōngpàngzi, hébì ne?"
整场比赛的战术执行得几乎无懈可击，对手在我方的猛烈进攻和严密防守下竟一分未得。,"Zhěng chǎng bǐsài de zhànshù zhíxíng de jīhū wúxièkějī, duìshǒu zài wǒfāng de měngliè jìngōng hé yánmì fángshǒu xià jìng yì fēn wèi dé."
张校长的家离学校只有两公里，但是她长期住在学校，最长的一次竟有半年没回过家。,"Zhāng xiàozhǎng de jiā lí xuéxiào zhǐyǒu liǎng gōnglǐ, dànshì tā chángqī zhù zài xuéxiào, zuì cháng de yí cì jìng yǒu bàn nián méi huíguo jiā."
事情明明就是他做的，可他愣不承认。,"Shìqing míngmíng jiùshì tā zuò de, kě tā lèng bù chéngrèn."
出身贫寒的他，白手起家，愣是将一个小小的餐馆做成了全国连锁的品牌。,"Chūshēn pínhán de tā, báishǒuqǐjiā, lèngshì jiāng yí ge xiǎoxiǎo de cānguǎn zuòchéngle quánguó liánsuǒ de pǐnpái."
他这人一向无事不登三宝殿，今天忽然登门拜访，莫非有什么棘手的事相求？,"Tā zhè rén yíxiàng wúshì bù dēng sānbǎodiàn, jīntiān hūrán dēngmén bàifǎng, mòfēi yǒu shénme jíshǒu de shì xiāngqiú?"
望着孩子们拿到爱心图书时激动的神情，我心中涌起了强烈的幸福和满足，莫非这就是所谓的“赠人玫瑰，手有余香”？,"Wàngzhe háizimen nádào àixīn túshū shí jīdòng de shénqíng, wǒ xīnzhōng yǒngqǐle qiángliè de xìngfú hé mǎnzú, mòfēi zhè jiùshì suǒwèi de ""zèng rén méiguī, shǒu yǒu yú xiāng""?"
物美价廉的菜品，清爽整洁的装修，热情周到的服务，难怪这家店的生意越来越红火。,"Wùměijiàlián de càipǐn, qīngshuǎng zhěngjié de zhuāngxiū, rèqíng zhōudào de fúwù, nánguài zhè jiā diàn de shēngyi yuèláiyuè hónghuo."
置身湟川三峡，你可以同时欣赏到险峻雄伟的悬崖绝壁和深邃秀美的青山碧水，难怪这里被誉为“岭南诗画走廊”。,"Zhìshēn Huángchuān Sānxiá, nǐ kěyǐ tóngshí xīnshǎngdào xiǎnjùn xióngwěi de xuányá juébì hé shēnsuì xiùměi de qīngshān bìshuǐ, nánguài zhèlǐ bèi yùwéi ""Lǐngnán Shīhuà Zǒuláng""."
为了抓住这个宝贵的工作机会，他宁可每天双城通勤。,"Wèile zhuāzhù zhège bǎoguì de gōngzuò jīhuì, tā nìngkě měitiān shuāngchéng tōngqín."
母亲望着怀中脸烧得通红的孩子，心疼不已，宁可病都生在自己身上。,"Mǔqīn wàngzhe huái zhōng liǎn shāo de tōnghóng de háizi, xīnténg bùyǐ, nìngkě bìng dōu shēng zài zìjǐ shēn shàng."
如果贵公司无法保证按时交付，我们宁愿放弃此次合作。,"Rúguǒ guì gōngsī wúfǎ bǎozhèng ànshí jiāofù, wǒmen nìngyuàn fàngqì cǐ cì hézuò."
每当攻克一个技术难题后，他不喜和别人一起庆功，宁愿一个人暗自回味。,"Měi dāng gōngkè yí ge jìshù nántí hòu, tā bù xǐ hé biéren yìqǐ qìnggōng, nìngyuàn yí ge rén ànzì huíwèi."
我那时正为找房子发愁，碰巧有个同学租的两居室空出了一个房间，我就搬过去住了。,"Wǒ nà shí zhèng wèi zhǎo fángzi fāchóu, pèngqiǎo yǒu ge tóngxué zū de liǎng jūshì kòngchūle yí ge fángjiān, wǒ jiù bānguòqu zhù le."
我刚买完东西准备回家，碰巧在商场门口遇见了多年不见的同窗，我们便去小酌了几杯，谈谈各自的经历。,"Wǒ gāng mǎiwán dōngxi zhǔnbèi huí jiā, pèngqiǎo zài shāngchǎng ménkǒu yùjiànle duō nián bú jiàn de tóngchuāng, wǒmen biàn qù xiǎozhuóle jǐ bēi, tántan gèzì de jīnglì."
台风早不来，晚不来，偏偏赶在这个时候来！航班取消了，我的旅游计划全泡汤了。,"Táifēng zǎo bù lái, wǎn bù lái, piānpiān gǎn zài zhège shíhou lái! Hángbān qǔxiāo le, wǒ de lǚyóu jìhuà quán pàotāng le."
欣赏风景一般是用眼睛看，但东湖的设计者却偏偏要你用耳朵听景、用鼻子闻景。,"Xīnshǎng fēngjǐng yìbān shì yòng yǎnjing kàn, dàn Dōnghú de shèjìzhě què piānpiān yào nǐ yòng ěrduo tīng jǐng, yòng bízi wén jǐng."
吃饭时有可口的餐食，睡觉时有香软的床榻，逛街时恰巧听到钟爱的乐曲，这些瞬间都足以让我感受到生活的美好。,"Chī fàn shí yǒu kěkǒu de cānshí, shuìjiào shí yǒu xiāngruǎn de chuángtà, guàng jiē shí qiàqiǎo tīngdào zhōng'ài de yuèqǔ, zhèxiē shùnjiān dōu zúyǐ ràng wǒ gǎnshòudào shēnghuó de měihǎo."
因为“鱼”恰巧跟“余”字同音，所以年夜饭饭桌上一定有鱼，是希望“年年有余”的意思。,"Yīnwèi ""yú"" qiàqiǎo gēn ""yú"" zì tóngyīn, suǒyǐ niányèfàn fànzhuō shàng yídìng yǒu yú, shì xīwàng ""niánnián yǒuyú"" de yìsi."
雪山海拔较高，游览过程中易产生高原反应，切记根据自身情况量力而行。,"Xuěshān hǎibá jiào gāo, yóulǎn guòchéng zhōng yì chǎnshēng gāoyuán fǎnyìng, qièjì gēnjù zìshēn qíngkuàng liànglì'érxíng."
家中常用药应少而精，切不可盲目囤积大量药品，避免过期造成浪费。,"Jiāzhōng chángyòng yào yīng shǎo ér jīng, qiè bùkě mángmù túnjī dàliàng yàopǐn, bìmiǎn guòqī zàochéng làngfèi."
这家火锅店口碑极好，很多顾客情愿排队等一两个小时，也要在这里吃。,"Zhè jiā huǒguōdiàn kǒubēi jí hǎo, hěn duō gùkè qíngyuàn páiduì děng yì liǎng ge xiǎoshí, yě yào zài zhèlǐ chī."
很多商家其实并不情愿动辄促销，但看到竞品价格一再跳水，自己也只能被迫参与价格战。,"Hěn duō shāngjiā qíshí bìng bù qíngyuàn dòngzhé cùxiāo, dàn kàndào jìngpǐn jiàgé yízài tiàoshuǐ, zìjǐ yě zhǐ néng bèipò cānyù jiàgé zhàn."
如果这则新闻的真实性得到确认，势必引起全社会的强烈反响。,"Rúguǒ zhè zé xīnwén de zhēnshíxìng dédào quèrèn, shìbì yǐnqǐ quán shèhuì de qiángliè fǎnxiǎng."
如果这个关键技术问题得不到解决，公司的竞争力势必会受到影响。,"Rúguǒ zhège guānjiàn jìshù wèntí débudào jiějué, gōngsī de jìngzhēnglì shìbì huì shòudào yǐngxiǎng."
前往景区的路上已堵得水泄不通，我们索性直接下车步行。,"Qiánwǎng jǐngqū de lùshang yǐ dǔ de shuǐxièbùtōng, wǒmen suǒxìng zhíjiē xiàchē bùxíng."
他考了几次都没通过，索性不考了。,"Tā kǎole jǐ cì dōu méi tōngguò, suǒxìng bù kǎo le."
我们为了这次竞赛准备了很长时间，可万万没有想到，组委会突然宣布比赛取消，而且没给出合理解释。,"Wǒmen wèile zhè cì jìngsài zhǔnbèile hěn cháng shíjiān, kě wànwàn méiyǒu xiǎngdào, zǔwěihuì tūrán xuānbù bǐsài qǔxiāo, érqiě méi gěichū hélǐ jiěshì."
事实表明，代言人与品牌的匹配程度对商品销售有着重要影响，企业万万不可轻视。,"Shìshí biǎomíng, dàiyánrén yǔ pǐnpái de pǐpèi chéngdù duì shāngpǐn xiāoshòu yǒuzhe zhòngyào yǐngxiǎng, qǐyè wànwàn bùkě qīngshì."
文章本身不好，安上一个好题目也无济于事；但文章好而题目不好，就未免令人惋惜了。,"Wénzhāng běnshēn bù hǎo, ānshàng yí ge hǎo tímù yě wújìyúshì; dàn wénzhāng hǎo ér tímù bù hǎo, jiù wèimiǎn lìng rén wǎnxī le."
没有取得理想结果，他未免有些沮丧，此时最需要的是鼓励和安慰。,"Méiyǒu qǔdé lǐxiǎng jiéguǒ, tā wèimiǎn yǒuxiē jǔsàng, cǐshí zuì xūyào de shì gǔlì hé ānwèi."
演出期间，请各位观众务必将手机调至静音，以免影响他人。,"Yǎnchū qījiān, qǐng gèwèi guānzhòng wùbì jiāng shǒujī tiáozhì jìngyīn, yǐmiǎn yǐngxiǎng tārén."
因活动现场座位有限，请务必提前报名，额满即止。,"Yīn huódòng xiànchǎng zuòwèi yǒuxiàn, qǐng wùbì tíqián bàomíng, émǎn jízhǐ."
他急忙把生病的孩子送去医院治疗，医生检查后说：“这孩子幸好送得及时，迟一点就没救了。”,"Tā jímáng bǎ shēngbìng de háizi sòngqù yīyuàn zhìliáo, yīshēng jiǎnchá hòu shuō: ""Zhè háizi xìnghǎo sòng de jíshí, chí yìdiǎn jiù méi jiù le."""
我听见他的话后，吃惊地朝四周看了看，幸好附近无人，这才放了心。,"Wǒ tīngjiàn tā de huà hòu, chījīng de cháo sìzhōu kànlekàn, xìnghǎo fùjìn wú rén, zhè cái fàngle xīn."
今天的活动我幸亏没去凑热闹，去了也是人挤人，什么也看不见。,"Jīntiān de huódòng wǒ xìngkuī méi qù còu rènao, qùle yě shì rén jǐ rén, shénme yě kàn bú jiàn."
刘女士不小心把手提包落在了出租车上，幸亏遇到林师傅这样拾金不昧的司机，主动把包交还给了她。,"Liú nǚshì bù xiǎoxīn bǎ shǒutíbāo làzàile chūzūchē shàng, xìngkuī yùdào Lín shīfu zhèyàng shíjīnbúmèi de sījī, zhǔdòng bǎ bāo jiāohuán gěile tā."
乌云遮不住太阳，正义终究会战胜邪恶。,"Wūyún zhē bú zhù tàiyáng, zhèngyì zhōngjiū huì zhànshèng xié'è."
漂泊的游子，无论在外如何坚强，回到家也终究是个孩子。,"Piāobó de yóuzǐ, wúlùn zài wài rúhé jiānqiáng, huídào jiā yě zhōngjiū shì ge háizi."
我要去海南旅游了，你最近不也休假吗，何不一起去？,"Wǒ yào qù Hǎinán lǚyóu le, nǐ zuìjìn bù yě xiūjià ma, hébú yìqǐ qù?"
在这样一个大城市的小区，雨后还能听到蛙声，真的令人欣喜。我们何不把新居叫做“听蛙楼”？,"Zài zhèyàng yí ge dà chéngshì de xiǎoqū, yǔ hòu hái néng tīngdào wāshēng, zhēn de lìng rén xīnxǐ. Wǒmen hébù bǎ xīnjū jiàozuò ""Tīng Wā Lóu""?"
她一向被众星捧月，何尝受过这样的冷遇，心中气愤不已。,"Tā yíxiàng bèi zhòngxīngpěngyuè, hécháng shòuguo zhèyàng de lěngyù, xīnzhōng qìfèn bùyǐ."
在逆境下不气馁、不后悔，这才是强者该有的逻辑。体育比赛是这样，其他事情何尝不也是如此呢？,"Zài nìjìng xià bú qìněi, bú hòuhuǐ, zhè cái shì qiángzhě gāi yǒu de luóji. Tǐyù bǐsài shì zhèyàng, qítā shìqing hécháng bù yě shì rúcǐ ne?"
你60岁的人了，每个月好几千的退休金，何苦再出来打零工？,"Nǐ liùshí suì de rén le, měi ge yuè hǎo jǐ qiān de tuìxiūjīn, hékǔ zài chūlái dǎ línggōng?"
小张刚毕业，社会经验不足，犯点错误也难免，你何苦为难她呢？,"Xiǎo Zhāng gāng bìyè, shèhuì jīngyàn bùzú, fàn diǎn cuòwù yě nánmiǎn, nǐ hékǔ wéinán tā ne?"
该片剧情严谨，全员演技在线，真乃一部不可多得的佳作。,"Gāi piàn jùqíng yánjǐn, quán yuán yǎnjì zàixiàn, zhēn nǎi yí bù bùkěduōdé de jiāzuò."
我问他是怎么知道的，他神秘地说：“此乃天机，不可泄露。”,"Wǒ wèn tā shì zěnme zhīdao de, tā shénmì de shuō: ""Cǐ nǎi tiānjī, bùkě xièlòu."""
打这天起，小赵替父亲担起了全家的重担。,"Dǎ zhè tiān qǐ, Xiǎo Zhào tì fùqīn dānqǐle quánjiā de zhòngdàn."
他悄声说这可是件宝贝，打皇宫里流出来的。,"Tā qiāoshēng shuō zhè kěshì jiàn bǎobèi, dǎ huánggōng lǐ liúchūlai de."
当着这么多人，那人只好把话咽了下去。,"Dāngzhe zhème duō rén, nà rén zhǐhǎo bǎ huà yānle xiàqù."
大家聊得正高兴，她却当着大家的面掉下泪来。,"Dàjiā liáo de zhèng gāoxìng, tā què dāngzhe dàjiā de miàn diàoxià lèi lái."
论坛期间，各国专家就共同感兴趣的专题进行了探讨和交流。,"Lùntán qījiān, gèguó zhuānjiā jiù gòngtóng gǎn xìngqù de zhuāntí jìnxíngle tàntǎo hé jiāoliú."
就离婚后的财产分割问题，双方产生了激烈的争论。,"Jiù líhūn hòu de cáichǎn fēngē wèntí, shuāngfāng chǎnshēngle jīliè de zhēnglùn."
我们本着“友谊第一，比赛第二”的精神，充分享受比赛的乐趣。,"Wǒmen běnzhe ""yǒuyì dì yī, bǐsài dì èr"" de jīngshén, chōngfèn xiǎngshòu bǐsài de lèqù."
虽然我和小孙素日关系更近，但本着实事求是的态度，我还是把票投给了小魏。,"Suīrán wǒ hé Xiǎo Sūn sùrì guānxi gèng jìn, dàn běnzhe shíshìqiúshì de tàidù, wǒ háishi bǎ piào tóugěile Xiǎo Wèi."
基于调研的结果，我们精准定位了产品的目标市场。,"Jīyú diàoyán de jiéguǒ, wǒmen jīngzhǔn dìngwèile chǎnpǐn de mùbiāo shìchǎng."
这部电影是基于真实事件改编而成的。,Zhè bù diànyǐng shì jīyú zhēnshí shìjiàn gǎibiān ér chéng de.
鉴于你在此次项目中的突出表现，公司决定对你予以嘉奖。,"Jiànyú nǐ zài cǐ cì xiàngmù zhōng de tūchū biǎoxiàn, gōngsī juédìng duì nǐ yǔyǐ jiājiǎng."
鉴于市场需求和用户偏好的不断变化，产品设计应适时转变策略，适应市场发展。,"Jiànyú shìchǎng xūqiú hé yònghù piānhào de búduàn biànhuà, chǎnpǐn shèjì yīng shìshí zhuǎnbiàn cèlüè, shìyìng shìchǎng fāzhǎn."
决议成文程序严格，须经全体会议或代表大会讨论通过才能生效。,"Juéyì chéngwén chéngxù yángé, xū jīng quántǐ huìyì huò dàibiǎo dàhuì tǎolùn tōngguò cái néng shēngxiào."
经医生细心诊治，哥哥身体状况日渐好转，已经可以自行下床行走了。,"Jīng yīshēng xìxīn zhěnzhì, gēge shēntǐ zhuàngkuàng rìjiàn hǎozhuǎn, yǐjīng kěyǐ zìxíng xiàchuáng xíngzǒu le."
经研究，公司决定把这一重要的新款产品交由你全权负责。,"Jīng yánjiū, gōngsī juédìng bǎ zhè yí zhòngyào de xīnkuǎn chǎnpǐn jiāoyóu nǐ quánquán fùzé."
一些无良的鉴定专家不依市场价值而是依主观价值评定东西等级的行为，严重扰乱了市场秩序。,"Yìxiē wúliáng de jiàndìng zhuānjiā bù yī shìchǎng jiàzhí érshì yī zhǔguān jiàzhí píngdìng dōngxi děngjí de xíngwéi, yánzhòng rǎoluànle shìchǎng zhìxù."
依我看，你在这件事的处理上有失公允。,"Yī wǒ kàn, nǐ zài zhè jiàn shì de chǔlǐ shàng yǒushī gōngyǔn."
鉴于近期设备故障频发，技术部门决定对相关设备进行全面维护。,"Jiànyú jìnqī shèbèi gùzhàng pínfā, jìshù bùmén juédìng duì xiāngguān shèbèi jìnxíng quánmiàn wéihù."
鉴于被告人严某主动上缴违法所得，认罪态度良好，可酌情从轻处罚。,"Jiànyú bèigàorén Yán Mǒu zhǔdòng shàngjiǎo wéifǎ suǒdé, rènzuì tàidù liánghǎo, kě zhuóqíng cóngqīng chǔfá."
你们的方案非常详细，况且已经得到了业内专家的肯定，相信实施起来不会有什么问题。,"Nǐmen de fāng'àn fēicháng xiángxì, kuàngqiě yǐjīng dédàole yènèi zhuānjiā de kěndìng, xiāngxìn shíshī qǐlái bú huì yǒu shénme wèntí."
要告别近二十年的舞台生涯，她真的十分不舍，况且，隔行如隔山，不跳舞她又能改行做些什么呢？,"Yào gàobié jìn èrshí nián de wǔtái shēngyá, tā zhēn de shífēn bùshě, kuàngqiě, géhángrúgéshān, bú tiàowǔ tā yòu néng gǎiháng zuò xiē shénme ne?"
有缘无缘不可强求，免得徒增烦恼。,"Yǒuyuán wúyuán bùkě qiǎngqiú, miǎnde tú zēng fánnǎo."
去往一个陌生的国家或地区，须了解当地的治安环境、文化禁忌，免得招来麻烦。,"Qùwǎng yí ge mòshēng de guójiā huò dìqū, xū liǎojiě dāngdì de zhì'ān huánjìng, wénhuà jìnjì, miǎnde zhāolái máfan."
事情要是能顺利解决最好，若不行，就得另寻其他门路了。,"Shìqing yàoshi néng shùnlì jiějué zuì hǎo, ruò bùxíng, jiù děi lìng xún qítā ménlù le."
若是购买的产品有任何质量问题，消费者可在七天之内无理由退换。,"Ruòshì gòumǎi de chǎnpǐn yǒu rènhé zhìliàng wèntí, xiāofèizhě kě zài qī tiān zhīnèi wú lǐyóu tuìhuàn."
倘若一开始她就懂得精打细算，日子也不会过得这么捉襟见肘了。,"Tǎngruò yì kāishǐ tā jiù dǒngde jīngdǎxìsuàn, rìzi yě bú huì guò de zhème zhuōjīnjiànzhǒu le."
我现在已经不想再听你说什么豪言壮语了。倘若五年后你能混出点名堂，就当我今日有眼不识泰山。,"Wǒ xiànzài yǐjīng bù xiǎng zài tīng nǐ shuō shénme háoyánzhuàngyǔ le. Tǎngruò wǔ nián hòu nǐ néng hùnchū diǎn míngtang, jiù dàng wǒ jīnrì yǒuyǎnbùshí Tàishān."
切莫轻易向陌生人转账汇款，以防上当受骗。,"Qièmò qīngyì xiàng mòshēngrén zhuǎnzhàng huìkuǎn, yǐfáng shàngdàngshòupiàn."
这次安全事故造成的惨烈后果，希望各位引以为戒，以防类似的悲剧再度发生。,"Zhè cì ānquán shìgù zàochéng de cǎnliè hòuguǒ, xīwàng gèwèi yǐnyǐwéijiè, yǐfáng lèisì de bēijù zàidù fāshēng."
空气湿闷，加之窗外嘈杂不已，使得她彻夜未眠。,"Kōngqì shīmèn, jiāzhī chuāngwài cáozá bùyǐ, shǐde tā chèyè wèimián."
他出众的能力加之丰富的工作经验是他职位迅速晋升的关键所在。,Tā chūzhòng de nénglì jiāzhī fēngfù de gōngzuò jīngyàn shì tā zhíwèi xùnsù jìnshēng de guānjiàn suǒzài.
这件衣服的刺绣工艺异常复杂，单是绣一朵花就需要花费数月乃至一年的时间。,"Zhè jiàn yīfu de cìxiù gōngyì yìcháng fùzá, dān shì xiù yì duǒ huā jiù xūyào huāfèi shù yuè nǎizhì yì nián de shíjiān."
我被他对文学的热爱和执着深深地打动了，乃至我回去之后还不能平静。,"Wǒ bèi tā duì wénxué de rè'ài hé zhízhuó shēnshēn de dǎdòng le, nǎizhì wǒ huíqù zhīhòu hái bù néng píngjìng."
受欢迎且传播力强的文章，在选题策划方面一定高出一筹。,"Shòu huānyíng qiě chuánbōlì qiáng de wénzhāng, zài xuǎntí cèhuà fāngmiàn yídìng gāochū yì chóu."
醉酒驾车造成他人死亡的驾驶员被当场吊销驾照，且终身不予重新申请。,"Zuìjiǔ jiàchē zàochéng tārén sǐwáng de jiàshǐyuán bèi dāngchǎng diàoxiāo jiàzhào, qiě zhōngshēn bùyǔ chóngxīn shēnqǐng."
他很谦虚地将自己的成功归结为运气好罢了。,Tā hěn qiānxū de jiāng zìjǐ de chénggōng guījié wéi yùnqi hǎo bàle.
那些我们一度以为难以承受的挫折，终将会变成人生宝贵的经历，只是时间的问题罢了。,"Nàxiē wǒmen yídù yǐwéi nányǐ chéngshòu de cuòzhé, zhōng jiāng huì biànchéng rénshēng bǎoguì de jīnglì, zhǐshì shíjiān de wèntí bàle."
这件事你答应也好，不答应也罢，我都铁了心要去做。,"Zhè jiàn shì nǐ dāying yě hǎo, bù dāying yě bà, wǒ dōu tiěle xīn yào qù zuò."
那些为迎合市场而推出的快餐读物，不看也罢。,"Nàxiē wèi yínghé shìchǎng ér tuīchū de kuàicān dúwù, bú kàn yě bà."
朋友在精不在多，人生得一知己足矣。,"Péngyou zài jīng bú zài duō, rénshēng dé yì zhījǐ zú yǐ."
作为一个摄影爱好者，我对这位国际知名的摄影大师仰慕久矣。,"Zuòwéi yí ge shèyǐng àihàozhě, wǒ duì zhè wèi guójì zhīmíng de shèyǐng dàshī yǎngmù jiǔ yǐ."
团购的产品价格十分优惠，可商家对待使用团购券的客人却很不热情，总摆出一副爱吃不吃、爱住不住、爱买不买的姿态。,"Tuángòu de chǎnpǐn jiàgé shífēn yōuhuì, kě shāngjiā duìdài shǐyòng tuángòuquàn de kèrén què hěn bú rèqíng, zǒng bǎichū yí fù àichībùchī, àizhùbúzhù, àimǎibùmǎi de zītài."
他这个人干什么都我行我素，穿衣打扮更是特立独行，一副“你爱看不看，反正我的事你管不着”的态度。,"Tā zhège rén gàn shénme dōu wǒxíngwǒsù, chuānyī dǎban gèng shì tèlìdúxíng, yí fù ""nǐ àikànbúkàn, fǎnzhèng wǒ de shì nǐ guǎnbuzháo"" de tàidù."
我这两天工作压力比较大，晚上一直半睡半醒，第二天精神很差。,"Wǒ zhè liǎng tiān gōngzuò yālì bǐjiào dà, wǎnshang yìzhí bànshuìbànxǐng, dì èr tiān jīngshen hěn chà."
他提供的信息半真半假，我们不能完全信任他。,"Tā tígōng de xìnxī bànzhēnbànjiǎ, wǒmen bùnéng wánquán xìnrèn tā."
我开服装店到今天正好一个月，生意不好不坏。,"Wǒ kāi fúzhuāngdiàn dào jīntiān zhènghǎo yí ge yuè, shēngyi bùhǎobúhuài."
1000万，对绝大多数人来说是一个天文数字。如果一个人年入10万，他需要不吃不喝100年才能攒够1000万。,"Yìqiān wàn, duì jué dàduōshù rén lái shuō shì yí ge tiānwén shùzì. Rúguǒ yí ge rén nián rù shí wàn, tā xūyào bùchībùhē yìbǎi nián cáinéng zǎngòu yìqiān wàn."
这名教授在职称晋升后，不顾尚未履行完毕的人事合同，连招呼都不打，直接不辞而别。,"Zhè míng jiàoshòu zài zhíchēng jìnshēng hòu, búgù shàngwèi lǚxíng wánbì de rénshì hétong, lián zhāohu dōu bù dǎ, zhíjiē bùcí'érbié."
有研究表明，长期坚持有氧运动的人心肺功能会得到明显提升，一些疾病也会不治而愈。,"Yǒu yánjiū biǎomíng, chángqī jiānchí yǒuyǎng yùndòng de rén xīnfèi gōngnéng huì dédào míngxiǎn tíshēng, yìxiē jíbìng yě huì búzhì'éryù."
这几个月我不停地东奔西走，几乎参访了集团下面所有的分公司，足以说明我一直关注集团的发展。,"Zhè jǐ ge yuè wǒ bùtíng de dōngbēnxīzǒu, jīhū cānfǎngle jítuán xiàmian suǒyǒu de fēn gōngsī, zúyǐ shuōmíng wǒ yìzhí guānzhù jítuán de fāzhǎn."
她东拼西凑了3万多元钱，但是离治病所需的高额费用还是远远不够的。,"Tā dōngpīnxīcòule sān wàn duō yuán qián, dànshì lí zhìbìng suǒxū de gāo'é fèiyòng háishi yuǎnyuǎn bú gòu de."
我跟他非亲非故，但是他却为了我的事四处奔波，感动得我不知说什么好。,"Wǒ gēn tā fēiqīnfēigù, dànshì tā què wèile wǒ de shì sìchù bēnbō, gǎndòng de wǒ bùzhī shuō shénme hǎo."
这些非真非假的传说故事，吊足了一众游客的胃口，也给第二天的行程增添了几分神秘色彩。,"Zhèxiē fēizhēnfēijiǎ de chuánshuō gùshi, diàozúle yí zhòng yóukè de wèikǒu, yě gěi dì èr tiān de xíngchéng zēngtiānle jǐ fēn shénmì sècǎi."
那条盘山公路很险，一个接一个的急转弯。汽车开着像是扭秧歌，忽上忽下，忽左忽右。,"Nà tiáo pánshān gōnglù hěn xiǎn, yí ge jiē yí ge de jízhuǎnwān. Qìchē kāizhe xiàng shì niǔ yāngge, hūshànghūxià, hūzuǒhūyòu."
羊群在草丛中忽隐忽现。一只细长的牧羊犬忙不迭地穿梭其中。,Yángqún zài cǎocóng zhōng hūyǐnhūxiàn. Yì zhī xìcháng de mùyángquǎn mángbudié de chuānsuō qízhōng.
酒吧里的客人手里端着酒杯，或坐或立，姿态各异。,"Jiǔbā lǐ de kèrén shǒu lǐ duānzhe jiǔbēi, huòzuòhuòlì, zītài gè yì."
夜深了，可她或躺或坐，一直难以入睡。她生平第一次有这种牵肠挂肚的感觉。,"Yè shēn le, kě tā huòtǎnghuòzuò, yìzhí nányǐ rùshuì. Tā shēngpíng dì yī cì yǒu zhè zhǒng qiānchángguàdù de gǎnjué."
她做的豆腐，或炖或炒，总是色白味醇。乡亲们头一次吃到这么好的豆腐，都夸她手艺好。,"Tā zuò de dòufu, huòdùnhuòchǎo, zǒngshì sè bái wèi chún. Xiāngqīnmen tóu yí cì chīdào zhème hǎo de dòufu, dōu kuā tā shǒuyì hǎo."
小婉对这位天才同事，没有半点嫉妒，而是一开始就由衷地欣赏她，并真心地关爱她，完全像一位可敬可亲大姐姐。,"Xiǎo Wǎn duì zhè wèi tiāncái tóngshì, méiyǒu bàndiǎn jídù, érshì yì kāishǐ jiù yóuzhōng de xīnshǎng tā, bìng zhēnxīn de guān'ài tā, wánquán xiàng yí wèi kějìngkěqīn dàjiějie."
读书笔记要精炼，要根据实际的阅读进度，总结概括，并体现所思所想。篇幅可长可短，决不写空话、假话、应付的话。,"Dúshū bǐjì yào jīngliàn, yào gēnjù shíjì de yuèdú jìndù, zǒngjié gàikuò, bìng tǐxiàn suǒsīsuǒxiǎng. Piānfú kěchángkěduǎn, jué bù xiě kōnghuà, jiǎhuà, yìngfu de huà."
一群年轻人连说带笑地迎面走来，整个街道顿时充满了欢声笑语。,"Yì qún niánqīngrén liánshuōdàixiào de yíngmiàn zǒulai, zhěnggè jiēdào dùnshí chōngmǎnle huānshēngxiàoyǔ."
昨晚有人在江边骑行，结果连人带车落入江中，至今生死不明。,"Zuówǎn yǒu rén zài jiāngbiān qíxíng, jiéguǒ liánréndàichē luòrù jiāngzhōng, zhìjīn shēngsǐ bùmíng."
司机对这里的道路不太熟悉，竟七拐八绕地把车开到了海边，现在陷在烂泥里出不来了。,"Sījī duì zhèlǐ de dàolù bú tài shúxī, jìng qīguǎibārào de bǎ chē kāidàole hǎibiān, xiànzài xiàn zài lànní lǐ chūbulái le."
乐乐是个十足的捣蛋鬼，常常把家里的玩具拆得七零八落的，用画笔把墙上涂得乱七八糟。,"Lèle shì ge shízú de dǎodànguǐ, chángcháng bǎ jiā lǐ de wánjù chāi de qīlíngbāluò de, yòng huàbǐ bǎ qiáng shàng tú de luànqībāzāo."
他最近身体时好时坏，但只要他还撑得住，他一定会来参加我们的婚礼的。,"Tā zuìjìn shēntǐ shíhǎoshíhuài, dàn zhǐyào tā hái chēngdezhù, tā yídìng huì lái cānjiā wǒmen de hūnlǐ de."
雨停了，天上的云渐渐散了，天边有道彩虹时隐时现。,"Yǔ tíng le, tiān shàng de yún jiànjiàn sàn le, tiānbiān yǒu dào cǎihóng shíyǐnshíxiàn."
短短几天，我们就成了无话不谈的好友，一想到就要分开了，不免觉得伤感。,"Duǎnduǎn jǐ tiān, wǒmen jiù chéngle wúhuàbùtán de hǎoyǒu, yì xiǎngdào jiù yào fēnkāi le, bùmiǎn juéde shānggǎn."
这所无人不知的重点初中的家长可谓卧虎藏龙，基本上都是知名学者、政府高官、企业高管等有着较高社会地位的人。,"Zhè suǒ wúrénbùzhī de zhòngdiǎn chūzhōng de jiāzhǎng kěwèi wòhǔcánglóng, jīběnshàng dōu shì zhīmíng xuézhě, zhèngfǔ gāoguān, qǐyè gāoguǎn děng yǒuzhe jiào gāo shèhuì dìwèi de rén."
工作地点离城里很远，休息时无处可去，他只得靠钓鱼聊以解闷。,"Gōngzuò dìdiǎn lí chéng lǐ hěn yuǎn, xiūxi shí wúchùkěqù, tā zhǐdé kào diàoyú liáoyǐjiěmèn."
到了淡季，公司业务很少，大部员工无事可做，只能拿底薪。,"Dàole dànjì, gōngsī yèwù hěn shǎo, dà bù yuángōng wúshìkězuò, zhǐ néng ná dǐxīn."
这位导演，早年在外国留过学，编剧功底了得，今天这戏，就是他自编自导的。,"Zhè wèi dǎoyǎn, zǎonián zài wàiguó liúguo xué, biānjù gōngdǐ liǎodé, jīntiān zhè xì, jiùshì tā zìbiānzìdǎo de."
他开心极了，直夸我干得好，并自称自赞，说自己眼光独到。,"Tā kāixīn jíle, zhí kuā wǒ gàn de hǎo, bìng zìchēngzìzàn, shuō zìjǐ yǎnguāng dúdào."
你这一番言论真令我醍醐灌顶，不瞒你说，我虽虚长你几岁，见解却远不如你。,"Nǐ zhè yì fān yánlùn zhēn lìng wǒ tíhúguàndǐng, bùmán nǐ shuō, wǒ suī xūzhǎng nǐ jǐ suì, jiànjiě què yuǎn bùrú nǐ."
老刘，不瞒你说，那次去你家吃饭，我到得早，你不在屋子里，桌上放着白菜炖五花肉，我就恨不得先吃两块解解馋。,"Lǎo Liú, bùmán nǐ shuō, nà cì qù nǐ jiā chī fàn, wǒ dào de zǎo, nǐ bú zài wūzi lǐ, zhuō shàng fàngzhe báicài dùn wǔhuāròu, wǒ jiù hènbude xiān chī liǎng kuài jiějie chán."
你们俩有话好好说，别斤斤计较，各自让一步，这事儿不就过去了？,"Nǐmen liǎ yǒu huà hǎohǎo shuō, bié jīnjīnjìjiào, gèzì ràng yí bù, zhè shìr bú jiù guòqù le?"
——不是，我俩吵架你瞎掺和什么？,"Bú shì, wǒ liǎ chǎojià nǐ xiā chānhuo shénme?"
我们现在去吃自助餐怎么样？,Wǒmen xiànzài qù chī zìzhùcān zěnmeyàng?
——不是，你下午两点才吃过饭，现在还不到三个小时，这么快就又饿了？,"Bú shì, nǐ xiàwǔ liǎng diǎn cái chīguo fàn, xiànzài hái bú dào sān ge xiǎoshí, zhème kuài jiù yòu è le?"
不是我说你，你真是一点儿事都不懂。你既然求他帮忙，为什么姿态不放低点儿？,"Bú shì wǒ shuō nǐ, nǐ zhēnshi yìdiǎnr shì dōu bù dǒng. Nǐ jìrán qiú tā bāngmáng, wèishénme zītài bú fàng dī diǎnr?"
哥们儿，不是我说你，你还是社会经验不够啊。这件事搞成这样，说明你和上司的关系实在不怎么样。,"Gēmenr, bú shì wǒ shuō nǐ, nǐ háishi shèhuì jīngyàn bú gòu a. Zhè jiàn shì gǎochéng zhèyàng, shuōmíng nǐ hé shàngsi de guānxi shízài bù zěnmeyàng."
人的素质是人进行社会实践的产物，反过来，人的素质同样也会影响社会实践。,"Rén de sùzhì shì rén jìnxíng shèhuì shíjiàn de chǎnwù, fǎnguòlai, rén de sùzhì tóngyàng yě huì yǐngxiǎng shèhuì shíjiàn."
一个国家的教育发展水平取决于其经济、政治的发展程度；反过来说，它的经济和政治的发展程度，同样受到教育发展水平的深刻影响。,"Yí ge guójiā de jiàoyù fāzhǎn shuǐpíng qǔjuéyú qí jīngjì, zhèngzhì de fāzhǎn chéngdù; fǎnguòlai shuō, tā de jīngjì hé zhèngzhì de fāzhǎn chéngdù, tóngyàng shòudào jiàoyù fāzhǎn shuǐpíng de shēnkè yǐngxiǎng."
我看过陈刚写的诗，概括来说，给我留下了这样两点印象：第一，他的诗可谓大气磅礴；第二，他古典诗词方面的修养非常高。,"Wǒ kànguo Chén Gāng xiě de shī, gàikuò lái shuō, gěi wǒ liúxiàle zhèyàng liǎng diǎn yìnxiàng: dì yī, tā de shī kěwèi dàqìpángbó; dì èr, tā gǔdiǎn shīcí fāngmiàn de xiūyǎng fēicháng gāo."
《体育课程标准》为体育课堂提供了课程评价的相关要求。概括来说，相关要求涵盖对学生的学习、教师的教学和课程的建设等多个方面。,"Tǐyù Kèchéng Biāozhǔn wèi tǐyù kètáng tígōngle kèchéng píngjià de xiāngguān yāoqiú. Gàikuò lái shuō, xiāngguān yāoqiú hángài duì xuésheng de xuéxí, jiàoshī de jiàoxué hé kèchéng de jiànshè děng duō ge fāngmiàn."
我所做的一切，归根到底，不还是为了你吗？,"Wǒ suǒ zuò de yíqiè, guīgēndàodǐ, bù háishi wèile nǐ ma?"
企业竞争，是技术、产品的竞争，归根到底是人才的竞争。,"Qǐyè jìngzhēng, shì jìshù, chǎnpǐn de jìngzhēng, guīgēndàodǐ shì réncái de jìngzhēng."
他问同事怕不怕，他们总是说：“这有什么好怕的？”话是这么说，但他依然有些恐惧。但怕也没有用，因为活是要干的，你怕不怕都得干！,"Tā wèn tóngshì pà bú pà, tāmen zǒngshì shuō: ""Zhè yǒu shénme hǎo pà de?"" Huà shì zhème shuō, dàn tā yīrán yǒuxiē kǒngjù. Dàn pà yě méiyǒu yòng, yīnwèi huó shì yào gàn de, nǐ pà bú pà dōu děi gàn!"
如果一个人的事业能够被社会所认可，那么这种感受是超越物质的。话是这么说，但谁不想拥有好的物质条件呢？,"Rúguǒ yí ge rén de shìyè nénggòu bèi shèhuì suǒ rènkě, nàme zhè zhǒng gǎnshòu shì chāoyuè wùzhì de. Huà shì zhème shuō, dàn shéi bù xiǎng yōngyǒu hǎo de wùzhì tiáojiàn ne?"
现在很多公交车驾驶座旁安装了包围门，保证司机专注开车。话说回来，司机安全驾驶，乘客才能安全到站。,"Xiànzài hěn duō gōngjiāochē jiàshǐzuò páng ānzhuāngle bāowéimén, bǎozhèng sījī zhuānzhù kāi chē. Huàshuōhuílai, sījī ānquán jiàshǐ, chéngkè cái néng ānquán dàozhàn."
我一定得去问问，她这本书是在哪淘来的？不过话又说回来了，打听出来了又怎么样？反正已经被她买走了。,"Wǒ yídìng děi qù wènwen, tā zhè běn shū shì zài nǎ táolái de? Búguò huà yòu shuōhuílai le, dǎting chūlái le yòu zěnmeyàng? Fǎnzhèng yǐjīng bèi tā mǎizǒu le."
喀什绝大多数人口是维吾尔族，汉族仅占10%。换句话说，10个人里只有一个是汉族人。,"Kāshí jué dàduōshù rénkǒu shì Wéiwú'ěrzú, Hànzú jǐn zhàn bǎifēnzhīshí. Huànjùhuàshuō, shí ge rén lǐ zhǐyǒu yí ge shì Hànzú rén."
读书固然范围要广博，但是也要有所选择，不能什么都读。换句话说，不仅要多读书，还要读好书。,"Dúshū gùrán fànwéi yào guǎngbó, dànshì yě yào yǒusuǒxuǎnzé, bùnéng shénme dōu dú. Huàn jù huà shuō, bùjǐn yào duō dúshū, hái yào dú hǎo shū."
你要问我过年的感受，简言之：热热闹闹、忙忙碌碌、吃吃喝喝、嘻嘻哈哈罢了。,"Nǐ yào wèn wǒ guònián de gǎnshòu, jiǎnyánzhī: rèrenàonao, mángmanglùlù, chīchihēhē, xīxihāhā bàle."
电影艺术的教育作用，在于将人物的境遇、所作的斗争以及内心活动、思想感情传递给观众并为其所理解，从而激起共情。简而言之，就是能否动之以情。,"Diànyǐng yìshù de jiàoyù zuòyòng, zàiyú jiāng rénwù de jìngyù, suǒ zuò de dòuzhēng yǐjí nèixīn huódòng, sīxiǎng gǎnqíng chuándì gěi guānzhòng bìng wèi qí suǒ lǐjiě, cóng'ér jīqǐ gòngqíng. Jiǎn'éryánzhī, jiùshì néngfǒu dòngzhīyǐqíng."
“北京的雪总是静悄悄地飘下来，不会有一点声音。只有第二天早上睡醒了去开门，才知道昨天晚上下雪了。”一个道地的北京口音回应说：“可不，北京连雪也文明。”,"""Běijīng de xuě zǒngshì jìngqiāoqiāo de piāo xiàlái, bú huì yǒu yìdiǎn shēngyīn. Zhǐyǒu dì èr tiān zǎoshang shuìxǐngle qù kāimén, cái zhīdao zuótiān wǎnshang xià xuě le."" Yí ge dàodì de Běijīng kǒuyīn huíyìng shuō: ""Kěbù, Běijīng lián xuě yě wénmíng."""
刘全指着铁子说：“要不是蔬菜大棚，铁子还是贫困户哩！”铁子不好意思地笑了：“可不是嘛！”,"Liú Quán zhǐzhe Tiězi shuō: ""Yàobúshì shūcài dàpéng, Tiězi háishi pínkùnhù lǐ!"" Tiězi bù hǎoyìsi de xiào le: ""Kěbúshì ma!"""
老实说，我对你太失望了。,"Lǎoshi shuō, wǒ duì nǐ tài shīwàng le."
我和我老公现在的状态是，只要我不主动和他说话，他也绝不会找我说话，老实说，有时候我觉得这样也挺好的，默契就行。,"Wǒ hé wǒ lǎogōng xiànzài de zhuàngtài shì, zhǐyào wǒ bù zhǔdòng hé tā shuōhuà, tā yě jué bú huì zhǎo wǒ shuōhuà, lǎoshi shuō, yǒu shíhou wǒ juéde zhèyàng yě tǐng hǎo de, mòqì jiù xíng."
我的朋友给我介绍了一位知名造型师。还别说，经他这么一打扮，我感觉整个人年轻了10岁。,"Wǒ de péngyou gěi wǒ jièshàole yí wèi zhīmíng zàoxíngshī. Hái bié shuō, jīng tā zhème yì dǎban, wǒ gǎnjué zhěnggè rén niánqīngle shí suì."
我当年一咬牙，花了三个月的工资买了这台洗衣机，你还别说，贵有贵的道理，这么多年它没出现过一次质量问题。,"Wǒ dāngnián yì yǎoyá, huāle sān ge yuè de gōngzī mǎile zhè tái xǐyījī, nǐ hái bié shuō, guì yǒu guì de dàoli, zhème duō nián tā méi chūxiànguo yí cì zhìliàng wèntí."
孩子考试不及格，千万别这样训斥孩子：“你看你，就考这么点分。你看那谁谁谁，人家怎么就能考那么高的分呢？”,"Háizi kǎoshì bù jígé, qiānwàn bié zhèyàng xùnchì háizi: ""Nǐ kàn nǐ, jiù kǎo zhème diǎn fēn. Nǐ kàn nà shéi shéi shéi, rénjia zěnme jiù néng kǎo nàme gāo de fēn ne?"""
小娟啊！别人减肥，你可不能减啊！你看你，本来就瘦，再减的话都没人形了！,"Xiǎo Juān a! Biéren jiǎnféi, nǐ kě bùnéng jiǎn a! Nǐ kàn nǐ, běnlái jiù shòu, zài jiǎn dehuà dōu méi rénxíng le!"
你说到哪儿去了，我才不会对他产生任何好感！,"Nǐ shuōdào nǎr qù le, wǒ cái bú huì duì tā chǎnshēng rènhé hǎogǎn!"
姐姐，看你说到哪儿去了，这么见外，我们是一家人，我怎么会不尽全力帮你呢？,"Jiějie, kàn nǐ shuōdào nǎr qù le, zhème jiànwài, wǒmen shì yì jiā rén, wǒ zěnme huì bú jìn quánlì bāng nǐ ne?"
说真的，老张，我真怕他！不但我怕，别人也都怕他。他要是来了，我可是一句话都说不出来。,"Shuō zhēn de, Lǎo Zhāng, wǒ zhēn pà tā! Búdàn wǒ pà, biéren yě dōu pà tā. Tā yàoshi lái le, wǒ kěshì yí jù huà dōu shuō bu chūlái."
娜娜心平气和地说：“说真的，晓东，你过得好还是不好，对我已经无所谓了。我现在看到你，心里完全没有波澜。你放心吧，我不恨你，你不用抱歉。”,"Nànà xīnpíngqìhé de shuō: ""Shuō zhēn de, Xiǎodōng, nǐ guò de hǎo háishi bù hǎo, duì wǒ yǐjīng wúsuǒwèi le. Wǒ xiànzài kàndào nǐ, xīnli wánquán méiyǒu bōlán. Nǐ fàngxīn ba, wǒ bú hèn nǐ, nǐ búyòng bàoqiàn."""
向一个根本不喜欢数学的人解释为何迷上数学，这几乎不可能。退一步说，他甚至不能向自己解释清楚。,"Xiàng yí ge gēnběn bù xǐhuan shùxué de rén jiěshì wèihé míshàng shùxué, zhè jīhū bù kěnéng. Tuì yí bù shuō, tā shènzhì bùnéng xiàng zìjǐ jiěshì qīngchu."
且不说在近几年内，本省电力紧缺的局面不可能有根本性的改观，退一步说，即使电力紧缺得到基本缓解，小火电仍然有其不可替代之处。,"Qiěbùshuō zài jìn jǐ nián nèi, běn shěng diànlì jǐnquē de júmiàn bù kěnéng yǒu gēnběnxìng de gǎiguān, tuì yí bù shuō, jíshǐ diànlì jǐnquē dédào jīběn huǎnjiě, xiǎo huǒdiàn réngrán yǒu qí bùkě tìdài zhī chù."
无论如何，我得去打听打听，她这衣服到底从哪买的？,"Wúlùn rúhé, wǒ děi qù dǎting dǎting, tā zhè yīfu dàodǐ cóng nǎ mǎi de?"
追逐梦想的过程必然是艰辛的，但无论如何，你都要坚持下去。,"Zhuīzhú mèngxiǎng de guòchéng bìrán shì jiānxīn de, dàn wúlùn rúhé, nǐ dōu yào jiānchíxiàqu."
你不能只看别人对你热不热情，先得想想自己应该怎么做。要我说呀，你还老觉得自己是个知识分子，身份与众不同。,"Nǐ bùnéng zhǐ kàn biéren duì nǐ rè bu rèqíng, xiān děi xiǎngxiang zìjǐ yīnggāi zěnme zuò. Yào wǒ shuō ya, nǐ hái lǎo juéde zìjǐ shì ge zhīshi fènzǐ, shēnfèn yǔzhòngbùtóng."
我是没看出来他的书法好在哪里，妙在哪里。要让我说，不同就不同在他是个作家，而不是普通人。,"Wǒ shì méi kànchūlai tā de shūfǎ hǎo zài nǎlǐ, miào zài nǎlǐ. Yào ràng wǒ shuō, bùtóng jiù bùtóng zài tā shì ge zuòjiā, ér búshì pǔtōngrén."
那些小伙子经常过来帮我在院子里干活，遇着墙坏了就重新垒。这不，院子的东墙就是他们不久前新垒的。,"Nàxiē xiǎohuǒzi jīngcháng guòlái bāng wǒ zài yuànzi lǐ gànhuó, yùzháo qiáng huài le jiù chóngxīn lěi. Zhè bù, yuànzi de dōng qiáng jiùshì tāmen bùjiǔ qián xīn lěi de."
节日到了，我想给他们改善改善伙食。他俩是滕州的，这不，我准备了大葱、煎饼，还有一大盘肉。,"Jiérì dào le, wǒ xiǎng gěi tāmen gǎishàn gǎishàn huǒshí. Tā liǎ shì Téngzhōu de, zhè bù, wǒ zhǔnbèile dàcōng, jiānbǐng, hái yǒu yí dà pán ròu."
他在屋后的空地上饲养了一群小鸡。这样一来，等小鸡长大后，他就有鸡蛋和鸡肉可吃了。,"Tā zài wū hòu de kòngdì shàng sìyǎngle yì qún xiǎojī. Zhèyàng yìlái, děng xiǎojī zhǎngdà hòu, tā jiù yǒu jīdàn hé jīròu kě chī le."
这些猎犬虽然个个经验丰富、身手矫健，但是对主人却不够信任。这样一来，整个队伍在捕猎时的战斗力并不高。,"Zhèxiē lièquǎn suīrán gègè jīngyàn fēngfù, shēnshǒu jiǎojiàn, dànshì duì zhǔrén què bú gòu xìnrèn. Zhèyàng yìlái, zhěnggè duìwu zài bǔliè shí de zhàndòulì bìng bù gāo."
他在我睡熟的时候偷偷跑了。真是的，我怎么会一点儿动静都没听到，睡得这么沉呢？,"Tā zài wǒ shuìshú de shíhou tōutōu pǎo le. Zhēnshi de, wǒ zěnme huì yìdiǎnr dòngjing dōu méi tīngdào, shuì de zhème chén ne?"
这点儿小事你竟然能唠叨两个多小时，真是的！,"Zhè diǎnr xiǎoshì nǐ jìngrán néng láodao liǎng ge duō xiǎoshí, zhēnshi de!"
生态经济学认为，一切经济活动都是在一定的生态经济系统中进行的。它是由生态系统和经济系统两个子系统有机结合形成的。经济活动不单在经济系统中进行，同时也在生态系统中运行。也就是说，同时要受经济规律和生态规律的双重制约。有的地区比其他地区发展得好、前景也更广阔，关键就在于主政者能够不但遵循商业经营规律，同时也满足生态平衡的自然规律要求。综上所述，创造经济效益、增强地区的竞争力与可持续发展密不可分，关键之处是人类是否在合理地利用资源、是否在改善和保护环境。,"Shēngtài jīngjìxué rènwéi, yíqiè jīngjì huódòng dōu shì zài yídìng de shēngtài jīngjì xìtǒng zhōng jìnxíng de. Tā shì yóu shēngtài xìtǒng hé jīngjì xìtǒng liǎng ge zǐ xìtǒng yǒujī jiéhé xíngchéng de. Jīngjì huódòng bùdān zài jīngjì xìtǒng zhōng jìnxíng, tóngshí yě zài shēngtài xìtǒng zhōng yùnxíng. Yě jiùshì shuō, tóngshí yào shòu jīngjì guīlǜ hé shēngtài guīlǜ de shuāngchóng zhìyuē. Yǒude dìqū bǐ qítā dìqū fāzhǎn de hǎo, qiánjǐng yě gèng guǎngkuò, guānjiàn jiù zàiyú zhǔzhèngzhě nénggòu búdàn zūnxún shāngyè jīngyíng guīlǜ, tóngshí yě mǎnzú shēngtài pínghéng de zìrán guīlǜ yāoqiú. Zōngshàngsuǒshù, chuàngzào jīngjì xiàoyì, zēngqiáng dìqū de jìngzhēnglì yǔ kě chíxù fāzhǎn mìbùkěfēn, guānjiàn zhī chù shì rénlèi shìfǒu zài hélǐ de lìyòng zīyuán, shìfǒu zài gǎishàn hé bǎohù huánjìng."
在这两天的赛场上，对面实力强大，调兵遣将游刃有余，相比起来，我们在女子项目上可与之匹敌，男双也有机会，但男单相对处于弱势。综上所述，赢下对方的困难不小，可他们碰见我们，心里未必就不发怵。,"Zài zhè liǎng tiān de sàichǎng shàng, duìmiàn shílì qiángdà, diàobīngqiǎnjiàng yóurènyǒuyú, xiāngbǐ qǐlái, wǒmen zài nǚzǐ xiàngmù shàng kě yǔ zhī pǐdí, nánshuāng yě yǒu jīhuì, dàn nándān xiāngduì chǔyú ruòshì. Zōngshàngsuǒshù, yíngxià duìfāng de kùnnan bù xiǎo, kě tāmen pèngjiàn wǒmen, xīnli wèibì jiù bù fāchù."
法制组调查组赴广东省多地，对招商引资工作进行了深入调研。总的来说，工作取得了不小的成就，但也暴露出了若干具体问题。,"Fǎzhìzǔ diàocházǔ fù Guǎngdōng Shěng duō dì, duì zhāoshāng yǐnzī gōngzuò jìnxíngle shēnrù diàoyán. Zǒng de lái shuō, gōngzuò qǔdéle bù xiǎo de chéngjiù, dàn yě bàolùchūle ruògān jùtǐ wèntí."
他虽然性子急，有时说话有点儿伤人，但总的来说，他是个善良、真诚的人，关键时刻，总能给予我最及时的帮助。,"Tā suīrán xìngzi jí, yǒu shí shuōhuà yǒudiǎnr shāng rén, dàn zǒng de lái shuō, tā shì ge shànliáng, zhēnchéng de rén, guānjiàn shíkè, zǒng néng jǐyǔ wǒ zuì jíshí de bāngzhù."
现在这个时代，你不但可以进行传统的阅读自学，还可以在网络上参加正规大学开设的慕课，学习之后甚至能获得学分认定。总而言之，一个有志于学习的人，肯定能够找到适合自己的学习之路，从而走上精彩的人生之路。,"Xiànzài zhège shídài, nǐ búdàn kěyǐ jìnxíng chuántǒng de yuèdú zìxué, hái kěyǐ zài wǎngluò shàng cānjiā zhèngguī dàxué kāishè de mùkè, xuéxí zhīhòu shènzhì néng huòdé xuéfēn rèndìng. Zǒng'éryánzhī, yí ge yǒuzhìyú xuéxí de rén, kěndìng nénggòu zhǎodào shìhé zìjǐ de xuéxí zhī lù, cóng'ér zǒushàng jīngcǎi de rénshēng zhī lù."
鲁迅早就主张用“拿来主义”对待他国的科学文化。他主张“拿来”以后，再区别好坏，或用或弃，总而言之，为我所用。,"Lǔ Xùn zǎo jiù zhǔzhāng yòng ""náláizhǔyì"" duìdài tāguó de kēxué wénhuà. Tā zhǔzhāng ""nálái"" yǐhòu, zài qūbié hǎohuài, huò yòng huò qì, zǒng'éryánzhī, wèi wǒ suǒ yòng."
他的出发点是好的，只是没想到事情会闹到这个地步。,"Tā de chūfādiǎn shì hǎo de, zhǐshì méi xiǎngdào shìqing huì nàodào zhège dìbù."
她是铁了心要走，话说到这个份上了，再挽留也就没什么意思。,"Tā shì tiěle xīn yào zǒu, huà shuōdào zhège fènshang le, zài wǎnliú yě jiù méi shénme yìsi."
他对他那一对双胞胎儿女，喜欢得要命。,"Tā duì tā nà yí duì shuāngbāotāi érnǚ, xǐhuan de yàomìng."
今年福州破天荒下起了雪，天气冷得要死。幸亏家里提前装了地暖。,"Jīnnián Fúzhōu pòtiānhuāng xiàqǐle xuě, tiānqì lěng de yàosǐ. Xìngkuī jiā lǐ tíqián zhuāngle dìnuǎn."
儿子再次打来电话，可他连听都不听就直接把电话挂掉，然后把话筒放在一边，这样他儿子就再也打不进来了。,"Érzi zàicì dǎlái diànhuà, kě tā lián tīng dōu bù tīng jiù zhíjiē bǎ diànhuà guàdiào, ránhòu bǎ huàtǒng fàng zài yìbiān, zhèyàng tā érzi jiù zài yě dǎ bu jìnlái le."
我敢断定，你托他办的这件事，他在老板面前提都没提过。,"Wǒ gǎn duàndìng, nǐ tuō tā bàn de zhè jiàn shì, tā zài lǎobǎn miànqián tí dōu méi tíguo."
玩就玩个痛快，反正明天还是假期。,"Wán jiù wán ge tòngkuai, fǎnzhèng míngtiān háishi jiàqī."
今天我请客，你不用心疼钱，咱去就去个好点儿的饭店。,"Jīntiān wǒ qǐngkè, nǐ búyòng xīnténg qián, zán qù jiù qù ge hǎo diǎnr de fàndiàn."
在海上生活可不是件简单的事。这几天，我们晕船晕得吃了吐，吐了吃，一点儿胃口都没有。,"Zài hǎi shàng shēnghuó kě búshì jiàn jiǎndān de shì. Zhè jǐ tiān, wǒmen yùnchuán yùn de chīle tù, tùle chī, yìdiǎnr wèikǒu dōu méiyǒu."
昨天晚上我睡了醒，醒了睡，心里十分烦躁，总觉得我们的秘密被泄露了。,"Zuótiān wǎnshang wǒ shuìle xǐng, xǐngle shuì, xīnli shífēn fánzào, zǒng juéde wǒmen de mìmì bèi xièlòu le."
你相信也好，不相信也罢，反正我没有在背后说过你的坏话。,"Nǐ xiāngxìn yě hǎo, bù xiāngxìn yě bà, fǎnzhèng wǒ méiyǒu zài bèihòu shuōguo nǐ de huàihuà."
不论别人说我幼稚也好，不成熟也罢，我都会坚持自己的原则。,"Búlùn biéren shuō wǒ yòuzhì yě hǎo, bù chéngshú yě bà, wǒ dōu huì jiānchí zìjǐ de yuánzé."
她这次考试没考好，整整哭了一天，别提多伤心了。,"Tā zhè cì kǎoshì méi kǎohǎo, zhěngzhěng kūle yì tiān, biétí duō shāngxīn le."
我和爸爸昨天第一次坐了过山车，那种体验，别提有多奇妙了。,"Wǒ hé bàba zuótiān dì yī cì zuòle guòshānchē, nà zhǒng tǐyàn, biétí yǒu duō qímiào le."
站在慕田峪长城的高处看去，只见长城宛如一条曲折蜿蜒的巨龙，气势丝毫不亚于八达岭长城。,"Zhàn zài Mùtiányù Chángchéng de gāochù kànqù, zhǐjiàn Chángchéng wǎnrú yì tiáo qūzhé wānyán de jùlóng, qìshì sīháo bú yàyú Bādálǐng Chángchéng."
她一说起家乡便打开了话匣子，那骄傲的神情透出对家乡无比的热爱。她对每一处名胜的了解程度不亚于一个专业导游。,"Tā yì shuōqǐ jiāxiāng biàn dǎkāile huàxiázi, nà jiāo'ào de shénqíng tòuchū duì jiāxiāng wúbǐ de rè'ài. Tā duì měi yí chù míngshèng de liǎojiě chéngdù bú yàyú yí ge zhuānyè dǎoyóu."
很多年轻人工作上有闯劲，但比较毛躁，遭遇挫折时，总不知如何是好。,"Hěn duō niánqīngrén gōngzuò shàng yǒu chuǎngjìn, dàn bǐjiào máozao, zāoyù cuòzhé shí, zǒng bùzhī rúhé shì hǎo."
她告诉我她和男友分手了，很痛苦。可我真的不知怎么办才好，只能不停地安慰她。,"Tā gàosu wǒ tā hé nányǒu fēnshǒu le, hěn tòngkǔ. Kě wǒ zhēn de bùzhī zěnme bàn cái hǎo, zhǐ néng bùtíng de ānwèi tā."
那姑娘动不动就给他打电话，弄得别人都以为他们是恋爱关系。,"Nà gūniang dòngbudòng jiù gěi tā dǎ diànhuà, nòng de biéren dōu yǐwéi tāmen shì liàn'ài guānxi."
“我根本没有说过那些话！”王静的脸沉了下来，“你怎么动不动就歪曲我？”,"""Wǒ gēnběn méiyǒu shuōguo nàxiē huà!"" Wáng Jìng de liǎn chénle xiàlái, ""Nǐ zěnme dòngbudòng jiù wāiqū wǒ?"""
小黄怎么也不会想到，这份就业协议把自己送上了法庭，赔了2万元“违约金”不说，还落得个“没有诚信”的名声。,"Xiǎo Huáng zěnme yě bú huì xiǎngdào, zhè fèn jiùyè xiéyì bǎ zìjǐ sòngshàngle fǎtíng, péile liǎng wàn yuán ""wéiyuējīn"" bù shuō, hái luò de ge ""méiyǒu chéngxìn"" de míngshēng."
他也曾在股市搏杀，企图大赚一笔，结果闹得个血本无归，连房子都卖了。,"Tā yě céng zài gǔshì bóshā, qǐtú dà zhuàn yì bǐ, jiéguǒ nào de ge xuèběnwúguī, lián fángzi dōu mài le."
你来我家，我一定用珍藏多年的好酒招待你，让你喝个痛快。,"Nǐ lái wǒ jiā, wǒ yídìng yòng zhēncáng duō nián de hǎo jiǔ zhāodài nǐ, ràng nǐ hē ge tòngkuai."
你下班之后就回家不行吗？天天在外面玩个什么劲儿？,Nǐ xià bān zhīhòu jiù huí jiā bùxíng ma? Tiāntiān zài wàimian wán ge shénme jìnr?
遇事别多想，该吃吃，该喝喝，天塌不下来。,"Yù shì bié duō xiǎng, gāi chīchi, gāi hēhe, tiān tā bu xiàlái."
到了高三下学期，就该放下所有负担，调整好心态，该学就学，该玩就玩。,"Dàole gāo sān xià xuéqī, jiù gāi fàngxià suǒyǒu fùdān, tiáozhěnghǎo xīntài, gāi xué jiù xué, gāi wán jiù wán."
要是我能想到别的办法，何至于来叨扰您呢？,"Yàoshi wǒ néng xiǎngdào bié de bànfǎ, hézhìyú lái tāorǎo nín ne?"
我后悔没有听从他的忠告——要不然，事情何至于变得如此不可收拾！,"Wǒ hòuhuǐ méiyǒu tīngcóng tā de zhōnggào - yàobùrán, shìqing hézhìyú biàn de rúcǐ bùkě shōushi!"
在这家私营企业中，他的地位仅次于董事长。,"Zài zhè jiā sīyíng qǐyè zhōng, tā de dìwèi jǐn cìyú dǒngshìzhǎng."
水稻是世界上分布最广泛的粮食作物之一，其种植面积仅次于小麦。,"Shuǐdào shì shìjiè shàng fēnbù zuì guǎngfàn de liángshi zuòwù zhī yī, qí zhòngzhí miànjī jǐn cìyú xiǎomài."
我今天之所以放他一马，完全是看在你的面子上。,"Wǒ jīntiān zhī suǒyǐ fàng tā yì mǎ, wánquán shì kàn zài nǐ de miànzi shàng."
你别那么固执了，看在孩子的面子上，就来一趟吧。,"Nǐ bié nàme gùzhí le, kàn zài háizi de miànzi shàng, jiù lái yí tàng ba."
我觉得高档饭店的菜真没什么吃头儿，还是路边地道的土菜馆吃着过瘾。,"Wǒ juéde gāodàng fàndiàn de cài zhēn méi shénme chītour, háishi lùbiān dìdao de tǔ càiguǎn chīzhe guòyǐn."
春晚小品少了原来那些老面孔，还真是没什么看头儿。,"Chūnwǎn xiǎopǐn shǎole yuánlái nàxiē lǎo miànkǒng, hái zhēnshi méi shénme kàntour."
你别再解释了，我跟你没什么好说的。,"Nǐ bié zài jiěshì le, wǒ gēn nǐ méi shénme hǎo shuō de."
这事儿已经过去了，没什么好纠结的，人得往前看。,"Zhè shìr yǐjīng guòqù le, méi shénme hǎo jiūjié de, rén děi wǎng qián kàn."
登山的游客可以欣赏到众多书画名家留下的石刻题词。石刻题词最密集地方，莫过于我们现在看到的这处崖壁了。,"Dēngshān de yóukè kěyǐ xīnshǎngdào zhòngduō shūhuà míngjiā liúxià de shíkè tící. Shíkè tící zuì mìjí dìfang, mòguòyú wǒmen xiànzài kàndào de zhè chù yábì le."
近些年，在全球范围内引发最多关注的火山，莫过于2010年3月20日开始大规模喷发的冰岛南部的埃亚菲亚德拉火山了。,"Jìn xiē nián, zài quánqiú fànwéi nèi yǐnfā zuì duō guānzhù de huǒshān, mòguòyú èr líng yī líng nián sān yuè èrshí rì kāishǐ dàguīmó pēnfā de Bīngdǎo nánbù de Āiyàfēiyàdélā Huǒshān le."
你说你一个20多岁的成年人，又不是小孩子，怎么连话都说不清楚呢？,"Nǐ shuō nǐ yí ge èrshí duō suì de chéngniánrén, yòu búshì xiǎoháizi, zěnme lián huà dōu shuō bu qīngchu ne?"
你说你一个弱女子，一个人跑到这儿来干什么？人生地不熟的。,"Nǐ shuō nǐ yí ge ruò nǚzǐ, yí ge rén pǎodào zhèr lái gàn shénme? Rénshēngdìbùshú de."
你知道我的难言之隐，我不能和任何人说明我们的关系。所以什么好的坏的我都要憋在心里，默默承受。,"Nǐ zhīdao wǒ de nányánzhīyǐn, wǒ bùnéng hé rènhé rén shuōmíng wǒmen de guānxi. Suǒyǐ shénme hǎo de huài de wǒ dōu yào biē zài xīnli, mòmò chéngshòu."
听说小林和小王要结婚了，是真的吗？,"Tīngshuō Xiǎo Lín hé Xiǎo Wáng yào jiéhūn le, shì zhēn de ma?"
——什么真的假的？！他俩结婚的日子早就定了，请帖也都发出去了。,"- Shénme zhēn de jiǎ de?! Tā liǎ jiéhūn de rìzi zǎo jiù dìng le, qǐngtiě yě dōu fāchūqu le."
这项低保补助金，是为低收入家庭发放的。补助金额每家从500到3500元不等，视家庭收入而定。,"Zhè xiàng dībǎo bǔzhùjīn, shì wèi dī shōurù jiātíng fāfàng de. Bǔzhù jīn'é měi jiā cóng wǔbǎi dào sānqiān wǔbǎi yuán bùděng, shì jiātíng shōurù ér dìng."
领导进行调研的方式有多种，可以明察，可以暗访，可以召开小型座谈会，还可以针对性地个别谈话。该用什么方式，应视情况而定。,"Lǐngdǎo jìnxíng diàoyán de fāngshì yǒu duō zhǒng, kěyǐ míngchá, kěyǐ ànfǎng, kěyǐ zhàokāi xiǎoxíng zuòtánhuì, hái kěyǐ zhēnduìxìng de gèbié tánhuà. Gāi yòng shénme fāngshì, yīng shì qíngkuàng ér dìng."
十几年前，该县共有20余所小学，其中多半学校的校舍残破，教学设施老旧。这种情况下，谈何“素质教育”？,"Shí jǐ nián qián, gāi xiàn gòng yǒu èrshí yú suǒ xiǎoxué, qízhōng duōbàn xuéxiào de xiàoshè cánpò, jiàoxué shèshī lǎojiù. Zhè zhǒng qíngkuàng xià, tánhé ""sùzhì jiàoyù""?"
消费能力不足，工业产品就卖不出去。产品市场惨淡，工业谈何兴旺！,"Xiāofèi nénglì bùzú, gōngyè chǎnpǐn jiù mài bu chūqù. Chǎnpǐn shìchǎng cǎndàn, gōngyè tánhé xīngwàng!"
他无非有些小聪明罢了，离天才还差得远呢！,"Tā wúfēi yǒuxiē xiǎo cōngming bàle, lí tiāncái hái chà de yuǎn ne!"
这里的海鲜大餐物美价廉，人均花费不过二百多港币而已。,"Zhèlǐ de hǎixiān dàcān wùměijiàlián, rénjūn huāfèi búguò èrbǎi duō gǎngbì éryǐ."
我从来不觉得自己胖，我只是不瘦而已。,"Wǒ cónglái bù juéde zìjǐ pàng, wǒ zhǐshì bú shòu éryǐ."
领导干部不能有私心杂念，要全心全意为人民服务，想人民之所想，急人民之所急。,"Lǐngdǎo gànbù bùnéng yǒu sīxīn zániàn, yào quánxīnquányì wèi rénmín fúwù, xiǎng rénmín zhī suǒ xiǎng, jí rénmín zhī suǒ jí."
创业指导专家服务团成立一年来，想创业者之所想，急创业者之所急，是创业者的最佳智囊团。,"Chuàngyè zhǐdǎo zhuānjiā fúwùtuán chénglì yì nián lái, xiǎng chuàngyèzhě zhī suǒ xiǎng, jí chuàngyèzhě zhī suǒ jí, shì chuàngyèzhě de zuìjiā zhìnángtuán."
我们谨此向广大读者致以最诚挚的问候，感谢大家在过去的一年里对本刊的支持、鼓励和批评。,"Wǒmen jǐncǐ xiàng guǎngdà dúzhě zhìyǐ zuì chéngzhì de wènhòu, gǎnxiè dàjiā zài guòqù de yì nián lǐ duì běnkān de zhīchí, gǔlì hé pīpíng."
我满怀喜悦，用中文向留学生们致以节日的祝福。,"Wǒ mǎnhuái xǐyuè, yòng Zhōngwén xiàng liúxuéshēngmen zhìyǐ jiérì de zhùfú."
我要长相没长相，要身材没身材，怎么可能当明星？,"Wǒ yào zhǎngxiàng méi zhǎngxiàng, yào shēncái méi shēncái, zěnme kěnéng dāng míngxīng?"
我们返回的时候要机票没机票，要火车票没火车票，只好跟人拼车回来。,"Wǒmen fǎnhuí de shíhou yào jīpiào méi jīpiào, yào huǒchēpiào méi huǒchēpiào, zhǐhǎo gēn rén pīnchē huílái."
老张要能力有能力，要资历有资历，早就应该当经理了。,"Lǎo Zhāng yào nénglì yǒu nénglì, yào zīlì yǒu zīlì, zǎo jiù yīnggāi dāng jīnglǐ le."
你的部队一定要坚守阵地，把敌人反击下去，要援兵有援兵，要弹药有弹药。,"Nǐ de bùduì yídìng yào jiānshǒu zhèndì, bǎ dírén fǎnjī xiàqù, yào yuánbīng yǒu yuánbīng, yào dànyào yǒu dànyào."
看到其他人的结局，俞经理十分庆幸自己没有因一时冲动而犯下大错。,"Kàndào qítā rén de jiéjú, Yú jīnglǐ shífēn qìngxìng zìjǐ méiyǒu yīn yìshí chōngdòng ér fànxià dàcuò."
教师为每个学生制定的学习计划应因人而异。,Jiàoshī wèi měi ge xuésheng zhìdìng de xuéxí jìhuà yīng yīnrén'éryì.
政府若仅靠当地力量不能让群众脱贫致富，引入外部资源有何不可？,"Zhèngfǔ ruò jǐn kào dāngdì lìliang bùnéng ràng qúnzhòng tuōpínzhìfù, yǐnrù wàibù zīyuán yǒuhé bùkě?"
我是真不明白，你这样只知道拼命赚钱，生活究竟有何乐趣？,"Wǒ shì zhēn bù míngbai, nǐ zhèyàng zhǐ zhīdao pīnmìng zhuànqián, shēnghuó jiūjìng yǒuhé lèqù?"
这不就是一场校际篮球联赛吗，有什么看头？,"Zhè bú jiùshì yì chǎng xiàojì lánqiú liánsài ma, yǒu shénme kàntou?"
我是不明白，这些垃圾食品，油腻至极，有什么吃头？,"Wǒ shì bù míngbai, zhèxiē lājī shípǐn, yóunì zhìjí, yǒu shénme chītóu?"
他职位提升后，工作日益繁忙，只能在工作之余发表一些作品。,"Tā zhíwèi tíshēng hòu, gōngzuò rìyì fánmáng, zhǐ néng zài gōngzuò zhīyú fābiǎo yìxiē zuòpǐn."
这本书收录了很多幽默、滑稽的故事，不过倘若能在捧腹大笑之余回味一番，便可发现这些故事背后也蕴含着深刻的哲理。,"Zhè běn shū shōulùle hěn duō yōumò, huájī de gùshi, búguò tǎngruò néng zài pěngfùdàxiào zhīyú huíwèi yìfān, biàn kě fāxiàn zhèxiē gùshi bèihòu yě yùnhánzhe shēnkè de zhélǐ."
值此新春佳节之际，衷心感谢您对本公司一直以来的关心和支持！,"Zhí cǐ xīnchūn jiājié zhījì, zhōngxīn gǎnxiè nín duì běn gōngsī yìzhí yǐlái de guānxīn hé zhīchí!"
值此教师节来临之际，祝我校全体老师身体健康，阖家幸福！,"Zhí cǐ Jiàoshījié láilín zhījì, zhù wǒ xiào quántǐ lǎoshī shēntǐ jiànkāng, héjiā xìngfú!"
新型钛合金门窗不仅美观大方，而且在使用寿命方面也远远优于铁窗和铝合金门窗。,"Xīnxíng tài héjīn ménchuāng bùjǐn měiguān dàfang, érqiě zài shǐyòng shòumìng fāngmiàn yě yuǎnyuǎn yōuyú tiěchuāng hé lǚhéjīn ménchuāng."
对她这种锦衣玉食的富家小姐而言，面子往往胜于一切。,"Duì tā zhè zhǒng jǐnyīyùshí de fùjiā xiǎojiě éryán, miànzi wǎngwǎng shèngyú yíqiè."
我可不相信这世界上还有厨艺高过您的人。,Wǒ kě bù xiāngxìn zhè shìjiè shàng hái yǒu chúyì gāoguò nín de rén.
你争气点，强过你的两个哥哥，不要让那些没安好心的人笑话了。,"Nǐ zhēngqì diǎn, qiángguò nǐ de liǎng ge gēge, búyào ràng nàxiē méi ān hǎoxīn de rén xiàohua le."
他虽然在犹豫，但现在还不会和她说分手，一来于心不忍，二来谈了这么多年多少也习惯了，三来怕别人议论。,"Tā suīrán zài yóuyù, dàn xiànzài hái bú huì hé tā shuō fēnshǒu, yìlái yúxīnbùrěn, èrlái tánle zhème duō nián duōshǎo yě xíguàn le, sānlái pà biéren yìlùn."
他对王经理有相当的敬意，一来因为是自己的顶头上司，二来因为经理对于相关业务确实是烂熟于心，三来因为经理虽沉默寡言但又善于处理人际关系。,"Tā duì Wáng jīnglǐ yǒu xiāngdāng de jìngyì, yìlái yīnwèi shì zìjǐ de dǐngtóushàngsi, èrlái yīnwèi jīnglǐ duìyú xiāngguān yèwù quèshí shì lànshúyúxīn, sānlái yīnwèi jīnglǐ suī chénmòguǎyán dàn yòu shànyú chǔlǐ rénjì guānxi."
这种药品一则价格高昂，二则产量较少，三则副作用明显，因此难以推广。,"Zhè zhǒng yàopǐn yìzé jiàgé gāo'áng, èrzé chǎnliàng jiào shǎo, sānzé fùzuòyòng míngxiǎn, yīncǐ nányǐ tuīguǎng."
排练时需要的演员比实际演出的时候要多一些，一则考察演员的表现，不合适的话就换掉；二则可以相互提出意见，完善表演；三则不上场的演员也可以做一些剧务工作。,"Páiliàn shí xūyào de yǎnyuán bǐ shíjì yǎnchū de shíhou yào duō yìxiē, yìzé kǎochá yǎnyuán de biǎoxiàn, bù héshì dehuà jiù huàndiào; èrzé kěyǐ xiānghù tíchū yìjiàn, wánshàn biǎoyǎn; sānzé bú shàngchǎng de yǎnyuán yě kěyǐ zuò yìxiē jùwù gōngzuò."
所谓绒面涂料，就是视觉效果一流，又不会引发眩晕，触感柔软而有弹性的新型装饰材料。,"Suǒwèi róngmiàn túliào, jiùshì shìjué xiàoguǒ yīliú, yòu bú huì yǐnfā xuànyùn, chùgǎn róuruǎn ér yǒu tánxìng de xīnxíng zhuāngshì cáiliào."
企业管理者要为企业的发展提供催化剂。所谓催化剂，就是能为企业发展提供助力的一切行为，包括设立清晰目标、调动员工自主性和创造性，以及提供充分的资源等。,"Qǐyè guǎnlǐzhě yào wèi qǐyè de fāzhǎn tígōng cuīhuàjì. Suǒwèi cuīhuàjì, jiùshì néng wèi qǐyè fāzhǎn tígōng zhùlì de yíqiè xíngwéi, bāokuò shèlì qīngxī mùbiāo, diàodòng yuángōng zìzhǔxìng hé chuàngzàoxìng, yǐjí tígōng chōngfèn de zīyuán děng."
这一辈子，或饱经挫折，或一帆风顺。受挫折的，心性会得到磨炼，总是处于顺境的，往往思想单纯。,"Zhè yíbèizi, huò bǎojīng cuòzhé, huò yìfānfēngshùn. Shòu cuòzhé de, xīnxìng huì dédào móliàn, zǒngshì chǔyú shùnjìng de, wǎngwǎng sīxiǎng dānchún."
那个工人，或是生病了，或是家里头有事，反正今天来不了了。,"Nàge gōngrén, huòshì shēngbìng le, huòshì jiā lǐtou yǒu shì, fǎnzhèng jīntiān láibuliǎo le."
今年上半年，门店营业额有二百五十万元之多，但利润仅一万多元，公司经理说：“我们宁可利润少一些，也不能忘掉服务消费者的宗旨。”,"Jīnnián shàngbànnián, méndiàn yíngyè'é yǒu èrbǎi wǔshí wàn yuán zhī duō, dàn lìrùn jǐn yíwàn duō yuán, gōngsī jīnglǐ shuō: ""Wǒmen nìngkě lìrùn shǎo yìxiē, yě bù néng wàngdiào fúwù xiāofèizhě de zōngzhǐ."""
这批有志于交响乐艺术的音乐家始终以发展中国高水平的交响乐为己任。他们宁愿生活艰苦些，也不愿放弃自己热爱的事业。,"Zhè pī yǒuzhìyú jiāoxiǎngyuè yìshù de yīnyuèjiā shǐzhōng yǐ fāzhǎn Zhōngguó gāo shuǐpíng de jiāoxiǎngyuè wéijǐrèn. Tāmen nìngyuàn shēnghuó jiānkǔ xiē, yě bú yuàn fàngqì zìjǐ rè'ài de shìyè."
与其在这里胡思乱想，我宁愿当面去问个清楚。,"Yǔqí zài zhèlǐ húsīluànxiǎng, wǒ nìngyuàn dāngmiàn qù wèn ge qīngchu."
与其跟这些毫无责任心的人一组，我宁可一个人做这个小组作业。,"Yǔqí gēn zhèxiē háowú zérènxīn de rén yì zǔ, wǒ nìngkě yí ge rén zuò zhège xiǎozǔ zuòyè."
重庆火锅好吃是好吃，不过对于吃不惯麻辣味的人来说，恐怕会难以入口。,"Chóngqìng huǒguō hǎochī shì hǎochī, búguò duìyú chībuguàn málàwèi de rén lái shuō, kǒngpà huì nányǐ rùkǒu."
上周的大型相亲会，他迫于父母的压力，去倒是去了，但若是让他在相亲会上勇敢地表达自己，追求心上人，确实是难为他了。,"Shàng zhōu de dàxíng xiāngqīnhuì, tā pòyú fùmǔ de yālì, qù dàoshi qù le, dàn ruòshì ràng tā zài xiāngqīnhuì shàng yǒnggǎn de biǎodá zìjǐ, zhuīqiú xīnshàngrén, quèshí shì nánwéi tā le."
别看年龄小，他的志向可很大呢！,"Bié kàn niánlíng xiǎo, tā de zhìxiàng kě hěn dà ne!"
别看小王一天到晚看上去什么都不在乎的样子，其实他是个特别在意别人看法的人。,"Bié kàn Xiǎo Wáng yìtiāndàowǎn kànshàngqu shénme dōu bú zàihu de yàngzi, qíshí tā shì ge tèbié zàiyì biéren kànfǎ de rén."
虽说我的身体不好，但我并不会放弃一直以来的理想。,"Suīshuō wǒ de shēntǐ bù hǎo, dàn wǒ bìng bú huì fàngqì yìzhí yǐlái de lǐxiǎng."
虽说这位著名画家的一幅画就可赚上百万，可仍然架不住儿子这样挥霍。,"Suīshuō zhè wèi zhùmíng huàjiā de yì fú huà jiù kě zhuànshang bǎiwàn, kě réngrán jiàbuzhù érzi zhèyàng huīhuò."
无论你同意与否，他都会按自己的计划去处理这件事的。,"Wúlùn nǐ tóngyì yǔfǒu, tā dōu huì àn zìjǐ de jìhuà qù chǔlǐ zhè jiàn shì de."
所有的工作人员，无论工作成绩优异与否，都是能领到高额奖金的。,"Suǒyǒu de gōngzuò rényuán, wúlùn gōngzuò chéngjì yōuyì yǔfǒu, dōu shì néng lǐngdào gāo'é jiǎngjīn de."
此次比赛设有一、二、三等奖及优秀奖。凡获奖者均颁发荣誉证书。,"Cǐ cì bǐsài shèyǒu yī, èr, sān děng jiǎng jí yōuxiù jiǎng. Fán huòjiǎngzhě jūn bānfā róngyù zhèngshū."
凡来我市进行技术合作的单位，均可根据自身的资金、设备、专长等条件，进行多领域、多层次的合作。,"Fán lái wǒ shì jìnxíng jìshù hézuò de dānwèi, jūn kě gēnjù zìshēn de zījīn, shèbèi, zhuāncháng děng tiáojiàn, jìnxíng duō lǐngyù, duō céngcì de hézuò."
假若你不愿待在家里，你可以到湖边散散步，或在公园喝喝茶、下下棋。,"Jiǎruò nǐ bú yuàn dāizài jiā lǐ, nǐ kěyǐ dào húbiān sànsan bù, huò zài gōngyuán hēhe chá, xiàxia qí."
我从来都不会后悔之前的决定，假使一切再从头来，结果也还是一样的。,"Wǒ cónglái dōu bú huì hòuhuǐ zhīqián de juédìng, jiǎshǐ yíqiè zài cóngtóulái, jiéguǒ yě háishi yíyàng de."
幸好你今天中午替我打了饭，不然我就只有挨饿的份了。,"Xìnghǎo nǐ jīntiān zhōngwǔ tì wǒ dǎle fàn, bùrán wǒ jiù zhǐyǒu ái'è de fèn le."
幸亏老张告诉了我哥哥的电话号码，否则我就真没法跟哥哥联系了。,"Xìngkuī Lǎo Zhāng gàosule wǒ gēge de diànhuà hàomǎ, fǒuzé wǒ jiù zhēn méifǎ gēn gēge liánxì le."
纵然无人为他加油喝彩，他最终也还是夺取了本站比赛的冠军。,"Zòngrán wú rén wèi tā jiāyóu hècǎi, tā zuìzhōng yě háishi duóqǔle běn zhàn bǐsài de guànjūn."
纵使出于好心，你也要注意沟通的方式，说话不要那么直接。,"Zòngshǐ chūyú hǎoxīn, nǐ yě yào zhùyì gōutōng de fāngshì, shuōhuà búyào nàme zhíjiē."
富有智慧者看得透，故不争；胸襟豁达者想得开，故不斗。,"Fùyǒu zhìhuìzhě kàndetòu, gù bù zhēng; xiōngjīn huòdázhě xiǎngdekāi, gù bú dòu."
肺肉瘤样癌是一种罕见的肺癌，因其症状、体征缺乏特异性，常需术后活检才能确诊，故明确诊断较难。,"Fèi ròuliúyàng ái shì yì zhǒng hǎnjiàn de fèi'ái, yīn qí zhèngzhuàng, tǐzhēng quēfá tèyìxìng, cháng xū shùhòu huójiǎn cái néng quèzhěn, gù míngquè zhěnduàn jiào nán."
自从这种靶向药物问世之后，它的治疗癌症的功能被推崇到了极点，以至它在黑市上的价格被炒到了百万以上。,"Zìcóng zhè zhǒng bǎxiàng yàowù wènshì zhīhòu, tā de zhìliáo áizhèng de gōngnéng bèi tuīchóng dàole jídiǎn, yǐzhì tā zài hēishì shàng de jiàgé bèi chǎodàole bǎiwàn yǐshàng."
当下的素质教育实践呈现出明显的形式化特征，以至于一些学校将活动课的数量作为衡量素质教育实施的指标，反而加重了学生负担。,"Dāngxià de sùzhì jiàoyù shíjiàn chéngxiànchū míngxiǎn de xíngshìhuà tèzhēng, yǐzhìyú yìxiē xuéxiào jiāng huódòngkè de shùliàng zuòwéi héngliáng sùzhì jiàoyù shíshī de zhǐbiāo, fǎn'ér jiāzhòngle xuésheng fùdān."
这本书别说本科生了，研究生读起来都费劲。,"Zhè běn shū biéshuō běnkēshēng le, yánjiūshēng dúqǐlai dōu fèijìn."
他现在没有收入来源，别说10万，就是一万块现在也拿不出。,"Tā xiànzài méiyǒu shōurù láiyuán, biéshuō shí wàn, jiùshì yíwàn kuài xiànzài yě nábuchū."
你们在我家住着白吃白喝不说，还给我添乱。,"Nǐmen zài wǒ jiā zhùzhe báichībáihē bùshuō, hái gěi wǒ tiānluàn."
消费者最怕的就是上当受骗，买到假冒伪劣商品，钱花了不说，还弄了一肚子气。,"Xiāofèizhě zuì pà de jiùshì shàngdàngshòupiàn, mǎidào jiǎmàowěiliè shāngpǐn, qián huāle bùshuō, hái nòngle yí dùzi qì."
这道题的解法连老师都得想半天，更不用说学生了。,"Zhè dào tí de jiěfǎ lián lǎoshī dōu děi xiǎng bàntiān, gèng búyòng shuō xuésheng le."
他连简单的道歉都不肯，更不用说做出什么补偿了。,"Tā lián jiǎndān de dàoqiàn dōu bùkěn, gèng búyòng shuō zuòchū shénme bǔcháng le."
这样的影视作品，成人尚且不宜观看，何况是涉世未深的孩子。,"Zhèyàng de yǐngshì zuòpǐn, chéngrén shàngqiě bùyí guānkàn, hékuàng shì shèshìwèishēn de háizi."
高海拔地区土壤贫瘠、气候恶劣，野草生长尚且困难，更何况发展大规模农业？,"Gāo hǎibá dìqū tǔrǎng pínjí, qìhòu èliè, yěcǎo shēngzhǎng shàngqiě kùnnan, gèng hékuàng fāzhǎn dàguīmó nóngyè?"
听音乐如果音量过大，对成人的听力都会造成损伤，更不用说对婴幼儿了。所以，让婴幼儿听音乐时，音量要控制适当。,"Tīng yīnyuè rúguǒ yīnliàng guò dà, duì chéngrén de tīnglì dōu huì zàochéng sǔnshāng, gèng búyòng shuō duì yīngyòu'ér le. Suǒyǐ, ràng yīngyòu'ér tīng yīnyuè shí, yīnliàng yào kòngzhì shìdàng."
虽说“豪华型”大客车带有卧铺，但路况不好，一路颠簸。坐在这种车上，想打个盹常常都不容易，更不用说睡个安稳觉了。,"Suīshuō ""háohuáxíng"" dà kèchē dàiyǒu wòpù, dàn lùkuàng bù hǎo, yílù diānbǒ. Zuò zài zhè zhǒng chē shàng, xiǎng dǎ ge dǔn chángcháng dōu bù róngyì, gèng búyòng shuō shuì ge ānwěn jiào le."
超强台风将在浦东登陆，为安全起见，长三角地区部分列车会临时停运。,"Chāoqiáng táifēng jiāng zài Pǔdōng dēnglù, wèi ānquán qǐjiàn, Chángsānjiǎo dìqū bùfen lièchē huì línshí tíngyùn."
医生说他手术恢复得很好，但为了保险起见，还是需要留院观察一段时间。,"Yīshēng shuō tā shǒushù huīfù de hěn hǎo, dàn wèile bǎoxiǎn qǐjiàn, háishi xūyào liúyuàn guānchá yí duàn shíjiān."
在广泛听取各方意见之后，工信部决定实施宽带提速计划，以实现上网速度与国际平均水平接轨。,"Zài guǎngfàn tīngqǔ gèfāng yìjiàn zhīhòu, Gōngxìnbù juédìng shíshī kuāndài tísù jìhuà, yǐ shíxiàn shàngwǎng sùdù yǔ guójì píngjūn shuǐpíng jiēguǐ."
世界卫生组织呼吁成员国加强合作，完善监督机制，保证有充裕的资金，以帮助广大发展中国家。,"Shìjiè Wèishēng Zǔzhī hūyù chéngyuánguó jiāqiáng hézuò, wánshàn jiāndū jīzhì, bǎozhèng yǒu chōngyù de zījīn, yǐ bāngzhù guǎngdà fāzhǎnzhōng guójiā."
为什么我事先对你百般劝说都没有用，非得酿成大错你才肯反思？,"Wèishénme wǒ shìxiān duì nǐ bǎibān quànshuō dōu méiyǒu yòng, fēiděi niàngchéng dàcuò nǐ cái kěn fǎnsī?"
若是家长不给买玩具，“小皇帝”便会大哭大闹，非得把玩具弄到手才罢休。,"Ruòshì jiāzhǎng bù gěi mǎi wánjù, ""xiǎo huángdì"" biàn huì dàkūdànào, fēiděi bǎ wánjù nòngdàoshǒu cái bàxiū."
他的小女儿要是哭起来，任谁也哄不好。,"Tā de xiǎo nǚ'ér yàoshi kūqǐlai, rèn shéi yě hǒngbuhǎo."
他的心情低落到了极点，似乎任什么事也不能让他开心一点。,"Tā de xīnqíng dīluò dàole jídiǎn, sìhū rèn shénme shì yě bù néng ràng tā kāixīn yìdiǎn."
我8岁开始学拉二胡，现已达到第七级了；11岁开始学弹钢琴，现已通过第八级的考试。,"Wǒ bā suì kāishǐ xué lā èrhú, xiàn yǐ dádào dì qī jí le; shíyī suì kāishǐ xué tán gāngqín, xiàn yǐ tōngguò dì bā jí de kǎoshì."
我在孩子的成长过程中，给予他充分的自由。我不逼他学奥数，除非他自己愿意学；不逼他音乐考级，只求培养些许乐感；不逼他学外语，只为他提供开口讲外语的机会。,"Wǒ zài háizi de chéngzhǎng guòchéng zhōng, jǐyǔ tā chōngfèn de zìyóu. Wǒ bù bī tā xué àoshù, chúfēi tā zìjǐ yuànyì xué; bù bī tā yīnyuè kǎojí, zhǐ qiú péiyǎng xiēxǔ yuègǎn; bù bī tā xué wàiyǔ, zhǐ wèi tā tígōng kāikǒu jiǎng wàiyǔ de jīhuì."
今年虽然因为气温低，西瓜上市的时间推迟了，但总产量同比增长了近二成。,"Jīnnián suīrán yīnwèi qìwēn dī, xīguā shàngshì de shíjiān tuīchí le, dàn zǒng chǎnliàng tóngbǐ zēngzhǎngle jìn èr chéng."
我清楚地记得那天她戴的是一枚钻戒，虽然她后来坚决否认，说她戴的只不过是枚普通金戒指，而且她发给我的照片也证实了这一点，可我还是不愿意承认我记错了。,"Wǒ qīngchu de jìde nà tiān tā dài de shì yì méi zuànjiè, suīrán tā hòulái jiānjué fǒurèn, shuō tā dài de zhǐbuguò shì méi pǔtōng jīn jièzhi, érqiě tā fāgěi wǒ de zhàopiàn yě zhèngshíle zhè yìdiǎn, kě wǒ háishi bú yuànyì chéngrèn wǒ jìcuò le."
如果你足够努力，而且有一定的天赋，再加上一点点好运气，就一定能通过这次考试。,"Rúguǒ nǐ zúgòu nǔlì, érqiě yǒu yídìng de tiānfù, zài jiāshàng yìdiǎndiǎn hǎo yùnqi, jiù yídìng néng tōngguò zhè cì kǎoshì."
要是房子没有其他问题，只是因为租金高而迟迟租不出去，你就要考虑降一部分租金试试了。,"Yàoshi fángzi méiyǒu qítā wèntí, zhǐshì yīnwèi zūjīn gāo ér chíchí zūbuchūqu, nǐ jiù yào kǎolǜ jiàng yí bùfen zūjīn shìshi le."
由于奥运会足球比赛一开始只面向准业余选手，所以它的水平不能与世界杯相比。于是在1930年乌拉圭举办第一届世界杯后，奥运会足球比赛就退居到次要位置。,"Yóuyú Àoyùnhuì zúqiú bǐsài yì kāishǐ zhǐ miànxiàng zhǔn yèyú xuǎnshǒu, suǒyǐ tā de shuǐpíng bù néng yǔ Shìjièbēi xiāngbǐ. Yúshì zài yī jiǔ sān líng nián Wūlāguī jǔbàn dì yī jiè Shìjièbēi hòu, Àoyùnhuì zúqiú bǐsài jiù tuìjūdào cìyào wèizhi."
他非常热衷于人体研究，因为在研究中不但可以获得新知识，而且还能对自己的身体状况有更深入的了解。,"Tā fēicháng rèzhōngyú réntǐ yánjiū, yīnwèi zài yánjiū zhōng búdàn kěyǐ huòdé xīn zhīshi, érqiě hái néng duì zìjǐ de shēntǐ zhuàngkuàng yǒu gèng shēnrù de liǎojiě."
他不但会吹笛子，而且吹得还挺好，甚至还会做笛子呢！,"Tā búdàn huì chuī dízi, érqiě chuī de hái tǐng hǎo, shènzhì hái huì zuò dízi ne!"
这个项目不如交给小张负责，这样既能考验小张的能力，又能满足董事长的要求，而且还可以不得罪总经理。,"Zhège xiàngmù bùrú jiāogěi Xiǎo Zhāng fùzé, zhèyàng jì néng kǎoyàn Xiǎo Zhāng de nénglì, yòu néng mǎnzú dǒngshìzhǎng de yāoqiú, érqiě hái kěyǐ bù dézuì zǒngjīnglǐ."
豆腐皮包肉的制作程序如下：取豆腐皮一袋用温水泡软，切成两个饺子皮大小的方块备用。将肉末用姜末、葱花、盐、味精、鸡蛋和好，再将几只冬菇泡软、切碎，放入肉末中拌匀。,"Dòufupí bāo ròu de zhìzuò chéngxù rúxià: qǔ dòufupí yí dài yòng wēnshuǐ pàoruǎn, qiēchéng liǎng ge jiǎozipí dàxiǎo de fāngkuài bèiyòng. Jiāng ròumò yòng jiāngmò, cōnghuā, yán, wèijīng, jīdàn huòhǎo, zài jiāng jǐ zhī dōnggū pàoruǎn, qiēsuì, fàngrù ròumò zhōng bànyún."
在广泛调研的基础上，有关部门合并了一些高度类似的企业，停办一些消耗高、污染重、利润低的企业。经过调整以后，不少厂很快扭亏为盈。,"Zài guǎngfàn diàoyán de jīchǔ shàng, yǒuguān bùmén hébìngle yìxiē gāodù lèisì de qǐyè, tíngbàn yìxiē xiāohào gāo, wūrǎn zhòng, lìrùn dī de qǐyè. Jīngguò tiáozhěng yǐhòu, bùshǎo chǎng hěn kuài niǔkuīwéiyíng."
20年前的长江中堡岛已不复存在。现在，在它的左边，大坝已矗立在波涛之中，左岸厂房坝、电厂、泄洪坝等已相继建成。在它的右边，三期工程的主体项目——右岸电厂正夜以继日地工作着。,"Èrshí nián qián de Chángjiāng Zhōngbǎo Dǎo yǐ búfùcúnzài. Xiànzài, zài tā de zuǒbian, dàbà yǐ chùlì zài bōtāo zhī zhōng, zuǒ'àn chǎngfángbà, diànchǎng, xièhóngbà děng yǐ xiāngjì jiànchéng. Zài tā de yòubian, sān qī gōngchéng de zhǔtǐ xiàngmù - yòu'àn diànchǎng zhèng yèyǐjìrì de gōngzuòzhe."
站在广场的中心位置，向东望去，1号展馆坐落于馆区主轴线上。其南北分别为2、3号展馆。三个展馆从远处看排成一条线，十分整齐。绕过三馆，背后是4、5号展馆，分别位于2、3号馆的东侧，两馆皆为东西走向，共同构成环湖之势。,"Zhàn zài guǎngchǎng de zhōngxīn wèizhi, xiàng dōng wàngqù, yī hào zhǎnguǎn zuòluòyú guǎnqū zhǔzhóuxiàn shàng. Qí nánběi fēnbié wéi èr, sān hào zhǎnguǎn. Sān ge zhǎnguǎn cóng yuǎnchù kàn páichéng yì tiáo xiàn, shífēn zhěngqí. Ràoguò sān guǎn, bèihòu shì sì, wǔ hào zhǎnguǎn, fēnbié wèiyú èr, sān hào guǎn de dōngcè, liǎng guǎn jiē wéi dōngxī zǒuxiàng, gòngtóng gòuchéng huánhú zhī shì."
全球变暖是自然因素和人为因素共同作用的结果。一方面，近年来超强的厄尔尼诺现象显著升高了海水温度，使得大洋上空温度偏高。另一方面，人类活动，如大规模的工业排放和森林采伐，是更主要的原因。,"Quánqiú biànnuǎn shì zìrán yīnsù hé rénwéi yīnsù gòngtóng zuòyòng de jiéguǒ. Yì fāngmiàn, jìnniánlái chāoqiáng de È'ěrnínuò xiànxiàng xiǎnzhù shēnggāole hǎishuǐ wēndù, shǐde dàyáng shàngkōng wēndù piān gāo. Lìng yì fāngmiàn, rénlèi huódòng, rú dàguīmó de gōngyè páifàng hé sēnlín cǎifá, shì gèng zhǔyào de yuányīn."
该体制的优点是灾害响应速度快，处理突发情况效率高；缺点是不利于整合地方力量，也不利于平日村民自救意识的提高。,"Gāi tǐzhì de yōudiǎn shì zāihài xiǎngyìng sùdù kuài, chǔlǐ tūfā qíngkuàng xiàolǜ gāo; quēdiǎn shì búlìyú zhěnghé dìfang lìliang, yě búlìyú píngrì cūnmín zìjiù yìshí de tígāo."
甘草i于亚欧大陆的中国北部、蒙古、俄罗斯西伯利亚地区、哈萨克斯坦、巴基斯坦等地都有分布，Øi在中国具体分布于东北、华北、西北等地。甘草i喜光照充足、干燥少雨、冬夏分明以及昼夜温差大的环境，甘草i具有喜光、耐旱、耐热、耐寒及耐盐碱等特性。,"Gāncǎo yú Yà-Ōu dàlù de Zhōngguó běibù, Ménggǔ, Éluósī Xībólìyà dìqū, Hāsàkèsītǎn, Bājīsītǎn děng dì dōu yǒu fēnbù, zài Zhōngguó jùtǐ fēnbùyú dōngběi, huáběi, xīběi děng dì. Gāncǎo xǐ guāngzhào chōngzú, gānzào shǎoyǔ, dōngxià fēnmíng yǐjí zhòuyè wēnchā dà de huánjìng, gāncǎo jùyǒu xǐguāng, nàihàn, nàirè, nàihán jí nài yánjiǎn děng tèxìng."
人工智能i是新一轮科技革命和产业变革的重要驱动力量，Øi是研究、开发用于模拟、延伸和扩展人的智能的理论、方法、技术及应用系统的一门新的技术科学。,"Réngōng zhìnéng shì xīn yì lún kējì gémìng hé chǎnyè biàngé de zhòngyào qūdòng lìliang, shì yánjiū, kāifā yòngyú mónǐ, yánshēn hé kuòzhǎn rén de zhìnéng de lǐlùn, fāngfǎ, jìshù jí yìngyòng xìtǒng de yì mén xīn de jìshù kēxué."
我在创作这幅作品时，是希望能够依靠背影去反映出人物的情绪和精神状态。至于这件作品的展出位置，在规划展厅布局时，就做了特别的安排。,"Wǒ zài chuàngzuò zhè fú zuòpǐn shí, shì xīwàng nénggòu yīkào bèiyǐng qù fǎnyìngchū rénwù de qíngxù hé jīngshén zhuàngtài. Zhìyú zhè jiàn zuòpǐn de zhǎnchū wèizhi, zài guīhuà zhǎntīng bùjú shí, jiù zuòle tèbié de ānpái."
我刻录光盘的速度都是软件默认的，如果自己去调高速度的话光盘容易报废。（至于）价钱嘛，买的比较多的话就一元一张盘。,"Wǒ kèlù guāngpán de sùdù dōu shì ruǎnjiàn mòrèn de, rúguǒ zìjǐ qù tiáogāo sùdù dehuà guāngpán róngyì bàofèi. (Zhìyú) jiàqian ma, mǎi de bǐjiào duō dehuà jiù yì yuán yì zhāng pán."
我奶奶虽然没有文化，【】做事却十分干脆，【】听了这话便找出存折，【】抱着我便径直走出家门去银行取钱。,"Wǒ nǎinai suīrán méiyǒu wénhuà, zuòshì què shífēn gāncuì, tīngle zhè huà biàn zhǎochū cúnzhé, bàozhe wǒ biàn jìngzhí zǒuchū jiāmén qù yínháng qǔ qián."
中国政府秉承“以人为本”的精神，【】根据被援助国要求和国际社会的呼吁，【】及时提供了救灾物资、救援队和医疗队，【】尽力提供现汇资金援助，【】积极参与了国际合作的重大紧急救援任务。,"Zhōngguó zhèngfǔ bǐngchéng ""yǐrénwéiběn"" de jīngshén, gēnjù bèi yuánzhù guó yāoqiú hé guójì shèhuì de hūyù, jíshí tígōngle jiùzāi wùzī, jiùyuánduì hé yīliáoduì, jìnlì tígōng xiànhuì zījīn yuánzhù, jījí cānyùle guójì hézuò de zhòngdà jǐnjí jiùyuán rènwu."
虽然【】没有得到为国家献身的机会，但也一直做好了准备；如果到了那一天，汪昌绪绝对丝毫不会犹豫。,"Suīrán méiyǒu dédào wèi guójiā xiànshēn de jīhuì, dàn yě yìzhí zuòhǎole zhǔnbèi; rúguǒ dàole nà yì tiān, Wāng Chāngxù juéduì sīháo bú huì yóuyù."
无论【】平时工作多忙，【】回家多晚，王和平都会非常认真地检查孩子的作业。,"Wúlùn píngshí gōngzuò duō máng, huí jiā duō wǎn, Wáng Hépíng dōu huì fēicháng rènzhēn de jiǎnchá háizi de zuòyè."
你多吃一点儿。,Nǐ duō chī yìdiǎnr.
我们十二点下课。,Wǒmen shí'èr diǎn xià kè.
我妈妈在医院工作。,Wǒ māma zài yīyuàn gōngzuò.
在地形条件复杂的地区修筑一条长距离的铁路，不仅需攻克技术难题，而且投资巨大、耗时耗力，是何等地不容易啊！,"Zài dìxíng tiáojiàn fùzá de dìqū xiūzhù yì tiáo cháng jùlí de tiělù, bùjǐn xū gōngkè jìshù nántí, érqiě tóuzī jùdà, hàoshí hàolì, shì héděng de bù róngyì a!"
在智慧课堂中，李老师通过平板电脑向学生发布任务，根据平台精准反馈的学情即时进行教学调整。,"Zài zhìhuì kètáng zhōng, Lǐ lǎoshī tōngguò píngbǎn diànnǎo xiàng xuésheng fābù rènwu, gēnjù píngtái jīngzhǔn fǎnkuì de xuéqíng jíshí jìnxíng jiàoxué tiáozhěng."
按说，以方平的能力完全可以在大城市里立足，可他为了方便照顾父母，毅然选择回乡工作。,"Ànshuō, yǐ Fāng Píng de nénglì wánquán kěyǐ zài dà chéngshì lǐ lìzú, kě tā wèile fāngbiàn zhàogù fùmǔ, yìrán xuǎnzé huí xiāng gōngzuò."
年轻人的私事，按说我不该多问，可是既然影响到了工作，我就不能不问一问了。,"Niánqīngrén de sīshì, ànshuō wǒ bù gāi duō wèn, kěshì jìrán yǐngxiǎng dàole gōngzuò, wǒ jiù bùnéng bú wèn yi wèn le."
养护工人对园内种植的一草一木百般呵护，定时浇水、悉心修剪。,"Yǎnghù gōngrén duì yuán nèi zhòngzhí de yìcǎo-yímù bǎibān hēhù, dìngshí jiāoshuǐ, xīxīn xiūjiǎn."
夏季是害虫大肆为害的时节，为保障群众身心健康，服务团队对重点区域进行了全方位的科学消杀。,"Xiàjì shì hàichóng dàsì wéihài de shíjié, wèi bǎozhàng qúnzhòng shēnxīn jiànkāng, fúwù tuánduì duì zhòngdiǎn qūyù jìnxíngle quánfāngwèi de kēxué xiāoshā."
高速公路上一辆大货车轮胎起火亟需救援，高速交警接警后，火速派附近警力和119消防车前往现场救援。,"Gāosù gōnglù shàng yí liàng dà huòchē lúntāi qǐhuǒ jíxū jiùyuán, gāosù jiāojǐng jiējǐng hòu, huǒsù pài fùjìn jǐnglì hé yāo yāo jiǔ xiāofángchē qiánwǎng xiànchǎng jiùyuán."
文学上的分类只反映文学作品的特点而非价值的高低，通俗小说不见得不高雅，不见得不严肃，而那些所谓的非通俗小说，也并非都是精品。,"Wénxué shàng de fēnlèi zhǐ fǎnyìng wénxué zuòpǐn de tèdiǎn ér fēi jiàzhí de gāodī, tōngsú xiǎoshuō bújiàndé bù gāoyǎ, bújiàndé bù yánsù, ér nàxiē suǒwèi de fēi tōngsú xiǎoshuō, yě bìngfēi dōu shì jīngpǐn."
平坦宽阔的水泥路，稳重气派的小洋房，四周群山环绕，溪水潺潺。这哪里还是一个贫穷落后的小村庄，分明是一个世外桃源！,"Píngtǎn kuānkuò de shuǐnílù, wěnzhòng qìpài de xiǎo yángfáng, sìzhōu qúnshān huánrào, xīshuǐ chánchán. Zhè nǎlǐ hái shì yí ge pínqióng luòhòu de xiǎo cūnzhuāng, fēnmíng shì yí ge shìwàitáoyuán!"
