chinese,english
小高去哪儿了？,Where has Xiao Gao gone?
今天我们学习第一课。,Today we're going to study Lesson 1.
同学们，你们好！,"Hello, everyone!"
学校里边有超市。,There is a supermarket on the school premises.
外边正在下雨呢。,It's raining outside.
电影院在医院的后边。,The cinema is behind the hospital.
桌子上有几本书？,How many books are there on the table?
书店里的人很多。,There were a lot of people in the bookshop.
他们都在国外。,They are all abroad.
我会说中文。,I speak Chinese.
他不会开车。,He can't drive.
你明天能不能去？,Can you go tomorrow?
她生病了，不能来上课。,She is ill and cannot come to class.
我想买一些水果。,I'd like to buy some fruit.
你想喝茶吗？,Would you like some tea?
他们要去书店。,They're going to the bookshop.
我要学习汉语。,I want to learn Chinese.
这儿不可以吃东西。,You're not allowed to eat here.
我可以问一个问题吗？,May I ask a question?
他去医院看病了。,He went to the hospital for a check-up.
我想睡一觉，休息一下（儿）。,I'd like to have a sleep and get some rest.
上课不要说话。,Please do not talk during lessons.
今天我上中文课。,I'm having a Chinese lesson today.
我下了课要去食堂。,I'm going to the canteen after class.
下了班你做什么？,What do you do after work?
她昨天生病了。,She was ill yesterday.
你弟弟多大？,How old is your brother?
这件衣服多少钱？,How much does this top cost?
现在几点？,What time is it?
她是哪国人？,What nationality is she?
你去哪儿？,Where are you going?
你住在哪里？,Where do you live?
哪些是汉语书？,Which books are in Chinese?
那是什么？,What's that?
那个人是谁？,Who is that person?
你怎么去学校？,How do you get to school?
明天天气怎么样？,What's the weather going to be like tomorrow?
我是学生。,I am a student.
你是哪国人？,What nationality are you?
老师，您好！,"Hello, teacher!"
他会开车吗？,Can he drive?
她是不是老师？,Is she a teacher?
我们都是大学生。,We are all university students.
你们是学生吗？,Are you students?
他们去哪儿了？,Where have they gone?
她们都是我的朋友。,They're all my friends.
你看，它正在吃饭呢。,"Look, it's having a meal."
这些小狗真漂亮，它们叫什么名字？,These puppies are really lovely. What are their names?
大家都喜欢学习汉语。,Everyone enjoys learning Chinese.
这是谁的书？,Whose book is this?
那个手机多少钱？,How much does that mobile cost?
我在这儿学习中文。,I'm learning Chinese here.
那儿有一家书店。,There's a bookshop there.
这里是我的家。,This is my home.
那里有一家饭店。,There's a restaurant there.
这些是老师的书。,These are the teacher's books.
我不认识那些人。,I don't know those people.
到了饭店，大家有的想吃米饭，有的想吃面条。,"When we arrived at the restaurant, some of us fancied rice, whilst others fancied noodles."
这个杯子多少钱？,How much is this cup?
她在那个房间。,She's in that room.
有些学生不在学校住。,Some students do not live at school.
一个、两百、五十八、一百零六、两千三百五十、九点半、半个小时,"One, two hundred, fifty-eight, one hundred and six, two thousand three hundred and fifty, half past nine, half an hour"
这本书是中文书。,This book is in Chinese.
我吃了两个包子。,I ate two buns.
前边有一家书店。,There's a bookshop up ahead.
你家有几口人？,How many people are there in your family?
我有十块钱。,I have ten yuan.
这只小猫真漂亮。,That kitten is really lovely.
这件衣服三百元。,This item of clothing costs 300 yuan.
喝杯茶吧。,Why don't you have a cup of tea?
今天几月几日（号）？,What is the date today (the day of the month)?
她今年几岁？,How old is she this year?
现在八点二十分。,It is now 8.20.
一年有十二个月。,There are twelve months in a year.
你一天学习几个汉字？,How many Chinese characters do you learn each day?
我非常喜欢学中文。,I really enjoy learning Chinese.
这里的水果很便宜。,Fruit is very cheap here.
房间里太热了。,It's too hot in the room.
这儿的菜真好吃。,The food here is really delicious.
今天天气有点儿冷。,It's a bit chilly today.
我们都学习汉语。,We are all learning Chinese.
他们都是中国学生。,They are all Chinese students.
他们在做什么？,What are they doing?
学生们正在上课。,The pupils are in class.
我想再买一本。,I'd like to buy another copy.
我再问一个问题，可以吗？,May I ask one more question?
我想吃面条儿，还想吃包子。,"I fancy some noodles, and I fancy some buns as well."
我有两个姐姐，还有一个哥哥。,I have two older sisters and one older brother.
他是学生，我也是学生。,"He's a student, and so am I."
我学习汉语，我弟弟也学习汉语。,"I'm learning Chinese, and my younger brother is learning Chinese too."
她不是老师。,She isn't a teacher.
我没看电视。,I didn't watch the telly.
她去超市了，我没有去。,She went to the supermarket; I didn't go.
请大家不要说话。,"Please, everyone, be quiet."
我想在中国工作。,I would like to work in China.
你在哪儿学习中文？,Where are you learning Chinese?
我没和她一起去超市。,I didn't go to the supermarket with her.
我对老师说“谢谢”。,I said ‘thank you' to the teacher.
我和姐姐都喜欢唱歌。,My sister and I both like singing.
今天和明天都下雨。,It's raining today and tomorrow.
这是你的手机吗？,Is this your mobile phone?
她是我的好朋友。,She is my good friend.
今天我们学了十个汉字。,Today we learnt ten Chinese characters.
我买了一些苹果。,I bought some apples.
我们走吧。,Let's go.
八点了，起床吧。,It's eight o'clock. Time to get up.
她病了，在家休息呢。,She's off sick and resting at home.
他是中国人吗？,Is he Chinese?
这个电影好看吗？,Is this film any good?
她正在学习呢1。,She's studying right now1.
我是中国人，你呢2？,I'm Chinese. What about you?
A：你的手机呢3？,"A: Where's your mobile, 3?"
B：我的手机在房间里。,B: My mobile's in my room.
喂，请问，李老师在吗？,"Hello, excuse me, is Mr Li there?"
喂，你去哪儿？,"Hey, where are you off to?"
哥哥姐姐、今天和明天、有没有,"Big Brother and Big Sister, Today and Tomorrow, Is There Any?"
好朋友、我的书包、很喜欢,"Good friends, my schoolbag, I really like it"
买东西、回学校、去公司,"Going shopping, returning to university, going to work"
我们学习、孩子高兴、房间很大,"We're studying, the children are happy, and the room is very spacious"
一杯、两个,"One cup, two"
在学校（学习）、对老师（说）、和朋友（说汉语）,"At school (studying), with teachers (speaking), and with friends (speaking Chinese)"
桌子上、饭店里、椅子下边,"On the table, in the restaurant, under the chair"
电影很好看。,The film was brilliant.
她是老师。,She is a teacher.
这本书多少钱？,How much does this book cost?
明天星期三。,Tomorrow is Wednesday.
那个饭店怎么样？,What's that restaurant like?
我今年十二，我哥哥十五。,"I'm twelve this year, and my brother is fifteen."
这本书二十八块。,This book costs twenty-eight yuan.
老师来了。,The teacher has arrived.
哥哥去学校了。,My brother has gone to school.
我的房间不大。,My room isn't very big.
这个菜很好吃。,This dish is delicious.
我喝茶。,I'm having a cup of tea.
明天我去找你。,I'll come and see you tomorrow.
我吃了二十个饺子。,I ate twenty dumplings.
她不会唱中文歌。,She can't sing Chinese songs.
我的中文老师是中国人。,My Chinese teacher is Chinese.
我想买便宜的手机。,I'd like to buy a cheap mobile phone.
桌子下边有一只小狗。,There is a little dog under the table.
休息一下吧。,Why don't you have a rest?
请问一下，医院在哪儿？,"Excuse me, where is the hospital?"
我想看一下那件衣服。,I'd like to have a look at that dress.
请写一下你的名字。,Please write your name.
我买了一个面包。,I bought a loaf of bread.
他今天不休息。,He isn't taking the day off today.
今天天气很热。,It's very hot today.
你女儿真漂亮！,Your daughter is really lovely!
今天星期一。,Today is Monday.
现在十二点半。,It's half past twelve now.
对不起！,I'm sorry!
下雨了。,It's raining.
她是我的朋友。,She is my friend.
我不想吃面条儿。,I don't fancy some noodles.
他是哪国人？,What nationality is he?
你想不想学中文？,Would you like to learn Chinese?
你吃没吃晚饭？,Have you had your dinner yet?
同学们都来了没有？,Have all the students arrived yet?
今天冷不冷？,Is it cold today?
您请坐。,Please take a seat.
走吧！,Let's go!
请大家不要说话！,"Please, everyone, be quiet!"
今天真冷啊！,It's really cold today!
太贵了！,That's far too expensive!
我哥哥是大学生。,My brother is a university student.
我有哥哥，没有姐姐。,"I have an older brother, but no older sister."
前边是不是电影院？,Is that a cinema up ahead?
超市后边是一家饭店。,There is a restaurant at the back of the supermarket.
学校外边有一家书店。,There is a bookshop just outside the school.
桌子上有一本中文书。,There is a Chinese book on the table.
我来中国学汉语。,I've come to China to learn Chinese.
晚上我们去电影院看电影。,We're going to the cinema to see a film this evening.
我坐飞机去上海。,I'm flying to Shanghai.
爸爸每天开车上班。,Dad drives to work every day.
老师给我一本书。,The teacher gave me a book.
我问你一个问题。,Let me ask you a question.
这是我哥哥，他学习中文。,This is my brother; he's learning Chinese.
我有一个姐姐，没有妹妹。,"I have an older sister, but no younger sister."
她今天生病了，不能上课。,She's ill today and can't attend lessons.
上午去，下午去？你说。,Shall we go in the morning or in the afternoon? It's up to you.
我喜欢唱歌，我弟弟也喜欢唱歌。,"I like singing, and my younger brother likes singing too."
这家饭店的饺子很好吃，也很便宜。,The dumplings at this restaurant are delicious and very cheap.
这个房间很大，还很漂亮。,This room is very large and very lovely.
我会说英语，还会说汉语。,I speak English and I also speak Chinese.
你学了多少个汉字？,How many Chinese characters have you learnt?
同学们在/正在上课。,The pupils are in class.
王老师在/正在打电话呢。,Mr Wang is on the phone.
我没看电视，学习呢。,I wasn't watching telly; I was studying.
这本书二十四块（钱）。,This book costs twenty-four (cash).
包子三块（钱）一个。,Baozi cost three (coins) each.
今天我们学习第六课。,Today we're studying Lesson 6.
第一本是我的书，第二本是她的书。,"The first one is my book, and the second one is hers."
2022年2月4日,4 February 2022
九月十五号、五月一日,"15 September, 1 May"
星期一、星期二、星期三、星期四、星期五、星期六、星期日/星期天,"Monday, Tuesday, Wednesday, Thursday, Friday, Saturday, Sunday"
两点、七点零五、九点二十（分）、十点半,"Two o'clock, seven past five, twenty past nine, half past ten"
我想坐在教室前面。,I'd like to sit at the front of the classroom.
你的书包里面有什么？,What's in your schoolbag?
学校后面有一家超市。,There is a supermarket behind the school.
左边那件多少钱？,How much is the one on the left?
你右边那个人是谁？,Who's that person on your right?
那本书能给我看看吗？,Could I have a look at that book?
请大家说一说自己的爱好。,Please tell us about your hobbies.
我尝了尝，觉得很好吃。,I had a taste and thought it was delicious.
喝杯茶，休息休息吧。,Have a cup of tea and take a break.
她可能回家了。,She may have gone home.
小猫可能在房间里。,The kitten might be in the room.
你能帮我一个忙吗？,Could you do me a favour?
晚上一起去游游泳，运动一下吧。,Let's go for a swim together this evening and get some exercise.
星期六的晚上，我喜欢和朋友们一起唱唱歌，跳跳舞。,"On Saturday evenings, I like to sing and dance with my friends."
有时间你可以去外面跑跑步。,"If you have time, you could go for a run outside."
他昨天为什么没来上课？,Why didn't he come to class yesterday?
你为什么想学中文？,Why do you want to learn Chinese?
下午我有事，你自己去，可以吗？,"I've got something to do this afternoon, so could you go on your own?"
他为什么学得那么好？,Why is he doing so well at school?
那样的事情经常有。,Things like that happen all the time.
这么多人，我们明天再来吧。,There are so many people here; let's come back tomorrow.
这个字这样写，对吗？,Is this the correct way to write this character?
你每天怎么去学校？,How do you get to school every day?
她高高的个子，大大的眼睛，非常漂亮。,"She is tall, with big eyes, and very pretty."
大家高高兴兴地回家了。,Everyone went home in high spirits.
两万三千、五万零八百、好多东西、好多人、二十多年、五十多人,"23,000, 50,800, lots of things, lots of people, over twenty years, more than fifty people"
一条裤子、一位老师、一间教室、一名学生,"A pair of trousers, a teacher, a classroom, a pupil"
一包衣服、一包书,"A bag of clothes, a bag of books"
去一次、看一次,"Go once, see once"
这只小狗多可爱啊！,What a cute little puppy!
这个教室好大啊！,This classroom is so big!
我最喜欢打篮球。,My favourite thing is playing basketball.
晚上我们一起吃饭吧。,Let's have dinner together tonight.
一起去看电影，怎么样？,Fancy going to the cinema together?
他还没有起床呢。,He hasn't got out of bed yet.
张老师已经下班了。,Mr Zhang has finished work.
我有时（候）去超市买东西。,I sometimes go to the supermarket to do my shopping.
下雨了，快回家吧。,It's started to rain; you'd better head home.
新年快要到了。,The New Year is just round the corner.
我出来的时候，他正睡觉呢。,"When I came out, he was asleep."
我不常坐地铁。,I don't often take the underground.
你经常上网买东西吗？,Do you often shop online?
下雨了，别出去了。,"It's raining, so don't go out."
别忘了，明天有考试。,"Don't forget, there's an exam tomorrow."
我先休息一会儿再工作。,I'll have a short rest before getting back to work.
你洗完手再吃水果。,Wash your hands before eating fruit.
因为身体不舒服，我就没去上课。,I didn't go to class because I wasn't feeling well.
他一到北京就去了长城。,"As soon as he arrived in Beijing, he went to the Great Wall."
都十二点了，快睡觉吧。,It's already midnight; you'd better go to bed.
车站就在那个饭馆旁边。,The station is right next to that restaurant.
就买这件白色的吧。,Let's just go for this white one.
外边很冷，还是多穿一点儿吧。,"It's very cold outside, so you'd better wrap up warm."
我们从八点到十二点上课。,We have lessons from 8 o'clock to 12 o'clock.
你从哪儿来？,Where are you from?
你从这儿往前走。,Go straight ahead from here.
从这儿往下看，真漂亮啊！,The view from here is absolutely stunning!
这路公交车不从学校门口过。,This bus route does not pass by the school gates.
前门没开，咱们从后门进去吧。,"The front door's locked, so let's go in through the back door."
我经常给爸爸妈妈打电话。,I often ring my mum and dad.
我给老师买了一杯咖啡。,I bought the teacher a cup of coffee.
今天比昨天热。,It's hotter today than yesterday.
我觉得红色的比黑色的好看。,I think the red one looks better than the black one.
跟我说说你的爱好吧。,Tell me about your hobbies.
我跟他见过一次。,I've met him once.
因为中国电影，我开始学习中文。,It was because of Chinese films that I started learning Chinese.
爸爸跟妈妈都不在家。,Neither Mum nor Dad are at home.
我跟哥哥都在中国上学。,My brother and I both go to school in China.
这家饭馆的菜很好吃，但/但是有点儿贵。,"The food at this restaurant is delicious, but it's a bit pricey."
你不舒服，那就别去了。,"If you're not feeling well, then don't go."
手机虽然不大，但/但是能帮我们做很多事。,"Although mobile phones aren't very big, they can help us do a lot of things."
你想喝茶还是喝咖啡？,Would you like tea or coffee?
因为我最近每天看手机，所以眼睛有点儿不舒服。,"As I've been looking at my mobile every day recently, my eyes are feeling a bit sore."
他汉语说得很好。,He speaks Chinese very well.
大家正在高兴地唱歌。,Everyone was happily singing.
你学过中文吗？,Have you ever learnt Chinese?
我没去过北京。,I've never been to Beijing.
他穿着一条黑色的裤子。,He was wearing a pair of black trousers.
教室的门开着。,The classroom door was open.
他们唱着歌，跳着舞，非常高兴。,"They were singing and dancing, and were having a wonderful time."
她怎么不在家呢？,Why isn't she at home?
明天你想去哪儿呢？,Where would you like to go tomorrow?
这是你的手机吧？,"Is this your mobile, by any chance?"
这么晚了，超市已经关门了吧？,"It's so late – I suppose the supermarket's closed by now, isn't it?"
我是去年九月来中国的。,I came to China last September.
我们是在北京认识的。,We met in Beijing.
他们是坐飞机去上海的。,They flew to Shanghai.
今天的晚饭是我做的。,I cooked dinner tonight.
你汉语说得真好啊！,Your Chinese is really excellent!
听懂、回去、跑得很快、等一下,"Understood, go back, run very fast, wait a moment"
老师的、白色的、便宜的、妈妈做的,"The teacher's, white, cheap, made by Mum"
来上课、去上海旅游、坐地铁去学校,"Attend classes, go on a trip to Shanghai, take the underground to university"
请他来、叫朋友帮忙、让妈妈洗衣服,"Invite him round, ask a friend for help, ask Mum to do the washing"
新电脑、老师的书、火车票、一个男孩、两条、这间,"A new computer, the teacher's book, a train ticket, a boy, two, this room"
写汉字、听懂、回去、经常上网、可以进去,"Write Chinese characters, understand, go home, go online frequently, be able to go in"
很累、非常忙、慢一点儿,"I'm exhausted, really busy – take it easy"
他喜欢唱歌、跳舞什么的。,"He likes singing, dancing and things like that."
足球、篮球什么的，我都喜欢。,"I like football, basketball and the like."
这些菜我都没吃过，还是你点吧。,"I've never tried any of these dishes before, so you'd better choose."
你还是去医院看看吧。,You'd better go to the hospital and get it checked out.
电影要开始了。,The film is about to start.
我们快要开学了。,The new term is about to begin.
下星期就要考试了。,The exam is next week.
都这么晚了，你怎么还不睡觉？,It's so late – why aren't you in bed yet?
都十一点了，别看电视了。,It's already 11 o'clock; stop watching telly.
水果都吃完了。,We've eaten all the fruit.
那本书我看过了。,I've read that book.
她高个子、大眼睛，很漂亮。,"She is tall, has big eyes and is very pretty."
王老师上海人，四十多岁。,Mr Wang is from Shanghai and is in his forties.
那个唱歌的女孩儿是谁？,Who is that girl singing?
这就是儿子我学习汉语的学校。,"This is the school where I, the son, am learning Chinese."
我还不知道电影开始的时间。,I don't know what time the film starts yet.
这个字你写错了。,You've written that character wrong.
老师的话你听懂了吗？,Did you understand what the teacher said?
衣服已经洗好了。,The washing is done.
我学会游泳了。,I've learnt to swim.
题太多了，我没做完。,There were too many questions; I didn't manage to finish them all.
你上来吧，我在楼上等你。,Come on up; I'll be waiting for you upstairs.
太晚了，你快回去吧。,It's getting late; you'd better head home.
飞机飞上天了。,The aeroplane took to the skies.
弟弟跑下楼了。,My little brother ran downstairs.
老师走进办公室了。,The teacher walked into the office.
他从包里拿出一本书。,He took a book out of his bag.
我们一起走回学校吧。,Let's walk back to school together.
车开过来了，大家快上车。,"The car's coming; everyone, hop in."
她在那边等着呢，咱们走过去吧。,She's waiting over there; let's go over to her.
他从书包里拿出来一本中文书。,He took a Chinese book out of his schoolbag.
妈妈从超市买回来一些水果。,Mum brought some fruit back from the supermarket.
王老师我走进教室来了。,"Mr Wang, I've just walked into the classroom."
咱们的车能开进学校去吗？,Can we drive our car into the school grounds?
你可以站起来吗？,Can you stand up?
他们怎么还没有走上来？,Why haven't they come up yet?
你在楼上等我，我给你送上去。,Wait for me upstairs; I'll bring it up to you.
他们从山上走下来了。,They came down from the mountain.
这些东西你帮我拿下去吧。,Could you take these things down for me?
大家玩儿得很高兴。,Everyone was having a great time.
他篮球打得很好。,He's very good at basketball.
我学了两年中文了。,I've been learning Chinese for two years.
我等了她一个多小时。,I waited for her for over an hour.
他们昨天看了一晚上的电视。,They watched television all evening yesterday.
坐地铁比坐公交车快一些。,Taking the underground is a bit quicker than taking the bus.
我哥哥比我大两岁。,My brother is two years older than me.
她个子很高。,She is very tall.
这件事我知道。,I'm aware of that.
是我自己去，还是你跟我一起去？,"Shall I go on my own, or are you coming with me?"
你喜欢打篮球，还是喜欢踢足球？,Do you prefer playing basketball or football?
那件衣服是新的。,That shirt is new.
这个手机是坏的，不能用。,This mobile phone is faulty and doesn't work.
王老师有三十岁吗？,Is Mr Wang thirty years old?
这些水果有一百块钱吗？,Do these fruits cost a hundred yuan?
门口站着一个人。,There was a person standing at the door.
教室里坐着十几个学生。,There were a dozen or so pupils sitting in the classroom.
姐姐比我高。,My sister is taller than me.
公交车比地铁便宜。,Buses are cheaper than the underground.
哥哥比我大两岁。,My brother is two years older than me.
咖啡比奶茶贵一点儿。,Coffee is a little more expensive than milk tea.
今天比昨天冷多了。,It's much colder today than it was yesterday.
姐姐的个子比妹妹高得多。,The older sister is much taller than her younger sister.
你有他高吗？,Are you as tall as him?
今天没有昨天（那么）冷。,It isn't (quite) as cold today as it was yesterday.
我的汉语没有你（这么）好。,My Chinese isn't (as) good as yours.
她比我说得好。,She put it better than I did.
我跑得比弟弟快。,I run faster than my younger brother.
妈妈叫我去超市买水果。,Mum asked me to go to the supermarket to buy some fruit.
我想请老师教我中文。,I'd like to ask the teacher to teach me Chinese.
老师让我们介绍一下自己的爱好。,The teacher asked us to talk about our hobbies.
爸爸送给我一个新手机。,Dad gave me a new mobile phone.
他卖给我一本中文书。,He sold me a book in Chinese.
你（是）喝茶，还是喝咖啡？,Do you prefer tea or coffee?
你（是）喜欢白色的，还是黑色的？,Do you prefer white or black?
虽然学习的时间不长，但是他汉语说得很好。,"Although he hasn't been studying for very long, his Mandarin is excellent."
学汉语虽然难，但是很有意思。,"Learning Chinese is difficult, but it's great fun."
因为机票太贵了，所以我准备坐火车去。,"As the plane tickets are too expensive, I'm planning to go by train."
因为我爸爸在中国工作，所以我来这儿学习中文。,"As my father works in China, I've come here to learn Chinese."
他一下课就去打篮球了。,He went to play basketball as soon as the lesson was over.
我一到商场就想买东西。,"As soon as I get to the shopping centre, I feel like buying something."
门开着，你进去吧。,The door's open; do come in.
别站着，快请坐。,Don't stand there; please take a seat.
他们正吃着饭呢。,They were having their meal.
教室里正上着课呢。,A lesson is currently taking place in the classroom.
我的房间在三楼。,My room is on the third floor.
你可以坐304路公交车。,You can take the No. 304 bus.
这几件衣服你帮我洗一下。,Could you wash these few items of clothing for me?
我们学校有几百名外国学生。,Our school has several hundred international students.
教室里有二十多个学生。,There are more than twenty pupils in the classroom.
那个手机五千多块钱。,"That mobile phone costs over 5,000 yuan."
我来中国已经三年多了。,I've been in China for over three years now.
王老师的儿子今年六岁多了。,Mr Wang's son is just over six years old this year.
这家饭店的经理老李是我的朋友。,"Mr Li, the manager of this restaurant, is a friend of mine."
你听说过这个画家吗？,Have you ever heard of this painter?
屋子有点儿小，可是很干净。,"The flat is a bit small, but it's very clean."
她以前是一名羽毛球运动员。,She used to be a badminton player.
我听说北方的冬天很冷。,I've heard that winters in the north are very cold.
中国的北方和南方我都去过。,I have been to both the north and the south of China.
你们两个人中间的那个人是谁？,Who is the person between the two of you?
东方人和西方人的生活习惯不太一样。,The lifestyles of people in the East and the West are somewhat different.
从这儿过去，大概需要多长时间？,How long does it take to get there from here?
医生说我感冒了，需要吃药。,The doctor said I've got a cold and need to take some medicine.
已经十一点了，你该睡觉了。,It's already 11 o'clock; you should go to bed.
你学了一天了，该休息休息了。,You've been studying all day; it's time to have a rest.
我们应该多练习说中文。,We should practise speaking Chinese more often.
我要去动物园，应该怎么坐车呢？,I'm going to the zoo. How should I get there?
你愿意帮我学习汉语吗？,Would you be willing to help me learn Chinese?
我很愿意参加这次汉语比赛。,I would very much like to take part in this Chinese language competition.
要上课了，咱们得快点儿走。,"Class is about to start, so we'd better get a move on."
我明天有考试，今天得认真复习。,"I've got an exam tomorrow, so I need to revise properly today."
我放了假就准备去旅游。,"As soon as I'm on holiday, I'm planning to go on a trip."
我们已经很长时间没见过面了。,It's been a long time since we last saw each other.
结了婚以后，你还打算工作吗？,Do you plan to carry on working after you get married?
你先去洗个澡，休息一会儿。,Why don't you have a shower first and have a rest for a while?
我打不开这瓶水，你能帮帮我吗？,I can't open this bottle of water. Could you give me a hand?
黑板上的字你看得见吗？,Can you see the writing on the blackboard?
他已经离不开这个地方了。,He has come to rely on this place.
今天的作业我可能完不成了。,I don't think I'll be able to finish today's homework.
我的中文越来越好，跟老师的帮助是分不开的。,"My Chinese is getting better and better, and this is largely thanks to my teacher's help."
怎样才能学好中文呢？,How can I learn Chinese effectively?
他是怎样一个人？,What sort of person is he?
这次旅行谁都可以参加。,Anyone is welcome to join this trip.
我最近感冒了，哪儿都没去。,"I've had a cold recently, so I haven't been anywhere."
谁感兴趣谁就去参加。,Anyone who's interested is welcome to take part.
你想吃什么就点什么吧。,Just order whatever you fancy.
我好像在哪儿见过她。,I feel as though I've seen her somewhere before.
你先吃点儿什么再走吧。,Why don't you have a bite to eat before you go?
我下周搬家，想请谁来帮帮忙。,I'm moving house next week and I'd like to ask someone to give me a hand.
咱们哪天一起去踢足球吧。,Let's go and play football together one of these days.
我不太清楚，你问问别人吧。,I'm not really sure; why don't you ask someone else?
别人能学好，我也一定能学好。,"If others can learn it well, I'm sure I can too."
咱们明天一起去动物园，怎么样？,Shall we go to the zoo together tomorrow?
要迟到了，咱们快走吧。,We're going to be late – let's get a move on.
除了北京，你还去过别的城市吗？,"Apart from Beijing, have you been to any other cities?"
我喜欢学习别的国家的语言和文化。,I enjoy learning about the languages and cultures of other countries.
其他同学都回国了，只有我还在中国。,All the other students have gone back to their home countries; I'm the only one still in China.
除了看足球比赛，你还有其他爱好吗？,"Apart from watching football matches, do you have any other hobbies?"
下雨了，记得带一把伞。,"It's raining, so do remember to take an umbrella."
我在网上买了两双鞋。,I bought two pairs of shoes online.
桌子上放着几张照片。,There were a few photographs on the table.
这里有多少种水果？,How many different types of fruit are there here?
我们的教室在四层。,Our classroom is on the fourth floor.
我想给我的爸爸妈妈写一封信。,I'd like to write a letter to my mum and dad.
请大家打开书，第五页。,Please open your books to page five.
那辆黑色的自行车是我的。,That black bicycle is mine.
我每周都有一节中文课。,I have one Chinese lesson every week.
这个城市一共有三所大学。,There are three universities in this city.
咱们坐下一班地铁走吧。,Let's take the next underground train.
请大家用这些词写一段话。,Please use these words to write a short paragraph.
爷爷家里养了十几头牛。,My grandfather keeps more than a dozen cows at his house.
这句话是什么意思？,What does this sentence mean?
苹果多少钱一斤/公斤？,How much do apples cost per jin or per kilogram?
这些一共八块五角（毛）钱。,That comes to a total of eight jiao (mao) in all.
现在八点一刻。,It is now a quarter past eight.
我哥哥身高一米八五。,My brother is 1.85 metres tall.
我要一碗面条和一碗米饭。,I'd like a bowl of noodles and a bowl of rice.
中午我在食堂吃了一盘饺子。,"At lunchtime, I had a plate of dumplings in the canteen."
他喝了一口茶，然后开始工作。,"He took a sip of tea, then set to work."
我已经说过好几回了，但他还是不记得。,"I've told him several times already, but he still can't seem to remember."
对不起，我没听懂，请再说一遍。,"I'm sorry, I didn't catch that. Could you repeat that, please?"
她跟我说了一声“谢谢”就走了。,She said ‘thank you' to me and then left.
这些苹果个个都很大。,These apples are all very large.
他画的画，张张都很漂亮。,Every single one of his paintings is beautiful.
这本书的内容比较简单，我读得很快。,"The content of this book is fairly straightforward, so I read it quite quickly."
外面太热了，屋子里还凉快一些。,It's too hot outside; it's a bit cooler indoors.
搬家以后，我们的生活更方便了。,"Since moving house, our lives have become much more convenient."
我弟弟特别喜欢看足球比赛。,My younger brother really loves watching football matches.
多穿点儿衣服，外面挺冷的。,Wrap up warm; it's quite cold outside.
孩子这么晚还没回来，妈妈心里有些着急。,"The child hadn't come home yet, so Mum was starting to worry a little."
冬天快要到了，天气越来越冷了。,"Winter is fast approaching, and the weather is getting colder and colder."
我对中国历史极有兴趣。,I am extremely interested in Chinese history.
他工作特别忙，周末极少休息。,He is extremely busy at work and rarely gets to rest at the weekend.
我就要两斤苹果，不要别的。,"I'd like two jin of apples, nothing else."
办公室里就张老师一个人。,Mr Zhang was the only person in the office.
你跟我一块儿去图书馆，好吗？,Would you like to come to the library with me?
我们经常一块儿踢足球。,We often play football together.
你们班一共有多少留学生？,How many international students are there in your class?
这些水果一共多少钱？,How much do these fruits cost in total?
我只有一个哥哥，没有弟弟妹妹。,I have only one older brother; I have no younger brothers or sisters.
她只说了自己的名字，没说别的。,She simply gave her name and said nothing else.
公园里到处都是锻炼身体的老人。,The park is full of elderly people doing exercise.
她只是笑了笑，一句话也没说。,She just smiled and didn't say a word.
他才到家，还没有吃饭呢。,He's only just got home; he hasn't had anything to eat yet.
我才搬来北京，还不太习惯这里的生活,"I've only just moved to Beijing, so I'm not quite used to life here yet."
请等一下，我马上来。,Please wait a moment; I'll be right there.
接了电话，她马上就跑出去了。,"As soon as she answered the phone, she rushed out."
你先走吧，我还有工作要做。,You go on ahead; I've still got some work to do.
我想先洗个澡，然后再写作业。,"I'd like to have a shower first, and then do my homework."
最近天气变化很快，一会儿阴，一会儿晴。,"The weather has been changing rapidly of late; one moment it's overcast, the next it's sunny."
他刚开始学汉语，说得还不太好。,"He has only just started learning Chinese, so his Chinese isn't very good yet."
报纸是早上刚送来的。,The newspapers had just been delivered that morning.
刚刚还是晴天，怎么突然下雨了？,It was sunny just a moment ago – why has it suddenly started raining?
他不在，刚刚出去。,He's not here; he's just gone out.
我一直都住在北京。,I've always lived in Beijing.
别出去了，外面一直在下雨。,Don't go out; it's been raining all this time.
一到冬天，孩子就总生病。,"As soon as winter arrives, the child is always falling ill."
上学的时候，我总是让爸爸开车送我。,"When I was at school, my dad always used to drive me there."
那个电影太有意思了，我昨天又看了一遍。,That film was so entertaining; I watched it again yesterday.
下课以后，我常常去体育馆打篮球。,"After school, I often go to the sports hall to play basketball."
孩子们高兴地一边唱歌一边跳舞。,The children were happily singing and dancing.
我想找一个工作，一边工作一边学习。,I'd like to find a job so that I can work and study at the same time.
他大概已经回家了。,He's probably gone home by now.
你们学校大概有多少留学生？,"How many international students are there at your university, roughly?"
我必须做完才能下班。,I have to finish this before I can leave work.
老师要求我们必须每天复习。,The teacher has told us that we must revise every day.
我学习中文差不多三年了。,I've been learning Chinese for nearly three years.
我跟哥哥差不多高。,I'm about the same height as my brother.
放心，我一定不会迟到。,"Don't worry, I certainly won't be late."
我明天不一定有时间。,I'm not sure I'll be free tomorrow.
她好像没有明白我的意思。,It seems she didn't quite understand what I meant.
我好像在哪里见过她。,I feel as though I've seen her somewhere before.
他几乎每天都去图书馆学习。,He goes to the library to study almost every day.
他太忙了，几乎没有时间休息。,He is so busy that he hardly has any time to rest.
我当然愿意帮助你。,Of course I'd be happy to help you.
当然没问题，欢迎你参加。,"Of course, no problem at all. You're very welcome to join us."
这个问题其实不难。,This question isn't actually that difficult.
我以为他回国了，其实他一直在中国。,"I thought he'd gone back to his home country, but in fact he's been in China all along."
经过一年多的努力，工作终于完成了。,"After more than a year's hard work, the task has finally been completed."
考试终于都结束了，我太开心了。,The exams are finally over; I'm so happy.
课文有点儿难，我读了三遍才2明白。,The text was a bit difficult; I had to read it three times before I understood it.
这些旧书才3卖了二十多块钱。,Those second-hand books only fetched a bit over twenty yuan.
她今天六点半就起床了。,She got up at half past six this morning.
这个句子不难，我听一遍就懂了。,This sentence isn't difficult; I understood it after hearing it just once.
你可以用手机买票，不必去车站，非常方便。,"You can buy tickets on your mobile phone, so there's no need to go to the station – it's very convenient."
不用担心，我们帮你一起准备。,"Don't worry, we'll help you get everything ready."
生日快乐，这是我为你做的蛋糕。,Happy birthday! Here's the cake I've made for you.
大家为这次比赛做了很多准备。,Everyone has put a great deal of effort into preparing for this competition.
如果你不能去上课，应该向老师请假。,"If you are unable to attend a lesson, you should ask your teacher for permission to be absent."
老师让我们向她学习。,The teacher told us to follow her example.
关于这个问题，我们还需要认真讨论。,We still need to discuss this matter thoroughly.
关于比赛的时间，我明天一定告诉大家。,I'll be sure to let you all know the time of the match tomorrow.
他向门口走去，好像准备离开。,"He walked towards the door, as if he were about to leave."
老师让大家看向前边。,The teacher asked everyone to look ahead.
为了身体健康，我们应该坚持锻炼。,"For the sake of our health, we should keep up with our exercise."
妈妈经常为了工作睡得很晚。,Mum often stays up late because of her work.
大家都为我的好成绩感到高兴。,Everyone was delighted with my good results.
同学们都在为下个星期的考试做准备。,The students are all preparing for next week's exam.
你把箱子放在这儿吧。,Why don't you put the box here?
我的自行车被朋友借走了。,A friend has borrowed my bike.
大家可以根据兴趣选择自己喜欢的运动。,"You can choose whichever sport you like, depending on your interests."
根据要求，我们必须参加明天的会议。,"As requested, we must attend tomorrow's meeting."
我喝茶或/或者咖啡都可以。,I'm happy with either tea or coffee.
我们可以打车或/或者坐地铁去。,We can take a taxi and/or the underground.
只有大家一起想办法，才能解决这个问题。,Only by working together to find a solution can we resolve this issue.
只要你想学，就一定能学好。,"As long as you're willing to learn, you're bound to do well."
我不但学习了中文，而且认识了很多新朋友。,"Not only have I learnt Chinese, but I've also made lots of new friends."
如果你有时间，我想请你参加我的生日晚会。,"If you've got time, I'd like to invite you to my birthday party."
她特别想来中国看看，可一直没有合适的机会。,"She's been really keen to visit China, but hasn't had the right opportunity yet."
我很早就到了机场，可是没想到飞机晚点了。,"I arrived at the airport quite early, but I didn't expect the flight to be delayed."
你先去那边买票，然后过来找我。,"Go over there and buy your ticket first, then come and find me."
你喜欢的话，就送给你吧。,"If you like it, I'll give it to you."
如果明天下雨的话，我们就不去爬山了。,"If it rains tomorrow, we won't go hiking."
首都北京、她一个人、我们学生,"Beijing, the capital; her, all on her own; us students"
漂亮极了、累坏了、看不懂、写得完,"Absolutely lovely, utterly exhausted, can't make head nor tail of it, I'll manage to finish writing it"
工作要一步一步地做。,Work should be done one step at a time.
老师一句一句地教我们读课文。,"The teacher taught us to read the text, one sentence at a time."
这件衣服不大不小，特别合适。,This top isn't too big or too small; it fits perfectly.
最近天气不冷不热，很舒服。,The weather's been neither too cold nor too hot of late; it's very pleasant.
不一会儿，张校长就来了。,It wasn't long before Headteacher Zhang arrived.
时间不一会儿就过去了。,Time flew by in no time at all.
电梯坏了，看来咱们只能走楼梯了。,"The lift's out of order, so it looks like we'll have to take the stairs."
这么晚了，看来他今天不会来了。,It's so late; it looks as though he won't be coming today.
在同事们看来，她对工作非常认真。,"In the eyes of her colleagues, she takes her work very seriously."
在我看来，坚持读书是一种很好的习惯。,"In my view, making a habit of reading is a very good habit."
听说学习中文的年轻人越来越多。,I've heard that more and more young people are learning Chinese.
我越来越习惯这里的生活了。,I'm getting more and more used to life here.
这些菜看起来都很好吃。,These dishes all look delicious.
那个新来的老师看起来很年轻。,That new teacher looks very young.
这道题看上去很难，其实很简单。,"This question looks difficult, but it's actually quite simple."
她看上去不像五十多岁的人。,She doesn't look like someone in her fifties.
一般来说，早上锻炼身体比较好。,"Generally speaking, it is better to exercise in the morning."
一般来说，学习外语需要多练习。,"Generally speaking, learning a foreign language requires plenty of practice."
我觉得这些照片照得不怎么样。,I don't think these photos are very good.
虽然考试前我复习了很长时间，但是成绩不怎么样。,"Although I spent a long time revising before the exam, my results weren't great."
除了看新闻（以外），人们还/也可以在网上看电影、买东西。,"As well as reading the news, people can also watch films and shop online."
除了北京（以外），别的城市我都没去过。,"Apart from Beijing, I haven't been to any other cities."
从那天起，我们就变成了好朋友。,"From that day on, we became good friends."
从现在起，我一定要努力学习。,"From now on, I'm determined to study hard."
对他来说，这个机会非常重要。,"For him, this opportunity is very important."
对我来说，学习汉语很有意思。,"For me, learning Chinese is great fun."
来中国以前，我一句汉语也不会说。,"Before I came to China, I couldn't speak a word of Chinese."
你说的这些地方我一个都没去过。,I haven't been to any of the places you've mentioned.
快要考试了，你怎么一点儿也不着急？,The exams are coming up soon – why aren't you the slightest bit worried?
今天天气很好，一点儿也不冷。,The weather is lovely today; it's not cold at all.
我想认识中国朋友，越多越好。,"I'd like to make friends from China – the more, the better."
医生让我多休息，休息得越多，好得越快。,"The doctor told me to get plenty of rest; the more rest I get, the quicker I'll recover."
考试以前，你一定要认真复习。,"Before the exam, you must revise thoroughly."
来到中国以后，我慢慢习惯了这里的生活。,"Since arriving in China, I have gradually got used to life here."
睡觉前别忘记吃药。,Don't forget to take your medicine before going to bed.
放学后，我要参加留学生篮球比赛。,"After school, I'm going to take part in a basketball tournament for international students."
在离开中国以前，我一定要去长城看看。,"Before I leave China, I simply must go and see the Great Wall."
难过什么啊，你的成绩不是挺好的吗？,Why are you so upset? Aren't your marks quite good?
方便什么啊，附近一个超市都没有。,What's so convenient about that? There isn't a single supermarket nearby.
八点了，该上课了。,It's eight o'clock; it's time for the lesson to start.
下周要考试，我该复习了。,"I've got an exam next week, so I'd better start revising."
在学习上，老师和同学给了我许多帮助。,"When it comes to my studies, my teachers and classmates have been a great help to me."
在父母的影响下，我从小就对中文很感兴趣。,"Thanks to my parents' influence, I have been interested in the Chinese language since I was a child."
在这次比赛中，我认识了一些新朋友。,I made some new friends at this competition.
哭没有用。,There's no point in crying.
多穿一点儿比较好。,It's best to wear a bit more.
太胖了不好，太瘦了也不好。,"It's not good to be too fat, nor is it good to be too thin."
你来也可以。,You're welcome to come along too.
身体健康最重要。,Good health is the most important thing.
我昨天新买的那条黑色的裤子你放在哪儿了？,Where did you put those black trousers I bought yesterday?
前面那个穿着蓝衬衫的短头发高个子的老人就是我的中文老师。,"That tall, short-haired elderly man in the blue shirt at the front is my Chinese teacher."
火车票你买到了没有？,Have you managed to get your train ticket yet?
老师说的话我都记住了。,I've taken note of everything the teacher said.
我的自行车让朋友骑走了。,A friend took my bike for a ride.
下班的时候，别忘了关上电脑。,"When you finish work, don't forget to switch off your computer."
我们终于想出了一个好办法。,We've finally come up with a good solution.
你想起她的名字了没有？,Have you remembered her name yet?
请在这儿写下您的电话。,Please enter your telephone number here.
饿了一天，我们终于吃上饭了。,"After going without food all day, we finally got something to eat."
儿子刚到家就玩上了电脑游戏。,"As soon as my son got home, he started playing computer games."
他们一见面就聊起来了。,They started chatting as soon as they met.
妈妈一出门，孩子就哭起来了。,"As soon as Mum went out, the child started crying."
虽然学习汉语不容易，但是我一定会坚持下去。,"Although learning Chinese isn't easy, I'm determined to stick with it."
在老师的帮助下，我一定可以学下去。,"With the teacher's help, I'm sure I'll be able to carry on with my studies."
在过去的一年里，我把每天练习汉字的习惯坚持下来了。,"Over the past year, I have managed to stick to my daily habit of practising Chinese characters."
这三天玩下来太累了，我得好好休息休息。,These last three days have been so tiring; I really need to have a proper rest.
老师说的话你听得懂吗？,Do you understand what the teacher is saying?
黑板上的字太小，我看不清楚。,The writing on the blackboard is too small; I can't make it out.
这里的环境好得很。,The surroundings here are absolutely lovely.
这儿从早到晚都有风，凉快得很。,"It's very breezy here from morning till night, and it's lovely and cool."
看见考试成绩的时候，我高兴极了。,"When I saw my exam results, I was absolutely delighted."
爬山回来，大家都累坏了。,"After coming back from the hike, everyone was absolutely knackered."
开学已经两个星期了。,It's been two weeks since the start of term.
这件事已经过去五年了。,It has been five years since that happened.
怎样才能学好汉语呢？,How can I learn Chinese effectively?
中国人是怎样过新年的？,How do the Chinese celebrate the New Year?
你不是写完作业了吗？,Haven't you finished your homework?
考试不是下个星期一吗？,Isn't the exam next Monday?
我们把桌子搬到教室外边了。,We've moved the tables outside the classroom.
我们把礼物送给老师了。,We gave the presents to our teacher.
他把那本书借给我了。,He lent me that book.
我已经把晚饭准备好了。,I've already prepared dinner.
咱们把这些桌子搬进去吧。,Let's carry these tables inside.
妈妈把衣服洗得干干净净。,Mum washed the clothes until they were spotlessly clean.
我的词典被朋友借走了。,A friend has borrowed my dictionary.
冰箱里的水果被谁吃了？,Who ate the fruit in the fridge?
桌子上的作业被拿走了。,The homework on the table was taken away.
病人已经被送到医院了。,The patient has already been taken to hospital.
老师总是笑着回答大家的问题。,The teacher always answers everyone's questions with a smile.
我喜欢听着音乐做运动。,I like to exercise whilst listening to music.
她的汉语比我更好。,Her Chinese is better than mine.
今天比昨天还冷。,It's colder today than it was yesterday.
我的爱好跟他一样。,My hobbies are the same as his.
他买的新手机跟我的一样。,The new mobile phone he bought is the same as mine.
坐地铁跟坐公交车一样方便。,Travelling by underground is just as convenient as travelling by bus.
这个房间跟那个房间一样大。,This room is the same size as that one.
这张画不比那张好看。,This painting isn't any better than that one.
我的汉语水平不比他高。,My Chinese isn't any better than his.
我比他早到十分钟。,I arrived ten minutes before him.
哥哥比弟弟多吃了三个饺子。,The older brother ate three more dumplings than his younger brother.
前边开过来一辆出租车。,A taxi came driving up from ahead.
楼上搬来了一家人。,A family has moved into the flat upstairs.
校门外走进来几个学生。,A few pupils walked in through the school gates.
树上飞走了三只小鸟。,Three little birds flew away from the tree.
他家里跑丢了一只羊。,A sheep went missing from his farm.
这个问题其实是很简单的。,This question is actually quite simple.
多写多练对学习汉字是很有帮助的。,Writing and practising as much as possible is very helpful when learning Chinese characters.
我们昨天打篮球打了一个下午。,We spent the whole afternoon playing basketball yesterday.
你今天上课上得怎么样？,How did your lessons go today?
你先去买门票，再来这里找我。,"Go and buy your ticket first, then come back here to find me."
我想先吃饭，然后回房间休息。,"I'd like to have dinner first, then go back to my room to rest."
每周末，我们或者踢足球，或者打篮球。,"Every weekend, we either play football or basketball."
春节的时候，人们或者回家过节，或者出门旅游。,"During the Spring Festival, people either return home to celebrate or go on holiday."
他一会儿进来，一会儿出去，忙得很。,He was constantly popping in and out; he was very busy.
最近的天气一会儿冷，一会儿热。,"The weather has been rather changeable of late, alternating between cold and warm."
这件衣服又便宜又好看。,This top is both cheap and stylish.
那个又高又漂亮的女孩儿是谁？,"Who is that tall, pretty girl?"
他一边工作，一边学习中文。,He works whilst learning Chinese.
我喜欢一边跑步，一边听音乐。,I like listening to music whilst I'm out for a run.
不但我学习中文，而且我的弟弟也学习中文。,"Not only am I learning Chinese, but my younger brother is learning Chinese too."
我哥哥不但会打篮球，而且打得很好。,"My brother not only plays basketball, but he's very good at it."
房间虽然不大，可是很干净。,"Although the room isn't very big, it's very clean."
虽然天气很冷，可是他还是坚持每天锻炼。,"Although it's very cold, he still makes a point of exercising every day."
如果明天不下雨，我们就去爬山。,"If it doesn't rain tomorrow, we'll go for a walk in the hills."
如果你需要帮忙，就给我打电话。,"If you need any help, just give me a call."
你有时间的话，就一起去吧。,"If you've got time, why not come along?"
你觉得满意的话，咱们就买。,"If you're happy with it, we'll buy it."
只有努力学习，才能得到好成绩。,Only by studying hard can you achieve good results.
只有多听、多说、多看，你的中文水平才能提高。,"Only by listening, speaking and reading more will your Chinese improve."
只要你坚持学习，就一定能学好。,"As long as you keep at it, you're bound to do well."
只要你同意，我们就这么决定了。,"As long as you agree, that's what we'll do."
为了考上大学，她每天努力学习。,She studies hard every day in order to get into university.
为了早点儿到家，我打算坐飞机。,"To get home earlier, I'm planning to fly."
他吃了药就好多了。,He felt much better after taking the medicine.
我打算下了课就去图书馆。,I'm planning to go to the library after class.
你大概多长时间能到？,"How long will it take you to get here, roughly?"
这些水果大概五十块钱。,These fruits cost about fifty yuan.
教室里来了七八个学生。,Seven or eight pupils came into the classroom.
从我家到学校，走路需要十五六分钟。,It takes about fifteen or sixteen minutes to walk from my house to school.
我刚学会开车，不敢开得很快。,"I've only just learnt to drive, so I don't dare drive too fast."
你敢不敢跟我比一比，谁的力气大？,Do you dare have a go at me to see who's stronger?
对于这个问题，同学们各有各的看法。,Students have their own views on this issue.
节日期间，各地举行了丰富的庆祝活动。,"During the festive period, a wide range of celebratory events were held across the country."
各位同学，请大家安静一下。,"Ladies and gentlemen, please be quiet."
欢迎各位报名参加这次运动会。,We invite everyone to sign up for this sports day.
南方各种花都开了，可是北方还比较冷。,"All sorts of flowers are in bloom in the south, but it's still quite cold in the north."
商场、超市总是通过各种方式吸引顾客。,Shopping centres and supermarkets are always finding various ways to attract customers.
你遇到任何困难都可以联系我。,Please feel free to contact me if you encounter any difficulties.
在中国，几乎任何一家商店都可以使用手机支付。,"In China, mobile payments are accepted in almost any shop."
此处不能扔垃圾，请扔到垃圾桶里。,Please do not leave rubbish here; please put it in the bin.
对于此事，你的父母有什么意见？,What do your parents think about this?
昨晚老张买了一打啤酒。,"Last night, Old Zhang bought a dozen beers."
我买了一打鸡蛋，准备做蛋糕。,I bought a dozen eggs to make a cake.
我这儿有一袋方便面，你要不要吃？,I've got a packet of instant noodles here. Fancy some?
妈妈从市场买回来好几袋水果。,Mum came home from the market with several bags of fruit.
我家院子里种着两棵苹果树。,There are two apple trees growing in my garden.
小猫爬上了路边的一棵大树。,The kitten climbed up a large tree by the roadside.
这台空调太旧了，没办法修。,This air-conditioner is far too old; it can't be repaired.
搬家时，我把家里那台冰箱卖了。,"When I moved house, I sold our fridge."
您能介绍一下这幅画吗？,Could you tell us a bit about this painting?
张老师，我想请您给我写一幅字。,"Mr Zhang, I would like to ask you to write a piece of calligraphy for me."
她拿着礼物，一脸兴奋地跑了进来。,"She ran in, holding the present, looking absolutely thrilled."
小明见到了自己喜欢的作家，满脸高兴。,Xiao Ming was over the moon when he met his favourite author.
我不知道从哪儿弄了一手油。,I don't know where I got hold of some oil.
他从小练习书法，写得一手好字。,He has been practising calligraphy since childhood and has a beautiful hand.
我从国外买回来一盒巧克力。,I brought back a box of chocolates from abroad.
老师让我们准备一盒画笔。,The teacher asked us to bring a box of coloured pencils.
我非常喜欢读书，家里有一屋子的书。,I love reading very much; I have a room full of books at home.
我有一屋子的衣服，你随便选。,I've got a house full of clothes; help yourself.
听到这个消息，一桌子的人都很开心。,"Upon hearing the news, everyone at the table was delighted."
我每次回家，父母都会准备一桌子饭菜。,"Whenever I go home, my parents always lay on a feast."
大卫参加了一场文化活动，体验了美食和音乐。,"David took part in a cultural event, where he enjoyed the food and music."
同学们都想在中国观看一场京剧演出。,The students would all like to see a Peking Opera performance in China.
周末咱们去饭馆好好吃一顿，怎么样？,How about we go out for a proper meal at a restaurant this weekend?
中秋节我们一起吃了一顿饭。,We had a meal together on the Mid-Autumn Festival.
我假期打算回一趟家，看看父母。,I'm planning to pop back home during the holidays to see my parents.
我刚才去了一趟办公室，没看见王老师。,"I popped into the office a moment ago, but I didn't see Mr Wang."
她十分激动地对我们表示感谢。,She expressed her gratitude to us with great emotion.
那位导游对游客十分热情。,That tour guide was very friendly towards the tourists.
随着互联网的发展，网上购物变得更加方便了。,"With the development of the internet, online shopping has become much more convenient."
读完这本书，他对中国历史更加感兴趣了。,"After reading this book, he became even more interested in Chinese history."
请您在这儿稍等一下，王经理马上就到。,Please wait here for a moment; Manager Wang will be with you shortly.
对于这个词，两本词典的解释稍有不同。,The definitions of this word in the two dictionaries differ slightly.
如果裙子的颜色稍微浅一点儿，那就更好了。,It would be even better if the skirt were a little lighter in colour.
你能不能把字写得稍微大一些？,Could you please write the text a bit larger?
人与人之间，尤其是父母和孩子之间，相互理解是很重要的。,"Mutual understanding is very important between people, particularly between parents and children."
刚开始，我对这里的生活很不适应，尤其不习惯吃中国菜。,"At first, I found it very difficult to adjust to life here; I particularly struggled to get used to eating Chinese food."
你听，她唱得多么好听啊！,"Listen, she sings so beautifully!"
成为母亲以后，我才明白教育孩子有多么不容易。,It was only after becoming a mother that I realised just how difficult it is to bring up children.
上一年大学，学费和生活费共需多少钱？,How much does it cost in total for tuition fees and living expenses for one year at university?
中国人习惯一家人共吃一桌菜。,It is customary for Chinese families to share a meal together at the same table.
昨天学习的生词和语法我已经全记住了。,I've already learnt all the new vocabulary and grammar we covered yesterday.
全班同学都报名参加了这次的运动会。,The whole class signed up to take part in this sports day.
光这一间教室，他就打扫了一整天。,He spent the whole day cleaning this one classroom alone.
你不能光练口语，不练汉字，这样你的中文水平很难提高。,"You cannot just practise speaking without practising Chinese characters; if you do, it will be very difficult to improve your Chinese."
这个公园平时不开，仅在周末开放。,This park is not usually open; it is only open at weekends.
他仅用一年多的时间就学完了高中所有的课程。,He completed the entire high school curriculum in just over a year.
她仅仅去过一次，就深深地爱上了那里。,"She had only been there once, but she fell deeply in love with the place."
你想学好中文，仅仅有想法是不够的，必须努力学习。,"If you want to learn Chinese well, simply having the intention is not enough; you must work hard at it."
你们两个人一起去，遇到问题至少能商量一下。,"If the two of you go together, you'll at least be able to discuss things if any problems arise."
那里的景点很多，都参观完至少要三天的时间。,There are many attractions there; it would take at least three days to see them all.
时间很紧张，但我们必须按时完成任务。,"Time is tight, but we must complete the task on schedule."
医生让我回家按时吃药，多喝热水。,"The doctor told me to go home, take my medicine on time and drink plenty of hot water."
我从来没有离开过家乡，父母不放心我一个人出国留学。,"I have never left my hometown, and my parents are worried about me going abroad to study on my own."
我常常吃饺子，可是从来不知道饺子是怎么做的。,"I often eat dumplings, but I've never known how they're made."
服务员见到我们，赶紧跑过来，热情地说“欢迎”。,"As soon as the waiter saw us, he hurried over and said a warm ‘Welcome'."
这儿的风景太漂亮了，我得赶紧拍几张照片。,The scenery here is so beautiful; I'd better take a few photos straight away.
咱们赶快往前走，大家都在前面等着呢。,Let's hurry on; everyone's waiting for us up ahead.
你现在赶快叫一辆出租车，马上出发。,Go and hail a taxi straight away and set off immediately.
到今年十月，公司的收入已超过去年。,"By October this year, the company's revenue had already exceeded last year's figure."
他的父亲已有五十多岁，两个姐姐也都已结婚了。,"His father is in his fifties, and his two older sisters are both married."
看着儿子努力学习的样子，我忽然觉得他长大了。,"Watching my son studying so hard, I suddenly realised how much he'd grown up."
忽然，我听到一个声音说“小伙子，等一等”。,"Suddenly, I heard a voice say, ‘Young man, wait a moment.'"
比赛一结束，他就将自己获奖的消息告诉了父母。,"As soon as the competition was over, he told his parents that he had won a prize."
如果孩子学到自己感兴趣的知识，他的能力将得到更好的发展。,"If a child learns about subjects that interest them, their abilities will develop more effectively."
根据计划，公司下周将要推出新产品。,"According to the plan, the company is set to launch a new product next week."
学校最近将要安排我们到南方进行调查研究。,The school is planning to send us to the south for a research trip shortly.
我从没有听说过这个消息。,I've never heard of this before.
父母总是鼓励我，从不批评我。,My parents always encouraged me and never criticised me.
我本来计划学习一年中文就回国工作，现在我想继续学下去。,"I had originally planned to study Chinese for a year and then return home to work, but now I'd like to carry on studying."
我本来以为父母会反对我留在中国，没想到他们竟然这么支持。,"I'd thought my parents would be against me staying in China, but I never expected them to be so supportive."
我们需要重新安排会议时间。,We need to reschedule the meeting.
这个问题，您能不能重新考虑一下？,Could you please give this matter some further thought?
其实，一些看起来很小的事情往往会影响人的一生。,"In fact, things that seem trivial can often have a lasting impact on a person's life."
这两个词意思差不多，如果不知道它们的区别，往往容易用错。,"These two words have similar meanings, and if you are unaware of the difference between them, it is easy to use them incorrectly."
他平时工作很忙，回家以后看看书、上上网，偶尔运动一下，就睡觉了。,"He's usually very busy at work; when he gets home, he reads a book, surfs the internet, does a bit of exercise now and then, and then goes to bed."
我们偶尔会一起出去玩儿，有时候看电影，有时候踢足球。,"We occasionally go out together; sometimes we go to the cinema, and sometimes we play football."
老师再次提醒同学们考试以前一定要认真复习。,The teacher reminded the pupils once again that they must revise thoroughly before the exam.
再次回到童年时生活的地方，我感到既熟悉又感动。,"Returning once again to the place where I grew up, I felt both a sense of familiarity and deep emotion."
他老说要跟同学们多交流，可是从来不参加班级活动。,"He's always saying he wants to socialise more with his classmates, but he never takes part in class activities."
大家的工作都很忙，你老想让别人照顾你，是不可能的。,Everyone's very busy with their work; you can't expect people to look after you all the time.
真对不起，我不是故意的，你千万别生气。,"I'm really sorry, I didn't mean to do that – please don't be angry."
他故意提高声音，好让大家都能听见。,He deliberately raised his voice so that everyone could hear him.
我想练习中文，咱们互相学习，互相帮助，怎么样？,I'd like to practise my Chinese. Shall we learn from each other and help one another?
大家都是同学，应该互相关心，互相照顾。,"We're all classmates, so we should look out for one another and look after one another."
国家之间应该相互尊重，相互交流，共同发展。,"Countries should respect one another, engage in mutual exchange and pursue common development."
随着信息技术的发展，不同语言的相互影响越来越普遍。,"With the development of information technology, mutual influence between different languages is becoming increasingly common."
有些打折的商品尽管便宜，质量却不能让人满意。,"Although some discounted items are cheap, their quality leaves much to be desired."
她长得很像她的姐姐，但两个人的性格却完全不同。,"She looks a lot like her sister, but their personalities are completely different."
你可以加一点儿糖，味道也许不错。,You could add a little sugar; it might taste quite nice.
现在不愿意花时间练习写汉字，你将来也许会后悔的。,"If you're not willing to spend time practising writing Chinese characters now, you might regret it later."
我感觉头疼，还有点儿咳嗽，恐怕是感冒了。,I've got a headache and a slight cough; I'm afraid I've caught a cold.
年底是公司最忙的时候，你想休假恐怕不行。,"The end of the year is the busiest time for the company, so I'm afraid you won't be able to take leave."
昨天那场比赛才精彩呢！,That match yesterday was absolutely brilliant!
他总是迟到，我才不相信他今天能准时来。,"He's always late, so I don't believe for a moment that he'll turn up on time today."
我就知道他肯定会答应的。,I just knew he'd say yes.
我就不信我考不上大学。,I just don't believe I won't get into university.
她并不相信我说的话。,She didn't believe what I said.
我以为考试很简单，其实并没有那么简单。,"I thought the exam would be easy, but it wasn't quite that simple."
没想到他的中文说得还真不错。,I didn't expect his Chinese to be quite so good.
老张还真厉害，这么快就把问题解决了。,Old Zhang really is brilliant—he's sorted the problem out so quickly.
他竟然在那么短的时间内完成了这么复杂的工作，太厉害了。,He actually managed to complete such a complex task in such a short space of time – that's brilliant.
昨天天气还很暖和，没想到今天竟然下雪了。,It was still quite warm yesterday; I never expected it to snow today.
他究竟是不是真的喜欢我，我还是有些怀疑。,I'm still a bit unsure whether he really likes me or not.
我很想知道汉字究竟是怎么产生的。,I'm very curious to know exactly how Chinese characters came into being.
我明天下午正好有时间，可以帮你一起搬家。,"I happen to be free tomorrow afternoon, so I can help you move house."
上个月我借了一本书，今天正好一个月了，你帮我还回去吧。,"I borrowed a book last month; it's been exactly a month today, so could you please return it for me?"
明天就是最后一天了，你到底想不想报名？,Tomorrow's the last day – are you going to sign up or not?
昨天的比赛你看了吗？他们队到底赢了没有？,Did you watch yesterday's match? Did their team actually win?
难道你不知道坐飞机需要带护照吗？,Don't you know you need to bring your passport when you fly?
你难道不认为网上购物更方便吗？,Don't you think online shopping is more convenient?
你把地址写在这儿，千万别写错了。,Please write the address here – make sure you don't get it wrong.
路上人多车也多，骑车时千万要小心。,"There are lots of people and cars on the roads, so please be very careful when cycling."
昨天晚上的京剧演出确实精彩。,Last night's Peking Opera performance was truly brilliant.
跟过去相比，这里确实发生了巨大的变化。,"Compared to the past, there have certainly been huge changes here."
电梯坏了，我们只好走楼梯上去。,"The lift was out of order, so we had to take the stairs."
因为没买到火车票，我假期只好留在学校。,"As I couldn't get a train ticket, I had no choice but to stay at university over the holidays."
出门的时候太着急，我差（一）点儿忘带手机。,I was in such a rush when I left the house that I nearly forgot my mobile.
我早上七点半才起床，差（一）点儿没迟到。,I didn't get up until half past seven this morning; I was (just) about to be late.
自1978年以来，中国发生了很大的变化。,China has undergone significant changes since 1978.
我们自北京出发，开车往南走，来到了上海。,"We set off from Beijing, drove south, and arrived in Shanghai."
当遇到困难时，先冷静地想一想。,"When you encounter difficulties, take a moment to think calmly."
当听到放假的消息时，同学们都非常高兴。,"When they heard the news that they were off school, the pupils were all delighted."
各位乘客，由北京飞往上海的航班就要起飞了。,"Ladies and gentlemen, the flight from Beijing to Shanghai is about to depart."
学校决定由下个月开始每周增加一节中文课。,The school has decided to add one extra Chinese lesson per week from next month.
随着生活水平的提高，人们对食品健康的要求越来越高。,"As living standards rise, people are placing ever greater emphasis on the healthiness of their food."
随着春天的到来，天气一天比一天暖和了。,"With the arrival of spring, the weather is getting warmer day by day."
等我写完作业，咱们一起去踢足球。,"Once I've finished my homework, let's go and play football together."
等我们赶到车站，火车已经开走了。,"By the time we got to the station, the train had already left."
离开教室时，请将垃圾带走，并将门窗关好。,"When leaving the classroom, please take your rubbish with you and ensure that the doors and windows are closed."
根据规定，禁止将食物带入图书馆。,"In accordance with the regulations, food is not permitted in the library."
这些商品的质量问题应该由工厂负责。,The factory should be held responsible for the quality issues with these goods.
我只是提供一些建议，到底怎么做由你决定。,I'm just offering some advice; it's up to you to decide what to do.
我刚才放在桌上的那些文件叫谁拿走了？,Who took those documents I'd just left on the desk?
我本来想去图书馆借书，可是学生证让我弄丢了。,"I was going to go to the library to borrow some books, but I've lost my student card."
由于上次失败的经历，她对自己失去了信心。,"Because of her previous failure, she lost confidence in herself."
由于工作的原因，我一年内搬了好几次家。,"Due to my job, I've moved house several times in the space of a year."
对于任何一种语言，文字的出现都是十分重要的。,The emergence of writing is of great importance to any language.
对于学习成绩优秀的同学，学校每年都会提供奖学金。,The school offers scholarships every year to students with excellent academic results.
你放心，我们会与你共同解决这个问题。,"Rest assured, we will work with you to resolve this issue."
这件事我没与任何人交流过。,I haven't spoken to anyone about this.
作为生活在中国的外国人，我很想了解中国人的生活习惯。,"As a foreigner living in China, I am very keen to learn about the lifestyle of the Chinese people."
作为首都，北京的发展比一般的城市更快，工作机会更多。,"As the capital, Beijing develops at a faster pace than most other cities and offers more job opportunities."
你应该按医生说的方法坚持锻炼。,You should stick to the exercise routine recommended by your doctor.
这里租房子比较方便，房租可以按月付，也可以按天付。,It's quite easy to rent a flat here; you can pay the rent either monthly or by the day.
按照北方人的习惯，过年一般要吃饺子。,"In keeping with northern Chinese tradition, it is customary to eat dumplings during the Spring Festival."
我们已经按照计划完成了全部工作。,We have completed all the work as planned.
学校同意并支持学生们的想法。,The school agrees with and supports the students' ideas.
公司讨论并通过了这项计划。,The company discussed and approved the plan.
这里的人民热情而友好。,The people here are warm and friendly.
她工作起来积极而努力。,She is enthusiastic and hard-working in her job.
学校与家庭对孩子的影响同样重要。,School and home are equally important in shaping a child's development.
课程目标是帮助学生提高阅读能力与听说能力。,"The aim of the course is to help students improve their reading, listening and speaking skills."
我每天要上两节中文课，此外一周还要参加一次文化活动。,"I have two Chinese lessons every day, and I also take part in a cultural activity once a week."
我来中国是想提高自己的汉语水平，此外还想学习中国文化。,I came to China to improve my Chinese and also to learn about Chinese culture.
冬天的时候，北方下雪比较多，而南方下雪比较少。,"In winter, it snows quite a lot in the north, whereas it snows relatively little in the south."
他们兄弟的性格完全不同，哥哥喜欢热闹，而弟弟喜欢安静。,"The brothers have completely different personalities; the elder brother likes a lively atmosphere, whilst the younger brother prefers peace and quiet."
你说得对，既然来了中国，就要学习一些中国的文化。,"You're right; now that I'm here in China, I should learn a bit about Chinese culture."
既然你决定应聘那份工作，就应该认真准备面试。,"Now that you've decided to apply for that job, you should prepare thoroughly for the interview."
活动还没开始，教室里就坐满了人，甚至还有人站在后面。,"The event hadn't even started yet, but the classroom was already full, with some people even standing at the back."
他最近工作很忙，有时候甚至连吃饭的时间都没有。,He's been very busy at work recently; sometimes he doesn't even have time to eat.
我姐姐还没有结婚，不过已经有男朋友了。,"My sister isn't married yet, but she does have a boyfriend."
那家公司的地址我也不知道，不过我可以上网帮你查查。,"I don't know the address of that company either, but I can look it up for you online."
从那天开始，我就跟着老师学习中国功夫，并且一直坚持到现在。,"From that day onwards, I began learning Chinese martial arts under my teacher's guidance, and I have kept it up ever since."
她打算在中国学习中文，并且还想申请读研究生。,She plans to study Chinese in China and would also like to apply for a postgraduate place.
我不光要学习中文，还要学习中国的历史和文化。,"I want to learn not only the Chinese language, but also Chinese history and culture."
学校周围不光环境好，交通也很方便。,"Not only is the area around the school pleasant, but it is also well served by public transport."
我弟弟不仅学习成绩好，而且性格也很好。,"My younger brother not only does well at school, but he also has a lovely personality."
骑自行车旅行不仅便宜，还能锻炼身体。,"Cycling holidays are not only inexpensive, but also a great way to keep fit."
我大学学的是广告专业，另外还有三年工作经验。,I studied advertising at university and have three years' work experience.
这些商品质量不错，另外价格也比较便宜。,These products are of good quality and are also quite reasonably priced.
要是你也觉得满意，咱们就买吧。,"If you're happy with it too, let's go ahead and buy it."
要是天气不好，明天的活动就取消。,"If the weather is bad, tomorrow's event will be cancelled."
买汽车的人越来越多，因此堵车成为了城市交通的大问题。,"With more and more people buying cars, traffic congestion has become a major problem for urban transport."
她在中国生活过，因此对中国文化有一些了解。,"She has lived in China, so she has some understanding of Chinese culture."
由于去晚了，前面没有座位了，我只好坐在最后一排。,"As I arrived late, there were no seats left at the front, so I had to sit in the back row."
由于天气原因，我们的航班被取消了。,"Due to the weather, our flight was cancelled."
我爸爸平时工作很忙，加上经常出差，有时候一周也见不到他。,"My dad is usually very busy with work, and as he's often away on business trips, there are times when I don't see him for a whole week."
景区实在太大了，加上天气这么热，走了半天，我们又累又渴。,"The scenic area was simply enormous, and with the weather being so hot, after walking for half a day, we were both tired and parched."
我会说英语、汉语、法语等很多种语言。,"I speak many languages, including English, Chinese and French."
你最好提前上网了解一下那里的天气、交通、景点等方面的信息。,"You'd be well advised to check online in advance for information on the weather, transport and places of interest there."
根据学校的规定，迟到十分钟以上者不允许参加考试。,"In accordance with the school's regulations, students who arrive more than ten minutes late will not be permitted to sit the exam."
申请参加会议者，请将您的个人信息发送到此邮箱。,"If you wish to register for the conference, please send your personal details to this email address."
其实，来中国留学一开始并不在我的计划之内。,"To be honest, studying in China wasn't part of my plans to begin with."
我希望在提高中文水平的基础之上，能够学习一些专业知识。,"I hope that, whilst improving my Chinese language skills, I will be able to acquire some specialist knowledge."
我们明天一定完成任务，您放心就是了。,"We'll definitely complete the task tomorrow, so please rest assured."
我开车去学校接你，你在门口等我就是了。,I'll drive to school to pick you up; just wait for me at the entrance.
啊，原来是这么一回事！,"Ah, so that's how it is!"
啊，这么多人排队！,"Oh, there's such a long queue!"
A：八点出发来得及吗？,A: Will we have time if we set off at eight o'clock?
B：嗯，应该来得及。,"B: Hmm, I reckon we'll make it in time."
奶奶把一小盒巧克力装进了孙子的书包里。,Grandma put a small box of chocolates into her grandson's schoolbag.
回国前，我给父母买了两大包中国茶作为礼物。,"Before returning home, I bought two large bags of Chinese tea as a present for my parents."
她说话的声音不大，但是一字一句说得很清楚。,"She didn't speak very loudly, but she enunciated every word clearly."
这会儿路上堵车，一来一回至少需要两个小时。,"There's a traffic jam on the road at the moment, so it'll take at least two hours there and back."
我无儿无女，一人吃饱全家不饿。,"I have no children, so if I'm fed, the whole family is fed."
母亲无日无夜地照顾着生病的孩子。,The mother cared for her sick child day and night.
下课了，同学们有说有笑地走出了教室。,"The lesson was over, and the pupils filed out of the classroom, chatting and laughing."
这部作品的每个人物都写得有血有肉。,Every character in this work is portrayed in a vivid and lifelike manner.
我这两天很忙，没来得及考虑这个问题。,"I've been very busy these past couple of days, so I haven't had a chance to think about this."
我想参加明天的比赛，现在报名来得及吗？,I'd like to take part in tomorrow's competition. Is it still in time to register now?
我发现这个问题时已经太晚了，来不及做出任何改变。,"By the time I realised there was a problem, it was already too late to make any changes."
飞机就要起飞了，你得快一点儿，否则就来不及了。,"The plane is about to take off; you'd better hurry, otherwise you'll miss it."
一次失败并不可怕，以后有的是机会。,One failure is nothing to worry about; there will be plenty of other opportunities in the future.
这种水果我的家乡有的是。,There's plenty of this fruit in my hometown.
客人来不来还说不定。,It's still not certain whether the guests will come or not.
说不定路上堵车，再等一会儿吧。,"There might be traffic on the way, so let's wait a bit longer."
她从来都不怎么关心别人的看法。,She has never really cared much about what other people think.
从检查结果来看，他受的伤不怎么严重。,"Judging by the results of the examination, his injuries are not particularly serious."
他们没有直接拒绝你，而是让你回来等消息，就是说，你还有机会，千万不要放弃。,"They didn't turn you down outright; instead, they asked you to come back and wait to hear from them. This means you still have a chance, so please don't give up."
他总是为自己的错误找各种原因，这就是说，他是一个不愿意负责任的人。,"He is always making all sorts of excuses for his mistakes, which means he is someone who is unwilling to take responsibility."
他的表演一次比一次精彩。,His performances are getting better and better.
最近天气一天比一天暖和。,The weather has been getting warmer day by day recently.
在教育孩子方面，张老师有丰富的经验。,Mr Zhang has a wealth of experience in educating children.
在生活方面，他还不太习惯。,He's still not quite used to life here.
这个房间真够大的，估计能住七八个人。,This room is really quite spacious; I reckon it could sleep seven or eight people.
你男朋友真够浪漫的，每天都给你送一枝花。,Your boyfriend is really romantic – he brings you a single flower every day.
中国各地的生活习惯各不相同，拿吃饭来说，南方人一般喜欢吃米饭，而北方人爱吃面条、馒头等面食。,"Lifestyles vary across China. Take eating habits, for example: people in the south generally prefer rice, whilst those in the north favour noodles, steamed buns and other wheat-based foods."
科技改变了人类的生活，拿交通来说，高铁的出现使人们的日常出行更快、更方便了。,"Technology has transformed people's lives. Take transport, for example: the advent of high-speed rail has made people's daily journeys faster and more convenient."
我保证今后再也不迟到了。,I promise I won't be late again in future.
大学毕业以后，我再也没见过他。,I haven't seen him since I graduated from university.
他们跑了好几家医院，怎么也没查出孩子生病的原因。,"They visited several hospitals, but they simply couldn't find out what was wrong with their child."
尽管每天细心照顾，可阳台上的花怎么都不开。,"Despite tending to them carefully every day, the flowers on the balcony simply won't bloom."
为了梦想而努力的人值得我们学习。,People who strive to achieve their dreams are an inspiration to us all.
我们减少使用塑料袋，是为了保护环境而改变习惯。,We are reducing our use of plastic bags as a way of changing our habits to protect the environment.
虽然日子过得很难，但也不能过一天是一天。,"Although life is tough, we can't just take each day as it comes."
要学的内容实在太多了，学一点儿是一点儿吧。,There's simply so much to learn; I'll just take it bit by bit.
想好了就直接做，有什么好害怕的。,"Once you've made up your mind, just go for it – what's there to be afraid of?"
只是一次考试没考好，没有什么好难过的。,It's just one exam you didn't do well in; there's no need to feel down about it.
他是他，我是我，我们的意见不一样。,"He is him, I am me; we have different opinions."
工作是工作，家庭是家庭，不要用工作的方式解决家里的问题。,"Work is work, and family is family; don't use work methods to solve problems at home."
这场会议很重要，你去也得去，不去也得去。,"This meeting is very important; you have to go, whether you want to or not."
结果改变不了了，你接受也得接受，不接受也得接受。,The outcome can't be changed; you'll have to accept it whether you like it or not.
别浪费时间了，有什么想法说就是了。,"Don't waste any time – if you've got any ideas, just say so."
你不要生气，下次別答应他就是了。,Don't get angry; just don't agree to it next time.
还国际公司呢，服务质量这么差。,"And to call themselves an international company, with service of such poor quality."
还中文专业的呢，中文说得还不如我。,And to think he's a Chinese language student – his Chinese isn't even as good as mine.
我不饿，你吃你的吧，不用等我。,I'm not hungry; you go ahead and eat—don't wait for me.
没有什么重要的事，你忙你的吧。,It's nothing important; just carry on with what you're doing.
老师让你多练你就多练，肯定没坏处。,"If your teacher tells you to practise more, then practise more—it certainly can't do any harm."
叫你拿着你就拿着，不用跟我客气。,"If I tell you to take it, just take it – no need to stand on ceremony."
他受伤了，我说什么也得去看看他。,"He's been injured, so I simply have to go and see him."
快要迟到了，说什么也得走了。,"I'm about to be late, so I've got to go, no matter what."
这么有用的技术，我怎么（着）也得学。,A technique this useful—I simply must learn it.
买就买（点儿）吧，也不太贵。,"Let's just buy a few, then—it's not that expensive."
慢就慢（点儿）吧，能做完就行。,"It'll take a bit longer, but as long as it gets done, that's fine."
我们讨论是讨论了，可是大家各有各的想法。,"We did have a discussion, but everyone had their own views."
留学生活累是累，不过我们学到了很多知识。,"Life as an international student is certainly tiring, but we've learnt a great deal."
面试的时候，我心里紧张死了。,I was absolutely terrified during the interview.
不知道从哪儿来的声音，吵死了。,"I don't know where that noise is coming from, but it's absolutely deafening."
吃完冰激凌，我突然牙疼得厉害。,"After eating the ice cream, I suddenly had a terrible toothache."
我们这儿有个同学病得很厉害，请你们赶快来看看。,One of our classmates here is very ill; please come and have a look at them straight away.
你点了这么多菜，咱们两个人吃得了吗？,You've ordered so much food – will there be enough for the two of us?
我帮你一起做，下班之前肯定完成得了。,I'll help you with it; we'll definitely get it done before the end of the working day.
行李太重了，我一个人拿不了。,The luggage is too heavy; I can't carry it on my own.
明天的比赛他参加不了。,He won't be able to take part in tomorrow's match.
作为学生，难道学习不是最重要的事情吗？,"As a student, isn't studying the most important thing?"
工作出了问题，你难道不应该负责吗？,"If something goes wrong at work, shouldn't you take responsibility?"
这么有名的作家，谁不认识他？,He's such a famous writer – who doesn't know him?
他去哪儿从来不说，我怎么会知道呢？,"He never tells me where he's going, so how am I supposed to know?"
事情这么多，我哪儿有时间出去旅游啊？,"With so much going on, when on earth would I find the time to go on holiday?"
你再把那件衣服洗一洗。,Please wash that item of clothing again.
你把窗户擦一擦，我把地板扫一扫,"You wipe the windows, and I'll sweep the floor."
他把钱算了算，又取了一点儿出来。,He counted the money and took a little more out.
我把银行卡密码忘了。,I've forgotten my bank card PIN.
他把新买的手机丢了。,He lost his new mobile phone.
因为不收拾房间，妈妈把他批评了一顿。,His mum gave him a telling-off for not tidying his room.
同学们把课文读了两遍。,The pupils read the text twice.
他把这个问题认真地考虑了好几天。,He gave the matter serious thought for several days.
你别把垃圾往地上扔。,Please don't throw rubbish on the ground.
请大家把说明书认真读一读。,Please do read the instructions carefully.
我的自行车让朋友借去了。,I've lent my bike to a friend.
相机叫谁拿走了？,Who took the camera?
老师表扬我取得了好成绩。,My teacher praised me for my good results.
警察表扬那个小伙子帮助了别人。,The police commended the young man for helping others.
妈妈总是批评我不收拾房间。,Mum is always telling me off for not tidying my room.
经理批评我没带会议资料。,The manager criticised me for not bringing the meeting documents.
同学们选我做小组长。,My classmates elected me as group leader.
大家想选他当队长。,Everyone wants to elect him as captain.
张教授同意收我为学生。,Professor Zhang agreed to take me on as a student.
这件事使我改变了对她的印象。,This incident changed my impression of her.
那些美好的回忆让我永远难忘。,Those wonderful memories will stay with me forever.
现在堵车，打车不如坐地铁快。,"There's a traffic jam at the moment, so taking a taxi isn't as quick as taking the underground."
我觉得玩游戏不如看小说有意思。,I think reading novels is more interesting than playing games.
跟线下购物相比，上网买东西更符合年轻人的习惯。,"Compared with shopping in-store, online shopping is more in line with young people's habits."
跟其他公司相比，我们的产品不但便宜，而且服务也好。,"Compared with other companies, our products are not only cheaper but our service is also excellent."
没有学生不喜欢放假。,There isn't a single pupil who doesn't like the holidays.
这么重要的内容老师不可能没讲过。,The teacher couldn't possibly have left out such important material.
他不是不想帮忙，而是确实没时间。,It's not that he doesn't want to help; it's just that he really doesn't have the time.
我不是不爱喝咖啡，而是担心晚上睡不着。,It's not that I don't like coffee; it's just that I'm worried I won't be able to sleep at night.
这个牌子的奶茶既好喝，又健康。,This brand's bubble tea is both delicious and healthy.
我每天骑自行车上学，这样既能锻炼身体，也对环境保护有帮助。,I cycle to school every day; this not only keeps me fit but also helps protect the environment.
参加文化活动一方面可以增长知识，另一方面可以认识新的朋友。,Taking part in cultural activities not only broadens one's knowledge but also provides an opportunity to make new friends.
想要解决大城市堵车的问题，一方面要提高公共交通服务质量，另一方面要让人们养成绿色出行的习惯。,"To tackle the problem of traffic congestion in major cities, we need, on the one hand, to improve the quality of public transport services and, on the other, to encourage people to adopt eco-friendly travel habits."
选择职业的时候，应该首先了解自己的性格、能力，其次再考虑工资、收入等方面的问题。,"When choosing a career, you should first understand your own personality and abilities, and only then consider matters such as salary and income."
我学汉语首先是因为对中国文化感兴趣，其次是为了获得更多的工作机会。,"I am learning Chinese, firstly because I am interested in Chinese culture, and secondly to gain more job opportunities."
首先要找到一个合适的目标，然后坚持学习，这样才能学好中文。,"First, you need to set yourself a suitable goal, and then keep at it; that's the only way to learn Chinese properly."
校长首先对同学们表示欢迎，然后介绍了学校的一些基本情况。,"The headteacher began by welcoming the pupils, and then provided an overview of the school."
人们喜欢一边喝咖啡，一边聊天儿，于是城市里的咖啡馆越来越多。,"People enjoy having a chat whilst drinking coffee, so there are more and more cafés in the city."
大家不断地鼓励我，于是我决定报名参加这个比赛。,"Everyone kept encouraging me, so I decided to enter this competition."
为了锻炼身体，我一有空就去健身房，甚至专门请了一个健身教练。,"To keep fit, I go to the gym whenever I have a spare moment; I've even hired a personal trainer."
收到大学的入学通知，我高兴极了，甚至觉得自己是世界上最幸福的人。,"When I received my university offer, I was absolutely delighted; I even felt as though I was the happiest person in the world."
我们学习生词，不仅要理解词语的意思，而且应该知道怎么使用。,"When we learn new words, we should not only understand their meanings, but also know how to use them."
这里不光有美丽的风景，还有各种少见的动物、植物。,"Not only does this place boast beautiful scenery, but it is also home to a wide variety of rare animals and plants."
经过四年的努力，他终于顺利毕业，并且有了一家自己的公司。,"After four years of hard work, he finally graduated successfully and now has his own company."
随着经济的发展，人们的生活水平提高了，并且对健康和生活质量的要求也越来越高。,"With economic development, people's standard of living has improved, and their expectations regarding health and quality of life have also risen."
我有时候连老师说的话也听不懂，听广播就更难了。,"Sometimes I can't even understand what the teacher is saying, let alone the radio."
受伤以后，他连走路都困难，踢足球更不可能了。,"After his injury, he found it difficult even to walk, let alone play football."
毕业以后，同学们不是留在中国继续学习，就是回国工作。,"After graduation, the students either stayed in China to continue their studies or returned to their home countries to work."
周末他不是在游泳馆游泳，就是在篮球场打篮球。,"At the weekend, he's either swimming at the swimming pool or playing basketball on the court."
尽管收入不高，但是我对这份工作很满意。,"Although the pay isn't great, I'm very happy with this job."
尽管已经很晚了，可是她仍然在学习。,"Although it was already late, she was still studying."
我知道那部电影很有意思，然而太忙了，一直没时间看。,"I know that film is really interesting, but I've been so busy that I haven't had time to watch it yet."
她以为能轻松通过考试，然而成绩却不太好。,"She thought she would pass the exam with ease, but her results weren't very good."
我很想参加你的生日晚会，不过我明天有考试，得好好复习。,"I'd really love to come to your birthday party, but I've got an exam tomorrow, so I need to study hard."
他只学了三个月中文，不过已经说得不错了。,"He's only been learning Chinese for three months, but he's already quite good at it."
这些衣服便宜是便宜，就是感觉质量不太好。,"These clothes are cheap, yes, but they don't feel very good quality."
小张这个人聪明是聪明，不过有时候比较懒。,"Zhang is certainly clever, but he can be a bit lazy at times."
你下了飞机记得给妈妈打个电话，否则她会一直担心你。,"Remember to ring Mum as soon as you get off the plane, otherwise she'll be worried sick about you."
课后一定要经常复习，否则很快就会忘记。,"You must revise regularly after class, otherwise you will forget it very quickly."
你要是想取得成功，就必须坚持到底。,"If you want to succeed, you must see it through to the end."
要是人人都能节约用水，地球的环境就能得到更好的保护。,"If everyone were to conserve water, the Earth's environment would be better protected."
要是你打算假期去旅游，就提前上网订票，否则到时候就买不到了。,"If you're planning to go on holiday, book your tickets online in advance, otherwise you won't be able to get any when the time comes."
要是你不常穿，最好就不要买，否则买了也是浪费。,"If you don't wear it very often, it's best not to buy it; otherwise, it'll just be a waste of money."
不管在什么地方，说话、办事都要有礼貌。,"Wherever you are, you should always be polite in your speech and conduct."
不管别人怎么说，我也不会改变主意。,"No matter what anyone says, I won't change my mind."
无论在多么紧张的情况下，他都表现得非常冷静。,"No matter how tense the situation, he always remained very calm."
无论遇到多大的困难，我们也不应该随便放弃。,"No matter how great the difficulties we face, we should never give up without good reason."
既然你这么喜欢小孩儿，毕业以后就当老师吧。,"Since you're so fond of children, why not become a teacher after you graduate?"
既然来了，就进屋喝杯茶吧。,"Now that you're here, why not come in for a cup of tea?"
由于您没带护照，因此不能办理银行卡。,"As you have not brought your passport with you, you cannot apply for a bank card."
我对京剧很感兴趣，因此报名参加了这次活动。,"I am very interested in Peking Opera, which is why I signed up for this event."
我每天都给父母打电话，好让他们放心。,I ring my parents every day to put their minds at ease.
我们应该多鼓励他，好让他有信心。,We should give him more encouragement to boost his confidence.
你即使干到明天早上，恐怕也干不完。,"Even if you carried on working until tomorrow morning, I'm afraid you wouldn't finish it."
即使工作再忙，也要常回家看看父母。,"No matter how busy you are at work, you should make a point of visiting your parents from time to time."
我今天晚上就是不睡觉，也必须解决这个问题。,I'm not going to sleep tonight; I simply must sort this out.
你就是不同意，我也不会改变自己的决定。,"Even if you disagree, I won't change my mind."
你着急你先走吧。,"If you're in a hurry, you go on ahead."
站得高看得远。,"The higher you stand, the further you can see."
他同意我不同意。,He agreed that I disagreed.
今晚我不睡觉也要把作业写完。,"I'll finish my homework tonight, even if it means staying up all night."
你不喜欢做也得做。,You'll have to do it even if you don't like it.
我们的宿舍楼有三百来间房。,Our hall of residence has around three hundred rooms.
书架上放着一百来本书。,There are about a hundred books on the bookshelf.
这条大鱼估计有十来斤重。,This big fish probably weighs about ten jin.
客人大约下午两点到公司参观。,The visitors are due to arrive at the company for a tour at around 2.00 pm.
我的中文老师四十岁左右。,My Chinese teacher is around forty years old.
春节前后，很多商场有打折活动。,"Around the time of the Spring Festival, many shopping centres run sales."
零点五、三分之一、百分之二十、两倍,"0.5, one-third, 20 per cent, twice"
老师听写了二十个汉字，每个汉字零点五分，一共十分。,"The teacher set a dictation of twenty Chinese characters, worth 0.5 marks each, totalling 10 marks."
我们班有三分之一的同学没去过长城。,A third of the pupils in our class have never been to the Great Wall.
跟去年相比，今年游客的数量减少了百分之二十。,"Compared with last year, the number of visitors this year has fallen by twenty per cent."
我的收入比去年提高了两倍。,My income has tripled compared with last year.
那块石头上刻着一些汉字。,There were some Chinese characters carved into that stone.
那本书里头是不是有一封信？,Is there a letter in that book?
在日常交流中，我们应该尊重彼此。,"In our day-to-day interactions, we should respect one another."
他们已经认识很久了，对彼此的习惯非常了解。,They have known each other for a long time and are very familiar with each other's habits.
这里的夏天异常炎热，年年如此。,Summers here are exceptionally hot; it's the same every year.
很多人都没有想到乡村的变化如此巨大。,Many people did not realise that the changes in the countryside had been so dramatic.
本规定自明日起正式实施。,These regulations shall come into force tomorrow.
本次列车开往北京西站。,This train is bound for Beijing West Station.
这册历史书讲述了古代中国的发展过程。,This history book recounts the development of ancient China.
第一次见面时他送给了我一朵玫瑰花。,"When we first met, he gave me a rose."
这届会议讨论了许多重要的话题。,A number of important topics were discussed at this conference.
城市夜晚的天空中几乎看不到几颗星星。,There are hardly any stars visible in the city sky at night.
那匹马跑得特别快，赢得了这次比赛。,That horse ran exceptionally fast and won the race.
她在表格的最后一行写上了自己的名字。,She wrote her name on the last line of the form.
那架飞机在空中飞行了很久，最终安全降落。,The aeroplane was in the air for quite a long time before finally landing safely.
一群可爱的孩子正在舞台上表演节目。,A group of adorable children are performing on stage.
这支队伍非常优秀，连续几年都获得了冠军。,This team is exceptionally good and has won the championship for several years running.
他一不小心把一根筷子掉在了地上。,He accidentally dropped one of his chopsticks on the floor.
王经理正在培训这批新员工。,Manager Wang is currently training this group of new staff.
为了表示对朋友的欢迎，他特意买了一束花。,"To welcome his friend, he went out of his way to buy a bouquet of flowers."
选来选去还是这副手套戴着最舒服。,"After trying out a few different pairs, I've found that these gloves are still the most comfortable to wear."
别看书了，打开电视，看两集电视剧吧。,Stop reading and switch on the telly—watch a couple of episodes of a TV series.
地球绕太阳一周需要一年。,It takes one year for the Earth to complete one orbit around the Sun.
新娘看了一眼新郎，害羞得低下了头。,The bride glanced at the groom and shyly lowered her head.
他在面试时过于紧张，连话都说不清楚了。,He was so nervous during the interview that he could hardly speak coherently.
过于追求完美反而会让人总是对现状不满意。,Striving too hard for perfection can actually lead to a constant dissatisfaction with the present situation.
这次考试的题目相当难，很多同学都没有及格。,"The questions in this exam were quite difficult, and many students failed to pass."
他的中文水平相当不错，可以和中国人流利对话。,His Chinese is quite good; he can converse fluently with Chinese people.
如何才能在短期内较快地提高中文水平？,How can I improve my Chinese proficiency relatively quickly in the short term?
年轻人学习新事物的能力较强，能够很快适应新的环境。,Young people are particularly adept at learning new things and are able to adapt quickly to new environments.
那家公司今年推出的新产品可受欢迎了。,The new product launched by that company this year has been a huge hit.
这部电影拍得可精彩了，你千万不能错过！,This film is absolutely brilliant – you really mustn't miss it!
这家餐厅的服务态度格外热情，常常需要提前预约。,"The service at this restaurant is exceptionally warm and friendly, and it is often necessary to book in advance."
国庆假期的景区格外热闹，到处都是外地来的游客。,"The tourist attractions were particularly bustling during the National Day holiday, with visitors from all over the country everywhere."
那天的天气极其恶劣，我们不得不取消旅行计划。,"The weather was absolutely dreadful that day, so we had to cancel our trip."
这次旅行给我留下了极其深刻的印象，尤其是当地的美食和历史。,"This trip made a profound impression on me, particularly the local cuisine and history."
父母要时刻关心孩子的心理健康。,Parents should always be mindful of their children's mental health.
他提醒我旅行时一定要时刻注意自己的护照和钱包。,He reminded me to keep a close eye on my passport and wallet at all times whilst travelling.
她曾经当过导游，在设计旅行线路方面很有经验。,She used to work as a tour guide and has a great deal of experience in designing itineraries.
王校长去年曾经来我们学校访问过。,Headteacher Wang visited our school last year.
为了迎接客人的到来，他一下班就立刻回家准备晚餐。,"To welcome his guests, he went straight home after work to prepare dinner."
张教授刚说完，学生们就立刻认真地写起来。,No sooner had Professor Zhang finished speaking than the students immediately set about writing with great concentration.
妈妈连忙检查摔倒的孩子有没有受伤。,Mum hurried to check whether the child who had fallen was hurt.
他连忙向交警解释自己并非故意违反交通规则。,He hastened to explain to the traffic police that he had not deliberately broken the traffic rules.
最近一年，这套教材的销量始终保持增长。,"Over the past year, sales of this set of textbooks have continued to rise."
无论如何，亲朋好友始终是你的依靠。,"Whatever happens, your family and friends will always be there for you."
这里的乡村早已实现了现代化，不再是当年的样子。,The countryside here has long since been modernised and no longer resembles what it used to be.
科学家早已研发出治疗这种疾病的药物。,Scientists have long since developed drugs to treat this disease.
明天公司即将召开新品发布会，欢迎大家参加！,The company is holding a new product launch tomorrow; everyone is welcome to attend!
他们的婚礼即将在下个月举行。,Their wedding is due to take place next month.
听到消息后，她急忙收拾行李赶往机场。,"Upon hearing the news, she hurriedly packed her bags and rushed to the airport."
车祸发生后，他急忙打电话叫救护车。,"After the car crash, he hurriedly rang for an ambulance."
计算机技术渐渐成为各行各业的关键技术。,Computer technology is gradually becoming a key technology across all sectors.
春天一到，气温就开始渐渐上升了。,"As soon as spring arrives, the temperature begins to rise gradually."
如果您有任何问题，请尽快联系我。,"If you have any questions, please do get in touch with me as soon as possible."
医生建议他尽快接受手术治疗。,The doctor advised him to undergo surgery as soon as possible.
他们再这样一直吵下去，早晚会离婚的。,"If they carry on arguing like this, they'll end up getting divorced sooner or later."
父母应该明白，孩子早晚是要独立生活的。,Parents should realise that their children will eventually have to live independently.
他最近老是熬夜，所以脸色很不好。,"He's been staying up late a lot of late, so he's looking rather pale."
你出门老是忘记带钥匙，这个坏习惯一定要改！,You're always forgetting to take your keys with you when you go out – you really must break this bad habit!
旅行社通常在寒暑假生意更好。,Travel agencies usually see a boost in business during the winter and summer holidays.
中国的大学通常会为学生提供更换专业的机会。,Chinese universities usually offer students the opportunity to change their degree programme.
他时常下班后去公园散步，顺便放松一下心情。,He often goes for a walk in the park after work to unwind.
夫妻二人的工作都很忙，所以时常没有人做家务。,"Both husband and wife have very busy jobs, so there is often no one to do the housework."
冬天尽量少吃雪糕，容易着凉。,"Try to eat as little ice cream as possible in winter, as it can easily cause you to catch a chill."
请大家尽量在本周五提交论文。,Please try to submit your papers by this Friday.
公司老板亲自参与了新产品的设计与开发。,The company's owner was personally involved in the design and development of the new product.
这些点心是我亲自为你做的。,I made these pastries for you myself.
会议一结束，我便赶回公司了。,"As soon as the meeting finished, I rushed back to the office."
这个学生很聪明，一教便懂。,This pupil is very bright; he picks things up straight away.
一旦确定了目标，就不要放弃。,"Once you've set your goal, don't give up."
这次机会非常难得，一旦错过了，你会后悔的。,"This is a very rare opportunity; if you miss it, you'll regret it."
他似乎在犹豫要不要接受这份新工作。,He seems to be hesitating about whether to take this new job.
这家便利店似乎两周前就关门了。,It seems this convenience shop closed down two weeks ago.
我们仿佛在哪儿见过似的。,It's as if we've met somewhere before.
他俩见面不打招呼，仿佛谁也不认识谁。,"When they met, they didn't greet one another, as if they didn't know each other at all."
毕竟他刚来公司一个月，还需要时间适应。,"After all, he's only been with the company for a month, so he still needs time to settle in."
他毕竟是个孩子，有些错误可以被原谅。,"After all, he is only a child; some mistakes can be forgiven."
昨天我才发现新来的同事居然是我的邻居。,It was only yesterday that I realised the new colleague was actually my neighbour.
这么冷的天他居然没穿外套。,"It's so cold, yet he isn't wearing a coat."
你要去就去吧，反正我肯定不会去。,"If you want to go, then go ahead; I certainly won't be going, anyway."
反正我已经辞职了，今晚加班我是不会去的。,"Anyway, I've already handed in my notice, so there's no way I'm going in to work overtime tonight."
你不用再劝他了，他根本不会听。,There's no point in trying to persuade him any further; he won't listen anyway.
我看根本没必要追求完美，世界上不存在完美的人和事。,I don't think there's any point in striving for perfection; there's no such thing as a perfect person or a perfect situation in this world.
她果然选择了自己最喜欢的文学专业。,"Sure enough, she chose her favourite subject: literature."
他果然没有放弃，坚持完成了比赛。,"True to form, he didn't give up and saw the race through to the end."
这简直是在开玩笑！,This is a complete joke!
画面里的竹子简直像真的一样。,The bamboo in the picture looks just like the real thing.
高科技绝对会成为各行各业发展的重要因素。,High technology will undoubtedly become a key factor in the development of all sectors.
老张这个人绝对可靠。,Old Zhang is absolutely reliable.
近年来城乡差距的确缩小了不少。,The urban-rural divide has indeed narrowed considerably in recent years.
我今天上班的确迟到了，因为路上发生了交通事故。,I was indeed late for work today because there was a road accident on the way.
道歉不会损害企业的形象，反而能够赢得消费者的信任。,"Apologising does not damage a company's reputation; on the contrary, it can help to build consumer trust."
我妈妈退休以后反而更忙了。,"Since my mum retired, she's actually been even busier."
不用白费力气了，结果已经无法改变了。,There's no point in wasting your energy; the outcome can't be changed now.
妈妈的话白说了，孩子并没有听。,Mum's words fell on deaf ears; the child didn't listen.
今天刚好有空儿，咱们去爬山吧。,"I've got some free time today, so shall we go for a walk in the hills?"
我们去找他玩的时候，他刚好做完作业。,"When we went to see him, he'd just finished his homework."
这么难得的机会，你可不能错过啊！,You really mustn't miss out on such a rare opportunity!
下周就要比赛了，咱们可得抓紧时间训练。,"The match is next week, so we'd better get a move on with our training."
自从和丈夫离了婚，她一个人去了很多地方旅行。,"Since her divorce from her husband, she has travelled to many places on her own."
自从进入大学，每次与就业有关的讲座他都会参加。,"Ever since he started university, he has attended every lecture on careers."
沿着这条路朝东走就是我们今晚要住的酒店。,"If you walk east along this road, you'll come to the hotel where we're staying tonight."
冬天许多鸟都会朝南方温暖的地方飞去。,"In winter, many birds fly south to warmer climes."
沿着这条高速公路一直开，就能到达那座城市。,"If you carry on along this motorway, you'll reach that city."
老人沿着墙边种了很多花。,The old man planted lots of flowers along the wall.
你沿着这个思路进行下去，就能找到解决问题的方法。,"If you follow this line of thinking, you'll find a way to solve the problem."
希望这次采访能替我们宣传一下公司的新产品。,We hope this interview will help us promote our company's new products.
我出差期间，同事替我照顾我的宠物。,"Whilst I was away on business, a colleague looked after my pet for me."
汉语同其他语言一样，有很多独特的表达方式。,"Like other languages, Chinese has many unique ways of expressing itself."
这件事我得同父母谈谈，看看他们同意不同意。,I'll have to have a word with my parents about this to see if they're in agreement.
今年的放假时间较去年稍有变化。,This year's holiday dates have changed slightly from last year.
本月产品销量较上月增长百分之十五。,Product sales this month have increased by 15 per cent compared with last month.
她凭这部电影成为了今年的最佳导演。,She won this year's Best Director award for this film.
凭这张票，你可以免费参观这场展览。,"With this ticket, you can visit the exhibition free of charge."
据我们掌握的数据，这个地区的石油资源十分丰富。,"According to the data in our possession, this region is extremely rich in oil resources."
据我观察，这个问题不难解决。,"From what I can see, this problem is not difficult to solve."
法律的修改应当依据社会现实。,Amendments to the law should be based on social realities.
企业要依据消费者的需求研发新产品。,Companies should develop new products based on consumer demand.
他负责项目的设计、执行以及最终的总结工作。,"He is responsible for the design, implementation and final evaluation of the project."
我对这本书的内容以及作者还不太了解，你能介绍一下吗？,I don't know much about the content of this book or the author yet; could you tell me a bit about it?
你同新来的同事一起去吧，顺便给他介绍一下公司的情况。,Why don't you go with your new colleague and show him round the company whilst you're at it?
这项比赛要求孩子同家长一起参加。,This competition requires children to take part alongside their parents.
学校更新了教学设备，从而为学生提供了更好的学习环境。,"The school has upgraded its teaching equipment, thereby providing pupils with a better learning environment."
这次合作让我们加深了对彼此的了解，从而建立了深厚的友谊。,"This collaboration has enabled us to get to know one another better, thereby forging a deep friendship."
他每天都工作到很晚，可见他十分热爱这份工作。,"He works late every day, which shows just how much he loves his job."
他的演讲得到了热烈的掌声，可见大家都很支持他的观点。,"His speech was met with enthusiastic applause, which showed that everyone was in agreement with his views."
假如让我重新选择，我还是会选择医学专业。,"If I had to choose again, I would still choose to study medicine."
假如你有机会出国旅行，你最想去哪个国家？,"If you had the chance to travel abroad, which country would you most like to visit?"
一个人在国外生活，要自己照顾自己，还要学习当地的语言和文化，总之，挺不容易的。,"Living abroad on your own, having to look after yourself and learn the local language and culture – all in all, it's quite a challenge."
你同意也好，不同意也好，总之，我一定要去北京。,"Whether you agree or not, I'm going to Beijing anyway."
她笑得像个孩子似的。,She laughed like a child.
他们讨论得很激烈，像是要吵起来似的。,They were having a heated discussion; it looked as though they were about to have an argument.
我们争来争去，还是没找到最佳方案。,"We argued back and forth, but still couldn't find the best solution."
他工作很忙，经常在国内外飞来飞去。,He is very busy with work and is often flying back and forth between China and other countries.
我想来想去，决定先不告诉她这个坏消息。,"After giving it a lot of thought, I decided not to tell her the bad news just yet."
我今天太困了，写着写着作业就睡着了。,I was so tired today that I fell asleep whilst doing my homework.
他走着走着，突然发现自己迷路了。,"As he walked along, he suddenly realised he had lost his way."
你这样没日没夜地工作，身体早晚会出问题的。,"If you carry on working day and night like this, you're bound to end up with health problems sooner or later."
这孩子说话没大没小，父母必须要好好教育。,That child has no respect for his elders; his parents really must teach him a lesson.
越来越多的年轻人选择说走就走的旅行。,More and more young people are opting for spontaneous trips.
他总是说干就干，从不浪费时间。,He always gets straight down to business and never wastes time.
他最近的表现好得不得了，老师都说他进步很大。,He's been doing absolutely brilliantly of late; even his teachers say he's made great progress.
不得了了，厨房着火了！,"Oh no, the kitchen's on fire!"
这点儿小病，用不着去医院。,It's just a minor ailment; there's no need to go to hospital.
这件事用不着大家都来帮忙，我自己就能完成。,There's no need for everyone to help with this; I can manage it on my own.
我们还有时间，你现在用不着着急。,"We've still got time, so there's no need to rush just yet."
从这次的考试成绩来看，大家都付出了很多努力。,"Judging by the results of this exam, everyone has put in a great deal of effort."
从长远来看，掌握一门外语对个人发展很有帮助。,"In the long run, mastering a foreign language is very beneficial for personal development."
这些汉字写得大的大、小的小，一点儿也不整齐。,"These Chinese characters are written in all sorts of sizes—some large, some small—and are not at all neat."
广场上孩子们跑的跑，跳的跳，热闹极了。,"The square was absolutely bustling, with children running about and jumping about."
自改革开放以来，中国社会发生了巨大的改变。,"Since the launch of the reform and opening-up policy, Chinese society has undergone tremendous changes."
外公去世以来，我时常梦到他。,"Ever since my grandfather passed away, I've often dreamt of him."
本课程由理论学习和实践操作两部分内容组成。,This course consists of two parts: theoretical study and practical work.
项目团队由三位工程师组成。,The project team consists of three engineers.
马上就要面试了，他紧张得坐也不是，站也不是。,"With the interview just around the corner, he was so nervous he didn't know whether to sit or stand."
公司已经三个月没有发工资了，他走也不是，留也不是，不知道怎么办好。,"The company hasn't paid wages for three months now; he's in a quandary—he doesn't know whether to leave or stay, and he's at a loss as to what to do."
对这个孩子他实在没办法，打也打不得，说也说不得。,"He really didn't know what to do with this child; he couldn't hit him, nor could he tell him off."
听到消息后，她哭也哭不得，笑也笑不得。,"Upon hearing the news, she found herself in a predicament where she could neither cry nor laugh."
好是它，坏也是它，你没有别的选择。,"It's the only option, for better or for worse; you've got no other choice."
成功是它，失败也是它，这个决定我绝对不后悔。,"Whether it's a success or a failure, I have absolutely no regrets about this decision."
闲着也是闲着，明天我准备把车库打扫一遍。,"I've got nothing else to do, so I'm planning to have a proper clear-out of the garage tomorrow."
那辆旧车你很少开，放着也是放着，要不卖了吧。,"You hardly ever drive that old car; it's just sitting there gathering dust, so why not sell it?"
不管怎么说，健康才是最重要的，要注意身体。,"In any case, health is the most important thing, so do look after yourself."
不管怎么说，用打骂的方法教育孩子是不对的。,"In any case, it is wrong to use physical punishment or verbal abuse to discipline children."
真有你的，这么难的题目都做对了！,Well done—you've even got such a difficult question right!
真有他的，一个人爬上了这么高的山！,"That's something, really—to have climbed such a high mountain all on one's own!"
真有她的，在这么吵的地方都能睡着！,She really is something – to be able to fall asleep in such a noisy place!
吵什么吵，公共场所禁止大声说话！,What's all the noise about? You're not allowed to speak loudly in public places!
玩什么玩，作业还没写完呢！,What are you playing at? You haven't finished your homework yet!
什么谢不谢的，我们之间不用这么客气。,There's no need to say ‘thank you' or anything like that; we don't need to be so formal with each other.
什么麻烦不麻烦的，朋友之间互相帮忙是应该的。,Never mind whether it's a bother or not; it's only right for friends to help one another.
音乐会的门票是客户赠送的，咱们不听白不听。,"The concert tickets were a gift from a client, so we might as well go and have a listen."
这件衣服难得打折，不买白不买。,"It's rare for this item to be on sale, so it'd be a shame not to buy it."
听来听去，都是一些差不多的意见。,"No matter how much I listen, it's all more or less the same old opinions."
大家商量来商量去，就是想不出什么好办法。,"No matter how much they discussed it, they simply couldn't come up with a good solution."
孩子长大了，不像以前，父母说什么就是什么。,"Children grow up; they're not like they used to be, simply doing whatever their parents tell them to."
工作要按照公司的规定执行，不能你想什么就是什么。,Work must be carried out in accordance with company regulations; you cannot simply do as you please.
他为了锻炼身体每天早上在公园里跑步。,He goes for a run in the park every morning to keep fit.
他昨天晚上一个人在图书馆认真地复习了三个小时。,He spent three hours studying diligently on his own in the library last night.
伤害人的玩笑可开不得。,You mustn't make jokes that hurt people's feelings.
这院是出得还是出不得，得先问问医生的建议。,"Whether I can be discharged from hospital or not, I'll have to ask the doctor's advice first."
写论文这件事情急不得，你得多看多想。,Writing a thesis is not something to be rushed; you need to read widely and think deeply.
收到大学的录取通知书，她激动得不得了。,"When she received her university offer letter, she was absolutely thrilled."
听到父亲被送去急诊的消息，她担心得不得了。,"When she heard that her father had been taken to A&E, she was terribly worried."
听着窗外的雨声，我的心慢慢地平静下来了。,"Listening to the sound of the rain outside the window, my heart gradually calmed down."
不知道是什么原因，他的声音渐渐低了下去。,"For some reason, his voice gradually grew quieter."
该睡觉了，快把你的玩具收拾起来。,It's time for bed; quickly tidy away your toys.
在医生们的努力下，病人终于醒过来了。,"Thanks to the doctors' efforts, the patient finally came round."
经过一天的长途旅行，大家都很累，一上车就纷纷睡过去了。,"After a long day's journey, everyone was exhausted and fell asleep as soon as they got on the coach."
孩子们玩儿得忘了时间，直到天黑才回家。,The children were having so much fun that they lost track of time and didn't come home until it was dark.
面对自己喜欢的明星，他紧张得说不出话。,"Faced with his favourite celebrity, he was so nervous he couldn't speak."
他跑得全身是汗，终于按时到了公司。,"He ran until he was drenched in sweat, but finally arrived at the office on time."
天气热得大家都不想出门。,It's so hot that nobody wants to go out.
快上课了，他跑得上气不接下气。,"It was almost time for class, and he was running until he was out of breath."
为了准备年夜饭，她累得满头大汗。,She was working up a sweat preparing the New Year's Eve dinner.
尽管是兄弟，但是他们心里有着很深的矛盾。,"Although they are brothers, there is a deep rift between them."
两国之间有着长期友好的关系。,The two countries have long enjoyed friendly relations.
门关着，墙上挂有“暂停营业”的牌子。,"The door was closed, and a sign reading ‘Temporarily Closed' hung on the wall."
这本书的第一页写有作者的名字。,The author's name is written on the first page of this book.
孩子把书包一扔，坐在地上哭了起来。,"The child threw down his schoolbag and sat down on the floor, bursting into tears."
经理把任务一说，员工们就开始干活了。,"As soon as the manager had explained the task, the staff set to work."
他把存款都买车了。,He spent all his savings on a car.
我把父母给的生活费借朋友了。,I lent the pocket money my parents gave me to a friend.
她丈夫生病住院了。（因果）,Her husband is ill and has been admitted to hospital. (Cause and effect)
王经理开会忘了带会议资料。（转折）,Manager Wang forgot to bring the meeting documents to the meeting. (Turn)
面对快速变化的形势，我们应该尽快制定方案应对风险。（条件）,"In the face of a rapidly changing situation, we should draw up a plan as soon as possible to address the risks. (Conditions)"
他高我一头。,He's a head taller than me.
姐姐重我两公斤。,My older sister weighs two kilograms more than me.
哥哥早我两年上学。,My older brother started school two years before I did.
我新买的衣服被他给洗坏了。,He ruined my new clothes when he washed them.
她的帽子叫风给吹跑了。,Her hat was blown away by the wind.
对不起，这些资料让我给搞乱了。,"I'm sorry, I've got these documents all mixed up."
领导还没讲完，他便提前离开了。,"Before the manager had finished speaking, he left early."
他看我心情不好，便陪我聊了半天。,"Seeing that I was in a bad mood, he kept me company and chatted with me for ages."
我写完作业便和朋友一起出去玩儿了。,"Once I'd finished my homework, I went out to have some fun with my friends."
晚餐我或是吃面条儿，或是喝粥。,"For dinner, I either have noodles or porridge."
假期他或是去海边度假，或是去爬山。,"During the holidays, he might go on holiday to the seaside or go hillwalking."
一旦养成坏习惯，就很难改变。,"Once you've picked up a bad habit, it's very difficult to break."
孩子一旦发烧，就赶快送去医院。,"If a child develops a fever, take them to hospital straight away."
假如他们也同意，我们就按照计划开展工作。,"If they agree as well, we will proceed as planned."
假如有一天你当了校长，你会制定什么规则？,"If you were to become headteacher one day, what rules would you introduce?"
万一他不配合，我们就要想其他办法。,"If he refuses to cooperate, we'll have to find another way."
万一失败了，你考虑过后果吗？,Have you considered the consequences should it fail?
公司需要敢想敢干的年轻人，要不然就很难有发展。,"A company needs young people who are bold in their thinking and action; otherwise, it will be difficult for it to grow."
还好我反应快，不然孩子就摔倒了。,"It's a good thing I reacted quickly, otherwise the child would have fallen over."
她上课坚持认真听讲，因而成绩始终非常优秀。,"She always pays close attention in class, which is why her marks have consistently been excellent."
我和他认识很多年了，因而很了解他的性格。,"I've known him for many years, so I know his character very well."
这个项目完成得如此顺利，可见团队的合作非常有效。,The fact that this project went so smoothly is a testament to the team's highly effective collaboration.
他每天都在图书馆学习，可见他对考试非常重视。,"He studies in the library every day, which shows just how seriously he takes his exams."
哪怕时间再紧张，也要按时完成任务。,"No matter how tight the deadline, you must complete the task on time."
哪怕租金继续提高，也仍然有很多人愿意住在这里。,"Even if the rent continues to rise, there are still plenty of people who are happy to live here."
他不但不改正错误，反而继续犯更大的错误。,"Not only did he fail to correct his mistakes, but he went on to make even bigger ones."
你这样做不但没有解决问题，反而增加了新问题。,"Not only has your approach failed to resolve the issue, but it has actually created new problems."
火不但没有灭，反而越来越大了。,"Far from being extinguished, the fire grew ever larger."
不是光有目标就可以，还要行动起来。,It's not enough just to have goals; you have to take action.
这个问题不是我一个人就能解决的，还是需要大家积极配合。,This is not a problem I can solve on my own; it requires everyone's active cooperation.
他每天早起锻炼，为的是保持健康。,"He gets up early every day to exercise, in order to stay healthy."
她每天都练习中文，为的是将来能够来中国留学。,She practises Chinese every day so that she can study in China in the future.
没有老师的努力付出就没有我们今天的成绩。,"Without the hard work of our teachers, we would not have achieved what we have today."
没有汗水就没有收获。,"No pain, no gain."
不尝不知道，这种水果的味道果然很独特。,You never know until you've tried it – this fruit really does have a very distinctive flavour.
毛病虽然不大，但还是应该修理一下，不修不安全。,"Although it's not a major fault, it should still be repaired; it's not safe to leave it as it is."
这首歌再听多少遍也不会烦。,I could listen to this song over and over again without ever getting tired of it.
困难再大也要坚持下去。,"No matter how difficult things get, we must persevere."
没想到他竟然超水平发挥，最终赢得了这场比赛。,I never expected him to perform so well beyond his usual standard and ultimately win the match.
这位演员的表演总能展现出多层次的人物心理。,This actor's performances always manage to convey the complex inner workings of a character's mind.
父母过分关注孩子的一举一动，会对孩子的成长起到反作用。,"If parents pay excessive attention to their children's every move, it can have a detrimental effect on their development."
公司所有电脑系统都经过了严格的安全检查，确保无病毒运行。,All of the company's computer systems have undergone rigorous security checks to ensure they are virus-free.
新开发的商业区已经成为了城市亚中心，发展潜力巨大。,The newly developed commercial district has become a sub-centre of the city and offers enormous potential for growth.
小张和女朋友小李已经订婚了，小李现在是张家的准媳妇。,"Xiao Zhang and his girlfriend, Xiao Li, are now engaged, and Xiao Li is now set to become a member of the Zhang family."
随着科技的发展，人们迎来了数字化时代。,"With the advancement of technology, we have entered the digital age."
本课程采用专题式的教学方法，每课介绍一个专题。,"This course adopts a thematic approach, with each lesson covering a specific topic."
这种鱼是观赏型的，很多人把它们当做宠物。,"This fish is an ornamental species, and many people keep them as pets."
这款产品具备很好的便捷性，使用十分方便。,This product is very user-friendly and easy to use.
这是人家的东西，咱们不能随便拿。,That belongs to someone else; we mustn't just take it.
今天多亏了老张来帮忙，我们得好好感谢人家。,We really owe Old Zhang a big thank you for coming to help us today.
这串项链是丈夫送给我的订婚礼物。,This necklace was an engagement present from my husband.
你试试往碗里加几滴醋，说不定味道会更好。,Why not try adding a few drops of vinegar to the bowl? It might actually taste better.
下班回家的路上，妈妈买了几枝玫瑰花。,"On her way home from work, Mum bought a few roses."
听了他的话，我心里就像打开了一扇窗，突然亮了。,"Hearing his words, it was as if a window had opened in my heart, and everything suddenly became clear."
你把桌子上那卷胶带递给我一下。,"Could you pass me that roll of tape on the table, please?"
这套书分为上、中、下三卷。,"This series is divided into three volumes: Volume 1, Volume 2 and Volume 3."
经过一番激烈的争论，我们最终达成了一致。,"After a heated debate, we finally reached an agreement."
听说我获得了奖学金，同学们都特羡慕。,"When my classmates heard I'd won a scholarship, they were all really envious."
相声是一种幽默的艺术，特有意思。,Crosstalk is a humorous art form; it's particularly entertaining.
改进后的仪器操作异常便捷。,The improved instrument is exceptionally easy to operate.
今年夏天异常炎热。,This summer has been unusually hot.
这本小说较为客观地反映了当时的社会现实。,This novel provides a relatively objective portrayal of the social realities of the time.
专家们一致认为这项研究的设计较为合理。,Experts unanimously agree that the study was well-designed.
我们净忙着说话，甚至忘了给客人倒茶。,We were so caught up in our conversation that we even forgot to pour tea for our guests.
那位老师的书房里净是外文书。,That teacher's study was full of books in foreign languages.
我明天在大厅等你，咱们一同出发。,I'll be waiting for you in the lobby tomorrow; we'll set off together.
人们聚集在广场上，一同迎接新年的到来。,People gathered in the square to welcome in the New Year together.
公园里散步的老年人大都是附近的居民。,Most of the elderly people out for a stroll in the park are local residents.
假期时，这里的人们大都选择去海边度假。,"During the holidays, most people here choose to go on holiday to the seaside."
他一时紧张，忘记要说什么了。,He got so flustered that he forgot what he was going to say.
面对眼前的比赛结果，人们一时难以接受。,"Faced with the result of the match, people found it hard to accept at first."
她不时看看手机，等待着朋友的消息。,"She kept glancing at her mobile, waiting for a message from her friend."
隔壁房间不时传来一阵笑声。,Bursts of laughter could be heard from time to time from the room next door.
实验失败了，但他们没有放弃，仍旧坚持干下去。,"The experiment failed, but they didn't give up; they carried on regardless."
他很努力地练习发音，但仍旧说得不太标准。,"He practised his pronunciation very hard, but he still doesn't speak very clearly."
他们带着孩子又跑了几家医院，但依旧没有得到明确的诊断。,"They took their child to several more hospitals, but still did not receive a definitive diagnosis."
二十多年过去了，她依旧那么美丽动人。,"More than twenty years have passed, yet she remains as beautiful and captivating as ever."
作为老师，她一向严格要求自己的学生。,"As a teacher, she has always set high standards for her pupils."
他一向喜欢跟朋友开玩笑。,He's always enjoyed joking around with his friends.
出发前老师一再提醒大家带上护照，可我还是忘了。,"Before we set off, the teacher kept reminding us to bring our passports, but I still forgot."
王经理一再强调这个项目对于公司至关重要。,Manager Wang has repeatedly emphasised that this project is of vital importance to the company.
他再三考虑要不要放弃工作的机会。,He thought long and hard about whether to turn down the job offer.
小张再三向领导解释他上班迟到的原因。,Zhang repeatedly explained to his manager the reasons for his late arrival at work.
听到这可怕的消息，我的心不禁凉了。,"Upon hearing this terrible news, my heart sank."
听完她的演讲，大家不禁鼓起掌来。,"After listening to her speech, everyone couldn't help but break into applause."
上课铃一响，学生们就赶忙跑回了教室。,"As soon as the bell rang, the pupils hurried back to their classrooms."
听到有人求助，他赶忙过去帮忙。,"Hearing someone calling for help, he hurried over to assist."
回国当天，朋友特地开车把我送到了机场。,"On the day I returned home, a friend went out of his way to drive me to the airport."
为了掌握实际情况，政府特地组织专家团队到当地开展调查。,"In order to ascertain the actual situation, the government specially organised a team of experts to carry out an investigation on the ground."
这些书是我特意请朋友从国外买回来的。,I asked a friend to buy these books for me from abroad.
我特意为您准备了一份礼物，请您一定收下。,I've made a special effort to prepare a gift for you; please do accept it.
小女孩偷偷把糖装进了口袋。,The little girl secretly put the sweets in her pocket.
他偷偷把那件事告诉了老师。,He secretly told the teacher about it.
她最近工作很忙，未必有时间回老家。,"She's been very busy with work recently, so she might not have time to go back to her hometown."
有钱就一定会幸福吗？那也未必。,Does having money necessarily mean you'll be happy? Not necessarily.
婚礼那天恰好是新娘的生日。,The wedding day happened to be the bride's birthday.
下周六我恰好有时间，咱们可以一起去爬山。,"I happen to be free next Saturday, so we could go for a walk in the hills together."
你计划得倒是很好，可是你能做到吗？,"That's all very well and good, but can you actually pull it off?"
这部漫画的内容一般，绘画风格倒是生动有趣。,"The story in this manga is nothing special, but the artwork is lively and entertaining."
既然双方不愿意合作，干脆就不要浪费时间再谈了。,"Since neither side is willing to cooperate, we might as well not waste any more time discussing the matter."
你今天这么累，干脆早点休息，明天再工作吧！,You're so tired today – why not get some rest early and carry on with work tomorrow?
你明明不胖，为什么总嫌自己胖呢？,"You're clearly not overweight, so why do you always think you are?"
明明是他做错了事，凭什么让我向他道歉？,It's clearly him who's in the wrong – why on earth should I have to apologise to him?
我们在路边等了很久，总算有位好心的司机让我们搭车回到了学校。,"We waited by the roadside for a long time, and at last a kind driver gave us a lift back to school."
连着下了一周小雨，今天总算迎来了一个晴天。,"It's been drizzling on and off for a week, but today we've finally been blessed with a sunny day."
这所学校成立于1950年。,The school was founded in 1950.
他已于上月离京。,He left Beijing last month.
刚来中国时，我既听不懂也说不清楚，至于写作和阅读，就更不行了。,"When I first arrived in China, I could neither understand nor speak the language properly; as for writing and reading, I was even worse at those."
新产品已经开始生产了，至于销售时间和价格，现在还不能确定。,"Production of the new product has already begun; however, the launch date and price have not yet been confirmed."
因天气原因，运动会延期至周六举行。,"Due to the weather, the sports day has been postponed until Saturday."
他因迟到而错过了这次面试。,He missed the interview because he was late.
除特殊情况外，不得随意离开工作岗位。,"Except in exceptional circumstances, staff must not leave their workstations without authorisation."
除申请表以外，申请人还应提交一份个人简历。,"In addition to the application form, applicants should also submit a curriculum vitae."
我本来打算在房间看书，不料突然停电了，我只好去图书馆。,"I had originally planned to read in my room, but there was a sudden power cut, so I had to go to the library."
我以为两个孩子能一起好好玩儿，不料他俩刚一见面就吵起来了。,"I thought the two children would get on well together, but to my surprise, they started arguing as soon as they met."
这部电影是根据人们所熟悉的故事改编的。,This film is based on a story that people are familiar with.
你所了解的情况只是一小部分。,What you know is only a small part of the picture.
我昨天就已经把作业交给老师啦！,I handed in my homework to the teacher yesterday!
这些文件对于公司至关重要，你可千万别弄丢啦！,"These documents are vital to the company, so please do make sure you don't lose them!"
我只是开个玩笑，你不要太认真嘛。,I was just joking – don't take it too seriously.
要是觉得累了，就走慢一点儿嘛。,"If you're feeling tired, just slow down a bit."
孩子们假期不回来也好，我可以好好休息休息了。,It's just as well the children aren't coming home for the holidays; I'll be able to have a proper rest.
手机也好，电脑也好，长时间使用都会造成眼睛疲劳。,"Whether it's a mobile phone or a computer, using them for long periods can cause eye strain."
小孩子总是喜欢拉着父母问这问那。,"Children are always tugging at their parents' sleeves, asking all sorts of questions."
既然决定了就大胆去做吧，不要总是想这想那。,"Now that you've made up your mind, just go for it – don't keep overthinking things."
天还没亮，他就醒了，躺在床上左思右想，怎么也睡不着。,"He woke up before dawn and lay in bed, mulling things over, but couldn't get back to sleep no matter what."
她在商场里左挑右选，始终没买到一件满意的衣服。,"She browsed high and low in the shopping centre, but never managed to find a single item of clothing she was happy with."
我好不容易才获得这次面试机会，一定不会轻易放弃。,"It took me a great deal of effort to secure this interview, so I certainly won't give up easily."
假期好不容易可以休息一下，你怎么还要去公司加班？,"You've finally got a chance to have a bit of a rest over the holidays, so why on earth are you going into the office to work overtime?"
假如去那家公司工作能为你提供更多的发展空间，那倒也是个不错的选择。,"If working for that company were to offer you greater opportunities for development, that would indeed be a good option."
要是你能从失败中吸取教训，那倒也是件值得高兴的事。,"If you can learn from your failures, that is certainly something to be pleased about."
这些旧衣服扔掉算了，反正也不会再穿了。,I might as well just bin these old clothes; I'm never going to wear them again anyway.
雪下得这么大，估计不会有客人来了，干脆早点儿关门算了。,"It's snowing so heavily; I doubt any customers will turn up, so I might as well close up a bit early."
得了，别再想了，结果不可能改变了。,"Come on, stop thinking about it – there's no point in changing the outcome now."
你这么喜欢这本书，干脆送给你得了。,"Since you like this book so much, I might as well give it to you."
我们左一句、右一句地安慰，她才终于不哭了。,It was only after we had offered her a few words of comfort here and there that she finally stopped crying.
大家你一言，我一语，很快就商量出了解决的办法。,"With everyone chipping in, they soon came up with a solution."
房间里的衣服东一件，西一件，扔得哪儿都是。,"Clothes are strewn all over the room, with items scattered here and there."
最近他东一本，西一本地看了不少书。,He's been reading quite a few books here and there recently.
到目前为止，双方已经达成了初步的合作。,"To date, the two parties have reached a preliminary agreement on cooperation."
他把产品设计改了很多遍，一直到客户满意为止。,He revised the product design numerous times until the client was satisfied.
我把你当作好朋友，没想到你竟然骗到我头上来了。,"I thought of you as a good friend, but I never expected you to go and deceive me like that."
问题不是我造成的，怎么怪到我头上来了？,"I didn't cause the problem, so why am I being blamed for it?"
不学不知道，一学才知道汉字如此有魅力。,"You don't realise it until you start learning, but once you do, you discover just how fascinating Chinese characters are."
这茶不尝不知道，一尝就喜欢上了。,"You won't know what this tea's like until you try it, but once you do, you'll love it."
好你个老张，原来是你在背后说我坏话！,"Well, you're something, Old Zhang—so it was you who's been badmouthing me behind my back!"
好你个骗子，赶紧把钱还给我，否则我就报警。,"You scoundrel! Give me my money back straight away, or I'll call the police."
早不来，晚不来，我正要出门你来了。,You couldn't have come at a better time – I was just about to head out when you turned up.
早也不下雨，晚也不下雨，比赛刚一开始就下起来了。,"It didn't rain in the morning, nor did it rain in the evening; it only started to rain just as the match began."
瞧把他兴奋得，简直像个孩子一样。,Look how excited he is—he's just like a child.
看把你笑得，腰都直不起来了。,Look at you laughing—you can't even straighten your back.
你为什么放着自己的车不开，跑去借别人的车？,Why didn't you just use your own car instead of borrowing someone else's?
他放着孩子不管，整天跑出去玩儿。,He neglects his child and spends all day out having fun.
他已经是大人了，走了就走了，有什么好担心的？,"He's a grown-up now; if he's gone, he's gone—what's there to worry about?"
东西丢了就丢了，没有什么好可惜的。,"If something's lost, it's lost; there's no point in feeling sorry about it."
这也不好吃，那也不好吃，你干脆饿着吧。,"If you don't like this and you don't like that, you might as well go hungry."
那也不喜欢，这也不满意，你到底想找什么样的工作？,"You don't like this one, you're not happy with that one – what sort of job are you actually looking for?"
打归打，骂归骂，父母永远是最疼你的人。,"However much they may hit or shout at you, your parents will always be the ones who love you the most."
计划归计划，行动归行动，二者并不完全一样。,"Plans are one thing, and action is another; the two are not entirely the same."
我跟你开玩笑呢！看你吓的！,I was just joking! Look how scared you got!
不就是得了奖学金吗？瞧他得意的！,"So what if he's won a scholarship? Look at him, so smug!"
我恨透了那些不诚信的商家。,I absolutely detest dishonest traders.
大雨把他身上的衣服全都淋透了。,The heavy rain soaked all his clothes through.
阳光把大地染成了红色。,The sunlight turned the earth red.
音乐声把游客都吸引过去了。,The sound of music drew all the tourists over.
孩子把妈妈气得睡不着觉。,The child has upset his mother so much that she can't sleep.
她讲述的故事把大家感动哭了。,The story she told moved everyone to tears.
最近产品价格不太稳定，一时上升一时下降。,"Product prices have been rather volatile recently, fluctuating between rises and falls."
这段时间天气变化快，一时冷一时热。,"The weather has been changing rapidly of late, alternating between cold and warm."
我平常要么点外卖，要么自己做，很少去食堂吃。,I usually either order takeaway or cook for myself; I rarely eat in the canteen.
那家饭馆的菜要么太咸，要么太辣，我都不爱吃。,The food at that restaurant is either too salty or too spicy; I don't like any of it.
比赛虽未取得胜利，但我们收获了宝贵的经验。,"Although we did not win the match, we gained some valuable experience."
这道题虽有难度，可做出来的同学不在少数。,"Although this question was challenging, quite a few pupils managed to solve it."
文章虽短，读后却使人充满力量。,"Although the article is short, reading it leaves one feeling inspired."
她心里虽不喜欢，也坚持来上班了。,"Although she didn't really fancy it, she still made a point of coming to work."
凡是有机会，他都会积极争取。,"Whenever the opportunity arises, he makes the most of it."
凡是错误的行为，我们都应该纠正。,We should correct any behaviour that is wrong.
除非你亲自邀请，他才有可能同意参加。,He is only likely to agree to attend if you invite him personally.
除非是紧急情况，我才会向他求助。,I only ask him for help in an emergency.
除非他承认错误并向我道歉，否则我不会原谅他。,"Unless he admits his mistake and apologises to me, I won't forgive him."
除非你说清楚是什么事情，不然我不可能同意帮忙。,"Unless you explain exactly what it's about, there's no way I'll agree to help."
就算再累，我也要坚持完成任务。,"No matter how tired I am, I'll see the task through to the end."
就算他做错了，你也要注意教育方法。,"Even if he has done something wrong, you must be careful about how you discipline him."
请留下您的联系方式，以便日后联系。,Please provide your contact details so that we can get in touch with you in the future.
当地政府计划调整地铁的发车时间，以便更多的乘客能够乘坐公共交通。,The local government plans to adjust the metro timetable so that more passengers can use public transport.
奥运场馆开工之前，就要考虑到后奥运时代的需求。,"Before construction of Olympic venues begins, consideration must be given to post-Olympic requirements."
市长对老人们嘘寒问暖，并亲手将慰问品送到老人手中。,The mayor enquired after the elderly residents' well-being and personally handed out care packages to them.
新时代农民的价值观、消费观、审美观都和以往有了很大的不同。,"The values, attitudes to consumption and aesthetic tastes of farmers in the new era are very different from those of the past."
只给孩子花钱却不花时间陪伴孩子的家长同样是小气鬼。,Parents who only spend money on their children but do not spend time with them are just as stingy.
我的导师在学术界和产业界都享有崇高的声望。,My supervisor is held in high esteem in both academia and industry.
经过七个小时的飞行，我终于在异国安然落地。,"After a seven-hour flight, I finally touched down safely in a foreign country."
今年的“体坛风云人物”颁奖仪式特别隆重。,This year's ‘Sports Personality of the Year' awards ceremony was particularly grand.
本公司的产品多年来广为消费者称赞。,Our company's products have been widely praised by consumers for many years.
"以公有制为主体、多种所有制经济共同发展,是中国现阶段的基本经济制度。","An economic system in which public ownership plays a dominant role, whilst various forms of ownership develop alongside it, constitutes China's basic economic system at the present stage."
他巴不得早点儿退休，好能到处游山玩水。,He can't wait to retire so he can travel the world.
在外漂泊多年的游子归心似箭，巴不得一步跨进家门。,"A child of the diaspora, having wandered far from home for many years, is eager to return and can't wait to step through the front door."
一种艺术风格的形成并非一蹴而就，必须经历一个渐进发展的过程。,The formation of an artistic style does not happen overnight; it must go through a process of gradual development.
你之所以落选，并非你不优秀，而是你的风格和他们的需求不完全匹配。,"The reason you weren't selected is not because you aren't good enough, but because your style doesn't quite match their requirements."
八折优惠仅限周一至周五使用，法定节假日除外。,"The 20 per cent discount is valid from Monday to Friday only, excluding public holidays."
在场各位皆是西装革履，只有一人除外，穿着十分随意。,"Everyone present was dressed in a suit and tie, with one exception—one person was dressed very casually."
他是个啥也不懂的毛头小子，你犯不着跟他一般见识。,He's just a greenhorn who doesn't know the first thing about anything; it's not worth getting worked up over him.
你们俩打小就认识，为了这么点儿小事闹翻，犯不着。,You've known each other since you were little; it's not worth falling out over such a trifling matter.
现在是公司发展的关键时期，你犯得着为这些小事分心吗？,This is a crucial period for the company's development; is it really worth getting distracted by such trivial matters?
人家好心好意给你提些意见，你这么激动，犯得着吗？,"They've given you some well-meaning advice, so is it really worth getting so worked up about it?"
一开始项目推动得非常缓慢，我们恨不得24小时都在工作。,"At first, the project was progressing very slowly; we felt as though we could have worked round the clock."
大家的学习热情很高，恨不得一下子把所有的先进技术都学到手。,Everyone is highly enthusiastic about learning and can't wait to get to grips with all the cutting-edge technologies at once.
此事可否容我思索几日，再行答复？,Might I have a few days to think it over before I reply?
关于先生会上所言，学生尚有不明之处，可否向先生进一步请教？,"Regarding what you said in class, there are still some points I do not fully understand. Might I ask you to explain them further?"
我申请与其当面对质，不知可否？,I would like to request a face-to-face meeting with him to discuss this matter. Would that be possible?
王安忆对上海人的观察和描写非常细腻，可谓“入木三分”。,Wang Anyi's observations and portrayals of the people of Shanghai are exceptionally nuanced; they could be described as ‘cutting to the quick'.
《昆虫记》知识性、趣味性、哲理性兼具，真可谓是科学与艺术相结合的典范。,"*The Natural History of Insects* combines educational value, entertainment and philosophical insight; it is truly a prime example of the fusion of science and art."
在成长的道路上，免不了会遇到各种各样的问题。,"On the journey of growing up, one is bound to encounter all sorts of problems."
这件事要是让他知道，一顿数落是免不了的。,"If he finds out about this, I'm bound to get a telling-off."
所谓难得糊涂，并非是对生活的无奈妥协，而是一种张弛有度的处世之道。,"The so-called ‘art of turning a blind eye' is not a resigned compromise with life, but rather a way of navigating the world that strikes a balance between rigour and flexibility."
这家公司所谓的产品升级，不过是给商品换了一个更华丽的包装。,This company's so-called product upgrade is nothing more than giving the goods a more glamorous packaging.
引进先进技术与优化管理流程后，各部门工作效率均有所提高。,"Following the introduction of advanced technology and the optimisation of management processes, work efficiency has improved across all departments."
倘若事态紧急，无暇向上请示，你大可自行决断，不必有所顾虑。,"Should an urgent situation arise and there be no time to seek instructions from your superiors, you may make your own decision without hesitation."
限于作者水平，如有不当之处还望专家予以批评指正。,"Given the author's limited expertise, I would be grateful if experts could point out any inaccuracies and offer their guidance."
对于原告提出的高昂赔付要求，法院并未予以支持。,The court did not uphold the plaintiff's claim for substantial damages.
我校教育质量上乘，办学几十年间为国家培养、输送了大批优秀人才。,"Our university offers an excellent standard of education and, over the course of several decades, has trained and produced a large number of outstanding graduates for the nation."
我公司始终秉持“以客户为中心”的理念，致力于为客户提供最优质的服务。,Our company has always adhered to a ‘customer-centric' philosophy and is committed to providing our customers with the highest quality service.
“古典小说”鼎盛于明清时期，彼时涌现了如四大名著等众多经典之作。,"‘Classical fiction' reached its peak during the Ming and Qing dynasties, a period which saw the emergence of numerous classic works, such as the Four Great Classical Novels."
提起朝阳，人们往往会想到北京的朝阳区。然而我们今日前往参观的此“朝阳”非彼“朝阳”，乃是被誉为“三燕古都”的辽宁省朝阳市。,"When people hear the word ‘Chaoyang', they often think of Beijing's Chaoyang District. However, the ‘Chaoyang' we are visiting today is not that ‘Chaoyang', but rather Chaoyang City in Liaoning Province, which is renowned as the ‘Ancient Capital of the Three Yan Kingdoms'."
在商务谈判中，应尽量做到知己知彼，这样才能争取到最大的利益。,"In business negotiations, one should endeavour to know both oneself and the other party as well as possible; only in this way can one secure the greatest possible benefit."
你们觉得这么着好就这么办，不必再来问我的意见了。,"If you think this is the way to go, then let's do it that way; there's no need to ask my opinion again."
那地方你人生地不熟的，这么着吧，我陪你一起去看看。,"You don't know your way around there, so how about this: I'll come along with you and have a look."
兹证明李莉女士系本单位正式员工，已连续在本单位工作十年。,This is to certify that Ms Li Li is a permanent employee of this organisation and has been employed here continuously for ten years.
受有关机构委托，兹有以下标的拟予以转让，现公告如下，欢迎合格投标人参加该项目投标。,"On behalf of the relevant authorities, we hereby announce the proposed transfer of the following assets. We welcome eligible bidders to participate in the tender for this project."
历史学家的任务之一是在浩瀚的史料中挖掘出何时、何地发生了何种事件。,"One of the tasks of historians is to sift through the vast body of historical sources to determine when, where and what events took place."
这座滨江小城魅力何在？因何引得诸多文人骚客留下脍炙人口的名篇？,What is the charm of this small riverside town? Why has it inspired so many literary figures to pen such widely acclaimed masterpieces?
他夜里翻来覆去地想着这件事，可是还是不知道该怎么着才好。,"He tossed and turned all night, mulling it over, but still had no idea what to do."
你说她半天在那儿一声不吭，是生气了还是怎么着？,You say she's been standing there for ages without saying a word – is she angry or something?
经过初赛、复赛和决赛，大赛产生了“十佳歌手”和若干“优秀歌手”。,"Following the preliminary rounds, semi-finals and finals, the competition produced the ‘Top Ten Singers' and a number of ‘Outstanding Singers'."
她一生著有长篇小说七部，另有中短篇小说、散文、诗歌、随笔若干。,"She wrote seven full-length novels during her lifetime, as well as a number of short stories, essays, poems and miscellaneous writings."
该项目的延期是由多重原因所导致的，包括预算不足、人员短缺等。,"The delay in this project was caused by a number of factors, including insufficient funding and staff shortages."
她们团队克服重重困难和阻碍，出色地完成了艰巨的任务。,Their team overcame numerous difficulties and obstacles to successfully complete this arduous task.
他想找一截木头做个镇纸。,He wanted to find a piece of wood to make a paperweight.
他看到这里简陋的生活环境，心里顿时凉了半截。,"When he saw the crude living conditions here, his heart sank."
迎面走来一个身着白色T恤的女学生，白皙的额头上垂落着一缕秀发。,"A schoolgirl wearing a white T-shirt was walking towards us, with a strand of hair falling across her fair forehead."
忽地起了一阵微风，送来缕缕清香，将所有的烦恼瞬间驱散。,"Suddenly, a gentle breeze stirred, carrying with it a faint, sweet scent that instantly dispelled all my worries."
科研和科普是两码事。杰出的科学家未必能写出好的科普作品，优秀的科普作家也不一定能做好科研工作。,"Scientific research and popular science are two different things. An outstanding scientist does not necessarily produce good popular science writing, nor does an excellent popular science writer necessarily excel at scientific research."
虽然你们私交很好，但工作上的事情还是应该一码归一码，公事公办。,"Although you get on very well on a personal level, you should keep work matters separate and deal with them professionally."
权利与义务犹如一枚硬币的两面，相互依存，密不可分。,Rights and obligations are like two sides of the same coin; they are interdependent and inseparable.
他工作非常出色，十年里共获得五枚奖章。,"He has performed exceptionally well in his work, winning a total of five medals over the past ten years."
苏州有一对老夫妻，子女们平日里各为自己的一摊事忙活，只有节假日才有机会团聚。,"There is an elderly couple in Suzhou whose children are usually too busy with their own lives to see them, and only have the chance to get together during public holidays."
公司的事已经让他焦头烂额，家中还另有一摊，他感到身心俱疲。,"He was already overwhelmed by work, and with another problem at home to contend with, he felt completely worn out, both physically and mentally."
要制成一丸药，需用上三十多种原料并经过多道工序。,"To produce a single pill, more than thirty different ingredients are required, and the process involves numerous stages."
这个药每日三次，每次六丸，餐后半小时服用。,"Take this medicine three times a day, six pills each time, half an hour after meals."
今天《人民日报》上刊登的一则新闻，令我大吃一惊。,A news item published in today's *People's Daily* took me completely by surprise.
在不到两小时的演讲过程中，他至少引用了20则古代典故。,"During his speech, which lasted less than two hours, he cited at least 20 classical allusions."
历经一年，长乐村建成了一幢两层高的标准化教学楼。,"After a year of work, a two-storey standardised school building was completed in Changle Village."
医院今年新建职工宿舍三幢，医技大楼两幢。,"This year, the hospital has built three new staff accommodation blocks and two medical technology buildings."
法官必须具有超乎寻常的耐心和细心，才能办好每一宗案件。,Judges must possess extraordinary patience and attention to detail in order to handle every case effectively.
他匆匆赶往机场，准备飞去香港谈宗生意。,"He hurried to the airport, ready to fly to Hong Kong to discuss a business deal."
了解了我的饮食习惯以后，那位医生将我好一通批评，说我没有管住嘴。,"After finding out about my eating habits, the doctor gave me a good telling-off, saying I hadn't been watching what I ate."
因为他的失误，公司利益受到了重大损失，老板把他狠狠训了一通。,"Because of his mistake, the company suffered significant financial losses, and his boss gave him a severe telling-off."
旅游大数据显示，今年一季度辽宁省共接待游客1.71亿人次，同比增长68.2%。,"Tourism big data shows that in the first quarter of this year, Liaoning Province welcomed a total of 171 million visitor arrivals, representing a year-on-year increase of 68.2 per cent."
各大图书馆的古旧书刊，因近年借阅人次大幅增加，损坏非常严重。,"Due to a significant increase in the number of loans in recent years, the old books and periodicals in major libraries have suffered severe damage."
当他们第一次品尝这道精致的菜肴时，大为惊叹，味蕾感到前所未有的满足。,"When they tasted this exquisite dish for the first time, they were utterly amazed, and their taste buds experienced a sense of satisfaction unlike anything they had ever felt before."
该歌手的演唱会门票，每张均以高价售出，但其表演水平并不高，观众看后大为不满。,"Tickets for this singer's concert were sold at a high price each, but the standard of the performance was not particularly high, leaving the audience deeply dissatisfied."
与高手过招时须分外小心，万不可轻举妄动。,You must be particularly careful when facing a skilled opponent; under no circumstances should you act rashly.
由于周边建筑都比较低矮，这座大楼显得分外高大。,"As the surrounding buildings are all relatively low-rise, this building appears particularly tall."
拥有一双发现美的眼睛，在平淡生活中捕捉到一点一滴的美好，是何等幸运！,"How fortunate it is to have an eye for beauty, and to be able to capture the little moments of joy in everyday life!"
在地形条件复杂的地区修筑一条长距离的铁路，不仅需攻克技术难题，而且投资,"Building a long-distance railway in an area with complex terrain not only requires overcoming technical challenges, but also entails significant investment"
巨大、耗时耗力，是何等地不容易啊！,"It's a massive, time-consuming and labour-intensive task – what a struggle it is!"
即使在极度困难的条件下，他仍执着地追求着自己的艺术理想。,"Even under extremely difficult circumstances, he continued to pursue his artistic ideals with unwavering dedication."
他这段时间一直极度紧张和焦虑，现在终于放松下来了。,"He has been extremely tense and anxious for some time now, but has finally managed to relax."
在会议上，他提出的解决方案大家都表示赞成，只有副总经理一个人极力反对。,"At the meeting, everyone agreed with the solution he proposed, with the exception of the Deputy General Manager, who was the only one to strongly oppose it."
他极力想忍住，但疼痛还是使他叫出声来。,"He tried his hardest to hold it in, but the pain still made him cry out."
今年这套试卷注重考查学生灵活运用语言知识的能力，整体难度略高于历年考题。,"This year's examination paper places emphasis on assessing students' ability to apply their knowledge of the language flexibly, and the overall level of difficulty is slightly higher than in previous years."
主人的审美意趣如何，从其所着的衣饰和家中的陈设，便可略知一二。,One can gain some insight into a host's aesthetic tastes from the clothes they wear and the furnishings in their home.
他脸上挂着浅浅笑意，听到问题后总会先略微思考一下，再不紧不慢地作答。,"He always had a faint smile on his face; whenever he was asked a question, he would pause for a moment to think before answering in a measured, unhurried manner."
志愿者的热情如融融阳光，为这略微有些寒冷的清晨带来了暖意。,"The volunteers' enthusiasm was like the gentle warmth of the sun, bringing a touch of warmth to this slightly chilly morning."
林青自幼对木雕颇感兴趣，六岁起即拜当地的匠人为师，潜心学习雕刻技艺。,"Lin Qing had been fascinated by woodcarving from a young age; from the age of six, he apprenticed himself to a local craftsman and devoted himself to learning the art of carving."
城市民宿往往隐于闹市，因其风格独特，活动自由，如今颇受顾客青睐。,"Urban holiday rentals are often tucked away in the heart of the city; thanks to their unique style and the freedom they offer, they are now very popular with guests."
他顾不上长途飞行的疲惫，稍稍歇息后就马不停蹄地与客户商讨合作事宜。,"He paid no heed to his fatigue from the long-haul flight; after a brief rest, he set about discussing the collaboration with the client without delay."
她坐在那里，低头摆弄着衣角，稍稍有些拘谨。,"She sat there, looking down and fiddling with the hem of her dress, looking slightly self-conscious."
按照赵医生的手术治疗方案，患者最后转危为安，家属对其万分感激。,"Following Dr Zhao's surgical treatment plan, the patient's condition eventually stabilised, and the family were immensely grateful to him."
学生们平时只在银幕上见过周老师，现在有幸现场得见其“庐山真面目”，个个激动万分。,"The students had previously only seen Mr Zhou on screen, so now that they had the chance to see him ‘in the flesh', they were all absolutely thrilled."
谈及自己的远大理想，他有点儿激动，面色微红，声音也有点儿颤抖。,"When talking about his lofty aspirations, he became a little emotional; his face flushed slightly and his voice trembled a little."
听了我的话，他微张着嘴，好像想说点儿什么，但最终还是什么也没说。,"After hearing what I said, he stood there with his mouth slightly open, as if he wanted to say something, but in the end he said nothing."
这次比赛中，9号选手的表现尤为突出，给评委和观众都留下了深刻的印象。,"In this competition, Contestant No. 9 gave a particularly outstanding performance, leaving a lasting impression on both the judges and the audience."
在三星堆考古新成果中，尤为引人注目的是一座通高近70厘米的大口尊。,"Among the latest archaeological discoveries at Sanxingdui, a wide-mouthed vessel standing nearly 70 centimetres tall is particularly striking."
近年来，两国战略沟通合作日益密切，兄弟情谊愈加深厚。,"In recent years, strategic communication and cooperation between the two countries have become increasingly close, and the bonds of friendship between them have grown ever stronger."
随着阅读的增多，书慧愈加不满足于安居于室，渴望去见识外面的世界。,"As she read more and more, Shuhui became increasingly restless at staying indoors and longed to see the world beyond."
经过数百次的舞台历练，他的演技越发纯熟。,"After hundreds of stage performances, his acting has become increasingly polished."
缠绵的雨丝，飘洒在青石小巷，越发让人觉得诗意。,The gentle drizzle falling on the blue-stone alleyways lends the scene an even more poetic atmosphere.
他的身体已经大体恢复了，我觉得可以进行一些基础性训练了。,"He has largely recovered, so I think he's ready to start some basic training."
同类企业中，设备或许大体相似，但是生产效能可能相差悬殊。,"Among similar companies, the equipment may be broadly similar, but production efficiency can vary considerably."
游客因擅自参加高危活动所造成的人身和财产损失，本旅行社概不负责。,This travel agency accepts no liability for any personal injury or loss of property suffered by visitors as a result of their unauthorised participation in high-risk activities.
凡成大事者，必定有坚韧不拔的意志。古今中外，概莫能外。,"Anyone who achieves great things must possess an unyielding will. This holds true throughout history and across the globe, without exception."
这部剧除男女主角之外，其他演员皆一人分饰数角，但每个人物特点鲜明，并不会让观众混淆。,"Apart from the lead actors, every other actor in this drama plays multiple roles, yet each character is so distinct that the audience is never confused."
中国瓷器之所以享誉世界，皆因其实用与审美并存。,Chinese porcelain is renowned throughout the world precisely because it combines practicality with aesthetic appeal.
荆门为荆楚文化发祥地之一，文化底蕴深厚，历史古迹遍地皆是。,Jingmen is one of the birthplaces of Jingchu culture; it boasts a rich cultural heritage and is dotted with historical sites.
从广州塔顶楼俯瞰，羊城璀璨的夜景尽收眼底。,"Looking down from the top floor of the Canton Tower, the dazzling night-time view of Guangzhou unfolds before your eyes."
村落被青山绿水环绕，尽是些古朴的瓦房和雅致的石桥，没有丝毫现代化的气息，却添了几分宁静与幽然。,"The village is surrounded by green hills and clear waters, featuring nothing but rustic tiled-roof houses and elegant stone bridges; there is not a trace of modernity, yet this lends the place an air of tranquillity and seclusion."
在有关部门的大力监管下，存在环境安全隐患的酒店、餐厅等均已完成整改。,"Under the strict supervision of the relevant authorities, hotels, restaurants and other establishments posing environmental safety risks have all completed the necessary rectification work."
市场上某些特殊商品不宜标价的，均须经当地价格主管部门核准。,"Where certain special goods on the market are not suitable for price labelling, this must be approved by the local price regulatory authority."
那一大堆坏了的电器，他只用了一个晚上的时间，就通通修理好了。,He managed to repair that whole pile of broken electrical appliances in just one evening.
这些事情你通通不要管，你只负责技术革新。,Don't concern yourself with any of these matters; your sole responsibility is technological innovation.
她对年轻后辈毫无保留，将自己多年来的经验教训统统分享给了大家。,"She held nothing back when it came to the younger generation, sharing all the lessons she had learnt over the years with everyone."
他现在是一切为了孩子，什么升职发财换大房子，他统统不去想了。,"He is now completely devoted to his child; he no longer gives a thought to things like promotions, making money or moving to a bigger house."
现在很多孩子都有“唯我为大”的思维方式，这跟父母的过分溺爱有密切的关系。,"Nowadays, many children have a ‘me-first' mindset, which is closely linked to their parents' excessive pampering."
修身之道不唯阅读，品茶、闲谈、对弈、抚琴、练武、游历山水均可养性。,"The path to self-cultivation is not limited to reading; savouring tea, engaging in leisurely conversation, playing chess, playing the zither, practising martial arts and travelling through the countryside can all help to cultivate one's character."
那么多同他一起备考的考生都放弃了，唯独他一个人坚持了下来。,"So many of the candidates who were revising alongside him gave up, yet he was the only one who persevered."
人的眼睛，能洞察他人，观测周遭的事物，唯独无法窥见自己的真容。,"The human eye can see into others and observe the world around us, yet it is unable to glimpse our own true selves."
我们村上了岁数的老人几乎都不会用智能手机，唯有老村长是个例外。,Almost none of the elderly people in our village know how to use a smartphone; the only exception is the former village head.
在全球化的激烈竞争中，唯有持续创新才能立于不败之地。,"In the fiercely competitive global marketplace, only through continuous innovation can a company remain invincible."
综合来看，外语学习的动机无非两种：融合型动机和工具型动机。,"All things considered, there are essentially two types of motivation for learning a foreign language: integrative motivation and instrumental motivation."
邻居跟我偶然碰见时会闲聊几句，说的无非是些家长里短的事情。,"When I bump into my neighbours by chance, we have a bit of a natter; it's nothing more than the usual household gossip."
国务院明确规定，我国的“驰名商标”工作一概由国家商标局负责。,The State Council has clearly stipulated that the National Trademark Office is solely responsible for all matters relating to ‘well-known trademarks' in China.
小夫妻俩决定婚礼一切从简，只摆几桌酒席，婚车和接亲环节一概取消。,"The young couple decided to keep their wedding as simple as possible, hosting just a few tables of guests and doing away with the wedding car and the bride-receiving ceremony altogether."
出于保护当事人的考虑，我们隐去了其真实姓名，姑且以“张某”代称。,"To protect the individual concerned, we have withheld their real name and shall refer to them as ‘Mr Zhang' for the purposes of this account."
我给您简单分析一下吧，您姑且一听，要是不对，权当我没说。,"Let me give you a brief analysis; just take it with a pinch of salt—if it's not quite right, just pretend I never said it."
“蜜月游”愈发流行，不少年轻人办完酒席即启程旅行。,"‘Honeymoon trips' are becoming increasingly popular, with many young couples setting off on their travels immediately after their wedding reception."
在4G峰值速度下，下载一部1GB大小的高清电影需要1分钟左右，而在5G条件下只需几秒即可。,"At peak 4G speeds, it takes around one minute to download a 1GB high-definition film, whereas under 5G conditions it takes just a few seconds."
气象局在暴雨来临前，通过网络、电视、广播等多种媒介，即时发布有关暴雨的预警信号。,"Before a heavy downpour strikes, the Meteorological Office issues real-time warnings via various media channels, including the internet, television and radio."
在智慧课堂中，李老师通过平板电脑向学生发布任务，根据平台精准反馈的学情,"In the smart classroom, Mr Li assigns tasks to his pupils via a tablet, based on the precise feedback on their learning progress provided by the platform"
即时进行教学调整。,Make immediate adjustments to teaching.
本协议在履行过程中，如若发生未曾约定的情况，届时由双方共同友好商定。,"Should any circumstances arise during the performance of this Agreement that have not been provided for herein, the parties shall resolve such matters by mutual and amicable agreement."
大会将于9月10日至18日在北京举行，届时将会有近800名国外代表与会。,"The conference will take place in Beijing from 10 to 18 September, with nearly 800 international delegates expected to attend."
家长应尽早让孩子参与家务劳动，培养他们的责任感和自理能力。,"Parents should encourage their children to take part in household chores from an early age, to foster a sense of responsibility and self-reliance."
外出旅行应提前确定行程并尽早预约购票，以防票量不足或票价上涨。,"When travelling, you should finalise your itinerary in advance and book your tickets as early as possible to avoid running out of tickets or facing price increases."
相聚的时光总是短暂的，丰盛的晚餐过后大家就此告别。,"Time spent together is always all too short, and after a sumptuous dinner, everyone went their separate ways."
虽然油气勘探工作屡遭失败，但是地质学家们并未就此止步，反倒越挫越勇。,"Although oil and gas exploration efforts have met with repeated setbacks, geologists have not given up; on the contrary, they have become all the more determined in the face of adversity."
“绿肥红瘦”四字是李清照《如梦令》一词的点睛之笔，历来为世人所称道。,"The four characters ‘green lush, red sparse' are the masterstroke of Li Qingzhao's ci poem ‘Like a Dream', and have long been praised by people throughout the ages."
苏州历来是经济富饶的鱼米之乡，与杭州齐名，并称“苏杭”。,"Suzhou has always been a prosperous land of fish and rice, renowned alongside Hangzhou, and the two are collectively known as ‘Suzhou and Hangzhou'."
当时我年纪尚幼，许多事情已然模糊不清，但故乡染满绿的庭院，是记忆深处永远的乡愁。,"I was still very young at the time, and many details have since faded from my memory, but the courtyard of my hometown, bathed in greenery, remains an enduring source of nostalgia deep within my memory."
截至目前，搜救工作尚未发现幸存人员，事故原因尚待调查。,"To date, the search and rescue operation has not located any survivors, and the cause of the accident is still under investigation."
她犹豫了一下，随即拿起了电话，把这件事报告给总经理。,"She hesitated for a moment, then picked up the phone and reported the matter to the managing director."
我听闻临近扬州的泰州，早茶亦颇有特色，随即驱车从扬州前往泰州。,"I had heard that Taizhou, near Yangzhou, was also renowned for its distinctive morning tea, so I immediately drove from Yangzhou to Taizhou."
孙老板向来一言九鼎，因此在商界信誉很高。,"Mr Sun has always been a man of his word, and as such enjoys a high reputation in the business world."
他深居简出，向来不喜与外界交往。,He leads a reclusive life and has never been one to socialise with the outside world.
绿色农场种植出的果蔬天然无公害，一经上市便供不应求。,"The fruit and vegetables grown at Green Farm are natural and free from harmful substances, and are in such high demand that they sell out as soon as they hit the market."
《红楼梦》这部经典名著又要翻拍的消息一经发布，即引起社会热议。,"As soon as the news that the classic novel *Dream of the Red Chamber* was to be adapted for the screen once again was announced, it sparked widespread public debate."
鉴于此问题情况复杂、涉及面广，本文限于篇幅，暂且不做讨论。,"Given the complexity and wide-ranging nature of this issue, and due to space constraints, this article will not address it at this stage."
任务推进遇到瓶颈时，不妨暂且搁置细节问题，集中精力解决主要问题。,"When you hit a bottleneck in a project, it is worth setting aside the minor details for the time being and focusing your efforts on resolving the main issues."
我们期待她的新作早日问世，并且预祝她在文学创作上取得更大的成功。,"We look forward to the publication of her new work as soon as possible, and wish her every success in her literary endeavours."
孩子们自发来到病房里看望老师，感谢老师的辛勤付出并祝愿老师早日康复。,"The children came to the ward of their own accord to visit their teacher, to thank her for her hard work and to wish her a speedy recovery."
这家店的饭菜不但量大实惠，而且色香味俱全，每一个来吃的人都连连称赞。,"Not only are the portions generous and good value for money, but the food is also a feast for the eyes, the nose and the palate; every diner has nothing but praise for it."
杂技艺术节上，各地顶尖的杂技演员各显身手，引得现场惊呼不断、掌声连连。,"At the Acrobatics Festival, top acrobats from across the country showcased their skills, drawing constant gasps of amazement and waves of applause from the audience."
嘉宾因说话屡次被主持人打断，已面露愠色。,"The guest, having been repeatedly interrupted by the presenter whilst speaking, was already looking annoyed."
他的电影作品受到海内外市场的欢迎，屡次获得国际影展奖项。,"His films have been well received by audiences both at home and abroad, and have won numerous awards at international film festivals."
凭借着高超的技艺和精巧的构思，民间艺术家的作品在国内外赛事中屡屡获奖。,"Thanks to their superb craftsmanship and ingenious designs, the works of folk artists have repeatedly won awards in competitions both at home and abroad."
这一服装品牌将非遗元素融入现代设计，屡屡在时装周上惊艳亮相。,This fashion brand incorporates elements of intangible cultural heritage into its modern designs and has repeatedly made a stunning impression at fashion weeks.
近年来，我院师生在各类学科竞赛中屡获佳绩，捷报频传。,"In recent years, the staff and students of our college have consistently achieved excellent results in various academic competitions, with good news coming in thick and fast."
这里以前是沙尘暴频发的地区，通过植树造林、补绿复绿，现已成为国家级生态文明示范区。,"This area used to be prone to frequent sandstorms, but through afforestation and reforestation efforts, it has now become a national-level ecological civilisation demonstration zone."
天空布满阴云，时而落下几滴雨，未带来一丝凉爽，却闷得让人喘不过气来。,"The sky was overcast, with a few drops of rain falling now and then; though they brought no relief from the heat, the stifling atmosphere made it hard to breathe."
他凝神望着前方连绵的青山，时而眉头微蹙，时而喜上眉梢，不知思绪飘到了何方。,"He gazed intently at the rolling green hills ahead, his brow furrowing slightly at times and a smile playing on his lips at others, lost in thought."
对这些好心人的善举，受帮助者时时感念于心，希望有朝一日能回报恩人。,"Those who have received help are constantly grateful for the kindness shown by these good-hearted people, and hope that one day they will be able to repay their benefactors."
工作中他是严师，教学一丝不苟；生活中他又像个老父亲，时时关心我们的身心健康。,"At work, he is a strict teacher who takes his teaching very seriously; in his personal life, he is like a father figure, always looking out for our physical and mental wellbeing."
如果员工相继辞职，老板必须予以重视，找寻员工流失的真正原因。,"If employees resign one after another, the employer must take this seriously and identify the real reasons behind the staff turnover."
金秋九月，北京戏剧舞台异彩纷呈，相继展演了精品剧目114部。,"In the golden autumn of September, Beijing's theatre scene was ablaze with colour, with 114 high-quality productions staged in quick succession."
大嫂在旁边一个劲使眼色，示意哥哥不要再说下去了。,"My sister-in-law kept giving my brother meaningful glances from the side, signalling for him to stop talking."
孩子不能一个劲儿地闷头苦学，适当的休闲和锻炼都是很有必要的。,Children shouldn't just bury their heads in their studies all the time; appropriate leisure activities and exercise are both essential.
为了尽快研制出特效药，他常常在实验室里一连奋战十几个小时。,"In order to develop a wonder drug as quickly as possible, he would often work tirelessly in the laboratory for over a dozen hours at a time."
大水靠在沙发上，一连打了好几个哈欠，困得睁不开眼。,Da Shui slumped back on the sofa and yawned several times in quick succession; he was so tired he could barely keep his eyes open.
时隔12年，中国队再度捧起冠军奖杯。,"After a 12-year hiatus, the Chinese team have once again lifted the championship trophy."
由于身体抱恙，她一度放弃歌唱事业。后来在家人的支持下，她再度鼓起勇气，站上舞台。,"Due to ill health, she temporarily gave up her singing career. Later, with the support of her family, she plucked up the courage to take to the stage once more."
按理，一到广州我就应该即刻去拜访先生，不料因行程繁忙到最后也未能成行。,"Logically speaking, I should have paid the gentleman a visit as soon as I arrived in Guangzhou, but due to my busy schedule, I was ultimately unable to do so."
你出现了这个失误，按理该扣一个月的工资，但看在你平时工作还算认真的份上，公司决定给你机会将功补过。,"You have made this mistake, and strictly speaking you should have a month's salary deducted; however, given that you are generally quite conscientious in your work, the company has decided to give you the opportunity to make amends."
按说，以方平的能力完全可以在大城市里立足，可他为了方便照顾父母，毅然选,"One might expect that, given Fang Ping's abilities, he could easily have made a name for himself in a major city, but in order to be closer to his parents, he resolutely chose"
择回乡工作。年轻人的私事，按说我不该多问，可是既然影响到了工作，我就不能不问一问了。 养护工人对园内种植的一草一木百般呵护，定时浇水、悉心修剪。,"He chose to return to his hometown to work. As a matter of course, I ought not to pry into a young person's private affairs, but since it was affecting his work, I felt I had to ask. The groundskeepers take the utmost care of every plant and tree in the garden, watering them regularly and pruning them with great care."
这部作品经过了作者的反复斟酌、百般打磨，一经发表便好评如潮。,"This work, having been carefully considered and meticulously polished by the author, received a flood of praise as soon as it was published."
看见前面登场的选手纷纷取得了较高的得分，即将表演的白兰不由得紧张了起来。,"Seeing that the contestants who had performed before her had all achieved high scores, Bai Lan, who was about to take to the stage, couldn't help but feel nervous."
看到新戏排练终于有了进展，导演不由得松了口气。,"Seeing that rehearsals for the new play were finally making progress, the director couldn't help but breathe a sigh of relief."
对方球员心情焦躁，失误明显增多，黑龙江队趁机将比分反超。,"The opposing players were getting increasingly frustrated, and their errors became noticeably more frequent; the Heilongjiang team seized the opportunity to take the lead."
全套课程系统讲授了深度学习的常用算法，并非无良商家在人工智能风口趁机推出的“割韭菜”产品。,This comprehensive course systematically covers commonly used deep learning algorithms; it is not one of those ‘scam' products that unscrupulous businesses have launched to capitalise on the current AI boom.
8号球员好像不在状态，刚才又受了伤，趁早把他换下来，以免影响比赛结果。,"Player No. 8 doesn't seem to be on form, and he's just picked up an injury. We should take him off as soon as possible to avoid it affecting the result of the match."
你想靠炒股票赚钱？趁早打消这个念头儿吧，你别听人忽悠，炒股的人没有几个赚钱的。,Do you want to make money by speculating in the stock market? You'd best give that idea up straight away—don't listen to what people tell you; very few people who speculate in the stock market actually make a profit.
他在饭桌上大肆吹嘘自己的财富和人脉，试图建立起一个成功人士的形象。,"Over dinner, he boasted at length about his wealth and connections, trying to project the image of a successful man."
夏季是害虫大肆为害的时节，为保障群众身心健康，服务团队对重点区域进行了,"Summer is the season when pests cause widespread damage; to safeguard the public's physical and mental health, the service team carried out pest control operations in key areas"
全方位的科学消杀。,Comprehensive scientific disinfection and pest control.
对于贵方提出的无理要求，我方断然拒绝。,We categorically reject the unreasonable demands you have put forward.
举办一场国际展览会，断然不可能仅凭一己之力完成，需各方精诚合作、共同努力。,It is simply impossible to organise an international exhibition single-handedly; it requires sincere cooperation and joint efforts from all parties.
被告公然违反法律规定，散布谣言，严重损害了原告的商业信誉。,"The defendant blatantly contravened the law by spreading rumours, thereby seriously damaging the claimant's commercial reputation."
他在训练时公然顶撞主教练，受到严肃批评是理所当然的。,"He openly defied the head coach during training, so it was only to be expected that he would be severely reprimanded."
地震发生后，他主动终止休假，火速归队，毅然投身抢险救灾第一线。,"Following the earthquake, he voluntarily cut short his leave, rushed back to his unit and resolutely threw himself into the front line of emergency relief efforts."
高速公路上一辆大货车轮胎起火亟需救援，高速交警接警后，火速派附近警力和,"A lorry on the motorway had a tyre on fire and was in urgent need of assistance. Upon receiving the call, the motorway traffic police immediately dispatched nearby officers and"
119消防车前往现场救援。,A 119 fire engine was dispatched to the scene to carry out the rescue operation.
他们俩虽是双胞胎，性格却截然相反。,"Although they are twins, their personalities are complete opposites."
供给和需求好比一枚硬币的两面，无法截然分开。,Supply and demand are like two sides of the same coin; they cannot be completely separated.
匠人们非常注重技法的精湛，竭力使自己的作品成为流传千古的艺术精品。,Artisans place great emphasis on technical mastery and strive to ensure that their works become artistic masterpieces that will endure for centuries.
但凡旅客有需求，小到一针一线，大到轮椅担架，铁路工作人员都会竭力满足。,Whenever passengers have a request—be it something as small as a needle and thread or as large as a wheelchair or stretcher—railway staff will do their utmost to accommodate it.
游客们迫不及待地躺在草地上尽情呼吸新鲜的空气，享受灿烂的阳光。,"The visitors couldn't wait to lie down on the grass, breathing in the fresh air to their hearts' content and basking in the glorious sunshine."
在壬寅虎年来临之际，各地人民以丰富多彩的活动，尽情表达了他们的喜悦之情和对新一年的美好憧憬。,"As the Year of the Tiger (Ren Yin) dawned, people across the country expressed their joy and high hopes for the new year through a wide variety of activities."
所谓“就近入学”，一般是按照户口所在地去附近的学校登记入学。,The term ‘enrolment at the nearest school' generally refers to registering for admission at a school near one's place of household registration.
过去驾驶证补换需前往车管所办理，现在在网上提交信息后即可就近领取。,"In the past, you had to visit the Vehicle Licensing Authority to apply for a replacement or renewal of your driving licence; now, you can simply submit your details online and collect it from your nearest office."
他在演讲中幽默的插话并非一时兴起，而是刻意为之，以赢得观众的好感。,"His humorous asides during the speech were not spontaneous, but deliberately intended to win over the audience."
研究者在选择研究课题时，不能刻意去赶时髦，盲目跟风，而应结合自己的知识结构和研究兴趣。,"When selecting a research topic, researchers should not deliberately chase trends or blindly follow the crowd, but should instead base their choice on their own knowledge base and research interests."
你别这么拼命地工作，要注意身体啊！,Don't work so hard – you must look after yourself!
现场所有的粉丝们都在拼命鼓掌、尖叫，气氛热烈极了！,All the fans at the venue were clapping and screaming their hearts out – the atmosphere was absolutely electric!
当电梯关门时，不可强行挤入，以免发生危险。,"Do not force your way into the lift as the doors are closing, to avoid any danger."
不要直接使用电源开关键强行关机，这样易造成系统文件损坏或丢失。,"Do not force the system to shut down by pressing the power button directly, as this may result in system files being damaged or lost."
理发师的手艺高超，顾客可从色板上任意挑选造型，也可带图或口头描述，只有你想不到，没有她做不到。,"The hairdresser is highly skilled; customers can choose any style from the colour chart, or bring in a photo or describe it verbally – there's nothing she can't do, only what you can't imagine."
历史就是历史，谁都不能任意修改。,History is history; no one can alter it at will.
两宋时期，海外贸易得到了空前发展，海商队伍不断壮大，侨居外商也日趋增多。,"During the Two Song Dynasties, overseas trade experienced unprecedented growth, the ranks of maritime merchants continued to expand, and the number of foreign merchants residing abroad increased steadily."
智能手机市场现已日趋饱和，如何稳中求变，成了各大厂商首要解决的问题。,"The smartphone market is now becoming increasingly saturated, and how to seek change whilst maintaining stability has become the primary challenge facing major manufacturers."
虽然时间紧迫，工作量浩繁，工人们终于克服种种困难，如期完成了任务。,"Although time was tight and the workload was enormous, the workers finally overcame all manner of difficulties and completed the task on schedule."
为确保活动如期举行，主办方积极协调各方资源，及时解决潜在问题。,"To ensure the event takes place as scheduled, the organisers are actively coordinating resources from all parties and addressing potential issues in a timely manner."
为避免员工擅自离职给公司带来麻烦和损失，用人单位可在劳动合同中提前注明相关条款。,"To avoid the trouble and financial loss caused to the company by employees leaving without authorisation, employers may include relevant clauses in the employment contract in advance."
未经商标注册人许可，任何组织和个人均不得擅自将该商标用于同类商品上。,No organisation or individual may use this trade mark on goods of the same category without the permission of the trade mark registrant.
行程中请务必听从导游安排，如私自离团，产生的一切后果均须自行承担。,"Please ensure you follow the tour guide's instructions at all times during the tour; should you leave the group without authorisation, you will be solely responsible for any consequences that may arise."
文物购销统一由文物部门负责，国内外人士不得私自进行买卖。,The purchase and sale of cultural relics shall be handled exclusively by the cultural relics authorities; neither domestic nor foreign individuals may engage in such transactions without authorisation.
贵公司为我们提供了极大的帮助，特此表示感谢。,"Your company has been of great assistance to us, and we would like to take this opportunity to express our gratitude."
与会人员往返旅费自理，会议期间食宿由主办方承担。特此通知。,Participants are responsible for their own travel expenses to and from the conference; accommodation and meals during the conference will be covered by the organisers. Please be advised.
不明白的不要瞎做，不该说的不要瞎说。,"If you don't understand something, don't go about doing it blindly; if you shouldn't say something, don't go blurting it out."
努力先要找准方向，否则累得半死却只是原地打转，瞎忙一通。,"When you put in the effort, you must first find the right direction; otherwise, you'll work yourself to the bone only to go round in circles and end up doing nothing but running about aimlessly."
为了给山区的孩子们更多的帮助，志愿者回信时还一并寄去了衣服和图书。,"In order to provide more support to the children in the mountainous areas, the volunteers included some clothes and books in their reply."
关心支持我的朋友太多，无法一一列举，在此一并致谢。,There are so many friends who have shown me their care and support that I cannot list them all; I would like to thank them all here.
新技术的引入，一举解决了公司长期以来成本过高、产能不足等多项难题。,"The introduction of new technology has, in one fell swoop, resolved a number of long-standing challenges facing the company, including excessive costs and insufficient production capacity."
在奥运会乒乓球男子团体决赛中，三名中国选手团结一致，一举夺冠。,"In the men's team table tennis final at the Olympic Games, the three Chinese players pulled together to clinch the gold medal."
有些家庭条件好的孩子之所以会养成一些不良习惯，完全是父母一手造成的。,The reason why some children from well-off families develop bad habits is entirely down to their parents.
为了照顾生病的妻子和年幼的孩子，他关了自己一手创办的工作室，专心守着家人。,"In order to look after his ailing wife and young children, he closed the studio he had founded himself and devoted himself entirely to his family."
山区孩子对知识的渴求深深打动了他，他毅然决定扎根于此，帮助孩子们圆梦大学。,"He was deeply moved by the children in the mountainous region's thirst for knowledge, and he resolutely decided to make this his home and help the children fulfil their dreams of going to university."
他取得博士学位后，毅然放弃了国外良好的工作条件和优厚的物质待遇，回到了祖国的怀抱。,"After obtaining his PhD, he resolutely turned down the excellent working conditions and generous financial package on offer abroad and returned to his homeland."
说到精彩之处，他有意不往下讲，吊足了大家的胃口。,"When it came to the most exciting part, he deliberately stopped short, leaving everyone on the edge of their seats."
我但凡提出一点儿想法，他就急于反驳，似乎有意跟我过不去。,"Whenever I put forward even the slightest suggestion, he is quick to contradict me, as if he were deliberately trying to make things difficult for me."
尽管一周以来连续阴雨，但施工仍照常进行。,"Despite a week of continuous rain, construction work has continued as normal."
虽然她已小有名气，但仍照常在剧场认真演出，打磨演技。,"Although she had already gained a degree of fame, she continued to perform diligently in the theatre as usual, honing her acting skills."
这周末店里的生意比较忙，老郭没有照例休假，而是到店帮忙接待顾客。,"Business was rather busy at the shop this weekend, so Old Guo didn't take his usual day off but went to the shop to help serve customers."
新品宣发照例应由市场营销部负责，然而因时间紧迫，其他部门也参与了策划。,"As is customary, the Marketing Department is responsible for the promotional campaign for new products; however, due to time constraints, other departments were also involved in the planning."
他年近80照样身板硬朗，精力和体力不输年轻人。,"Although he is approaching 80, he is still in excellent physical shape, with energy and stamina that rival those of younger people."
叶老师并未计较我之前的顶撞，照样对我倾囊相授。,Mr Ye did not hold my previous rudeness against me and continued to teach me everything he knew.
我和他多年未见，本想留他多住几天，可他执意不肯，说是家中有事。,"I hadn't seen him for many years, and I'd intended to ask him to stay a few more days, but he was adamant that he couldn't, saying he had matters to attend to at home."
她不顾家人、朋友的劝说，病还没好就执意回到工作岗位。,"Ignoring the pleas of her family and friends, she insisted on returning to work before she had fully recovered."
一夜狂风暴雨过后，气温骤然下降了十几度。,"After a night of fierce wind and heavy rain, the temperature dropped suddenly by more than ten degrees."
鱼相继在水中跃起，原本平静的湖面，骤然起了波澜。,"One after another, the fish leapt out of the water, and the previously calm surface of the lake was suddenly rippled."
大幕拉开，节目主持人走上舞台，他首先感谢了观众的到来，然后逐一介绍在场嘉宾。,"The curtain rose and the presenter took to the stage; he began by thanking the audience for coming, and then introduced the guests one by one."
考生入场后对号入座，将准考证和有效身份证件放在桌子右上角，以备监考员逐一核查。,"Once candidates have entered the examination hall, they should take their assigned seats and place their examination admission ticket and valid identity document in the top right-hand corner of their desk, so that the invigilator can check them one by one."
为了吃到最鲜美的河豚，远在新疆的刘先生跨越三千多公里专程来到扬中。,"In order to enjoy the most delicious fugu, Mr Liu, who lives as far away as Xinjiang, travelled more than 3,000 kilometres especially to Yangzhong."
有一年，我专程去南京拜访了恩师，导师已年逾古稀，但依然精神矍铄。,"One year, I made a special trip to Nanjing to visit my mentor; although he was well into his seventies, he was still full of vigour."
文学上的分类只反映文学作品的特点而非价值的高低，通俗小说不见得不高雅，,"Literary classifications merely reflect the characteristics of literary works rather than their relative merit; popular fiction is not necessarily lacking in sophistication,"
不见得不严肃，而那些所谓的非通俗小说，也并非都是精品。,"It is not necessarily any less serious, and those so-called non-popular novels are not all masterpieces either."
这件事非常麻烦，你就是让比我厉害十倍的人去办，也不见得能办成。,"This is a very tricky business; even if you were to ask someone ten times as capable as me to sort it out, there's no guarantee they'd succeed."
年轻人绝不应为了攀比和享乐而过度消费，甚至背上难以偿还的债务。,"Young people should never engage in excessive spending simply to keep up with others or for the sake of pleasure, to the point of incurring debts they cannot repay."
他那么聪明的人，绝不会干这种傻事。,Someone as clever as him would never do something so foolish.
即将告别学生时代，我心有千言反而无从说起。,"As I am about to bid farewell to my student days, I have a thousand things to say, yet I find myself at a loss for words."
此次会议内容严格保密，外界对其无从得知。,The contents of this meeting are strictly confidential; the outside world has no way of knowing about them.
她满墙贴的都是舞台上演奏的照片，音乐对她的重要性无须多言。,Her walls are covered with photographs of her performing on stage; it goes without saying how important music is to her.
“往者不可谏，来者犹可追”，无须为过去的失误而懊悔，重要的是把握现在，展望未来。,"‘What is past cannot be undone, but what is to come can still be pursued'; there is no need to dwell on past mistakes; what matters is seizing the present and looking to the future."
她的演唱技巧卓越且感情真挚，让台下评委们无可指摘。,Her outstanding vocal technique and heartfelt delivery left the judges in the audience with nothing to criticise.
当被问及该片是否以悲剧结尾，女主表示已签署保密协议，对此无可奉告。,"When asked whether the film ends tragically, the lead actress said she had signed a confidentiality agreement and could not comment on the matter."
女儿春节在外未能回家，询问父母近况，二老回复说：“一切平安，勿念。”,"My daughter was away over the Spring Festival and couldn't come home, so she asked her parents how they were getting on. They replied, ‘All is well; don't worry.'"
室内若发生煤气泄漏，应立即打开门窗通风，切勿使用明火。,"If there is a gas leak indoors, you should immediately open the windows and doors to ventilate the room; do not use any naked flames."
快乐的人，必定是对生活有深刻洞察力的人，必定是内心富于诗意的人。,"A happy person is surely someone with a profound insight into life, and surely someone whose heart is rich in poetry."
以你的资质，假以时日必定会“青出于蓝而胜于蓝”。,"Given your aptitude, given time, you are bound to ‘surpass your teacher'."
诚信经营方能行稳致远，投机取巧必将自取灭亡。,Only by conducting business with integrity can one achieve steady and long-term success; those who resort to short-term gains and underhand tactics will inevitably bring about their own downfall.
这次友好访问，必将使两国关系上升到一个新的阶段。,This friendly visit is sure to take relations between the two countries to a new level.
投资者须细细分析股票走势。若一时无把握，出手不妨“慢一拍”。,"Investors must analyse share price movements carefully. If you are unsure at any given moment, it is best to hold off on making a move."
巧用果蔬饰家居，可拥有回味无穷的诗情画意，有兴趣的不妨一试。,"By cleverly using fruit and vegetables to decorate your home, you can create a poetic and picturesque atmosphere that lingers in the memory; if you're interested, why not give it a go?"
眼看着周围的同事朋友升职发财，佳佳不免跟丈夫多唠叨了几句。,"Seeing her colleagues and friends around her getting promoted and making money, Jiajia couldn't help but have a few more niggling words with her husband."
每逢下雨天，她就不免想起一桩伤心的往事。,"Whenever it rains, she cannot help but think of a sad memory from the past."
我让他走慢点儿，等等我，他反倒加快了脚步。,"I asked him to slow down and wait for me, but he actually quickened his pace."
他出身于一个医学世家，却对行医丝毫不感兴趣，反倒对绘画情有独钟。,"Although he came from a family of doctors, he had no interest whatsoever in practising medicine; on the contrary, he had a particular passion for painting."
这事儿没必要非得今天就定，你再回去好好考虑一下。,There's no need to decide on this today; why don't you go back and think it over carefully?
要想练就一手好的毛笔字，非得花十年甚至数十年功夫不可。,"To master calligraphy, one must devote ten years or even several decades to the craft."
我分明看见他从办公室拿走了一份文件，可他就是不承认。,"I clearly saw him take a document from the office, yet he simply won't admit it."
平坦宽阔的水泥路，稳重气派的小洋房，四周群山环绕，溪水潺潺。这哪里还是,"A flat, wide concrete road; stately, elegant little Western-style houses; mountains all around; and a babbling brook. How could this still be"
一个贫穷落后的小村庄，分明是一个世外桃源！,"A poor, backward little village—yet it is clearly a paradise on earth!"
他真是个精明能干的小伙子，怪不得厂长这么器重他。,He really is a sharp and capable young man; no wonder the factory manager holds him in such high regard.
——你听说了吗？小李当上部门经理了！,—Have you heard? Xiao Li's been promoted to department manager!
——怪不得！我说他今天怎么突然说要请客了呢。,—No wonder! I was wondering why he suddenly decided to treat us today.
他非常热情地让我尝尝这道菜，说这是这家店的招牌，我一吃，果真不错。,"He was very keen for me to try this dish, saying it was the restaurant's speciality; as soon as I tasted it, I realised it really was rather good."
九寨沟的风景果真名不虚传，如人间仙境一般。,The scenery in Jiuzhaigou truly lives up to its reputation; it is like a paradise on earth.
见到她的第一眼，我就觉得她是一个有故事的人。果真，这位看似柔弱的女性承受了许多不为人知的困苦与艰辛。,"From the moment I first laid eyes on her, I sensed she was a woman with a story to tell. Indeed, this seemingly delicate woman had endured many unspoken hardships and trials."
北京的胡同多得出奇，而且样子大同小异，穿梭其中极易迷路。好在北京人热心，问路时总能得到帮助。,"There are a surprising number of hutongs in Beijing, and as they all look rather similar, it's very easy to get lost whilst wandering through them. Fortunately, the people of Beijing are very helpful, and you can always count on them to give you directions."
这部电影的动作设计复杂且全部实地取景，好在他凭借多年的武术功底，成功完成了拍摄任务。,"The action sequences in this film were complex and were all shot on location; fortunately, thanks to his many years of martial arts training, he successfully completed the shoot."
清者自清，你自己是清白的，何必跟误会你的人解释那么多。,"The innocent are innocent; you yourself are innocent, so why bother explaining yourself so much to those who misunderstand you?"
你为了满足自己的虚荣心，花这么多钱打肿脸充胖子，何必呢？,Why go to such lengths to spend so much money just to keep up appearances and satisfy your own vanity?
整场比赛的战术执行得几乎无懈可击，对手在我方的猛烈进攻和严密防守下竟一分未得。,"The tactical execution throughout the match was virtually flawless; under the pressure of our fierce attacks and tight defence, the opposition failed to score a single point."
张校长的家离学校只有两公里，但是她长期住在学校，最长的一次竟有半年没回过家。,"Principal Zhang's home is only two kilometres from the school, but she lives at the school most of the time; on one occasion, she did not return home for as long as half a year."
事情明明就是他做的，可他愣不承认。,"It's quite clear that he did it, yet he stubbornly refuses to admit it."
出身贫寒的他，白手起家，愣是将一个小小的餐馆做成了全国连锁的品牌。,"Coming from a humble background, he started from scratch and managed to turn a small restaurant into a nationwide chain."
他这人一向无事不登三宝殿，今天忽然登门拜访，莫非有什么棘手的事相求？,"He's never one to call unannounced, so the fact that he's turned up at my door out of the blue today—could it be that he's got some tricky favour to ask?"
望着孩子们拿到爱心图书时激动的神情，我心中涌起了强烈的幸福和满足，莫非这就是所谓的“赠人玫瑰，手有余香”？,"As I watched the children's excited expressions when they received the donated books, I felt a deep sense of happiness and fulfilment welling up within me. Could this be what they mean by ‘when you give a rose to someone, the fragrance lingers on your own hand'?"
物美价廉的菜品，清爽整洁的装修，热情周到的服务，难怪这家店的生意越来越红火。,"With its good value for money, fresh and clean décor, and warm, attentive service, it's no wonder this restaurant is becoming increasingly popular."
置身湟川三峡，你可以同时欣赏到险峻雄伟的悬崖绝壁和深邃秀美的青山碧水，难怪这里被誉为“岭南诗画走廊”。,"Standing amidst the Huangchuan Three Gorges, you can admire both the rugged, majestic cliffs and the deep, picturesque green mountains and blue waters; no wonder this place is hailed as the ‘Poetic and Picturesque Corridor of Lingnan'."
为了抓住这个宝贵的工作机会，他宁可每天双城通勤。,"To secure this valuable job opportunity, he is willing to commute between the two cities every day."
母亲望着怀中脸烧得通红的孩子，心疼不已，宁可病都生在自己身上。,"Looking at the child in her arms, whose face was flushed crimson, her mother's heart ached with sorrow; she would have preferred to bear the illness herself."
如果贵公司无法保证按时交付，我们宁愿放弃此次合作。,"If your company cannot guarantee delivery on time, we would prefer to withdraw from this collaboration."
每当攻克一个技术难题后，他不喜和别人一起庆功，宁愿一个人暗自回味。,"Whenever he overcomes a technical challenge, he does not like to celebrate with others, preferring instead to savour the moment on his own."
我那时正为找房子发愁，碰巧有个同学租的两居室空出了一个房间，我就搬过去住了。,"I was struggling to find a place to live at the time, and as it happened, a classmate of mine had a spare room in the two-bedroom flat he was renting, so I moved in."
我刚买完东西准备回家，碰巧在商场门口遇见了多年不见的同窗，我们便去小酌了几杯，谈谈各自的经历。,I'd just finished my shopping and was on my way home when I happened to bump into a schoolmate I hadn't seen for years at the entrance to the shopping centre; so we went for a few drinks and caught up on each other's lives.
台风早不来，晚不来，偏偏赶在这个时候来！航班取消了，我的旅游计划全泡汤了。,"The typhoon didn't come any earlier or later—it just had to turn up at this very moment! My flight's been cancelled, and my holiday plans have gone completely down the drain."
欣赏风景一般是用眼睛看，但东湖的设计者却偏偏要你用耳朵听景、用鼻子闻景。,"One usually takes in the scenery with one's eyes, but the designers of Donghu have deliberately encouraged visitors to experience the scenery with their ears and noses."
吃饭时有可口的餐食，睡觉时有香软的床榻，逛街时恰巧听到钟爱的乐曲，这些瞬间都足以让我感受到生活的美好。,"A delicious meal when it's time to eat, a soft, cosy bed when it's time to sleep, and hearing my favourite tune whilst out shopping—these moments are enough to make me appreciate the beauty of life."
因为“鱼”恰巧跟“余”字同音，所以年夜饭饭桌上一定有鱼，是希望“年年有余”的意思。,"As the word for ‘fish' happens to be homophonous with the character for ‘surplus', fish is always served at the New Year's Eve dinner table, symbolising the hope for ‘surplus year after year'."
雪山海拔较高，游览过程中易产生高原反应，切记根据自身情况量力而行。,"As the snow-capped mountains are at a high altitude, you may experience altitude sickness whilst exploring; please ensure you pace yourself according to your own physical condition."
家中常用药应少而精，切不可盲目囤积大量药品，避免过期造成浪费。,"A household medicine cabinet should contain a small but carefully selected range of medicines; you must not blindly stockpile large quantities of medicines, to avoid wastage due to them going out of date."
这家火锅店口碑极好，很多顾客情愿排队等一两个小时，也要在这里吃。,This hotpot restaurant has an excellent reputation; many customers are happy to queue for an hour or two just to eat here.
很多商家其实并不情愿动辄促销，但看到竞品价格一再跳水，自己也只能被迫参与价格战。,"Many retailers are actually reluctant to run promotions at the drop of a hat, but when they see their competitors' prices plummeting time and again, they find themselves forced to join the price war."
如果这则新闻的真实性得到确认，势必引起全社会的强烈反响。,"If the authenticity of this news report is confirmed, it is bound to provoke a strong reaction across society."
如果这个关键技术问题得不到解决，公司的竞争力势必会受到影响。,"If this key technical issue is not resolved, the company's competitiveness will inevitably be affected."
前往景区的路上已堵得水泄不通，我们索性直接下车步行。,"The road leading to the scenic spot was already completely gridlocked, so we decided to get out of the car and walk."
他考了几次都没通过，索性不考了。,"He failed the exam several times, so he simply gave up on taking it."
我们为了这次竞赛准备了很长时间，可万万没有想到，组委会突然宣布比赛取消，而且没给出合理解释。,"We had been preparing for this competition for a long time, but we never imagined that the organising committee would suddenly announce its cancellation without giving a reasonable explanation."
事实表明，代言人与品牌的匹配程度对商品销售有着重要影响，企业万万不可轻视。,"The facts show that the degree of compatibility between a brand ambassador and a brand has a significant impact on product sales, and companies must not underestimate this."
文章本身不好，安上一个好题目也无济于事；但文章好而题目不好，就未免令人惋惜了。,"A poor article will not be improved by giving it a good title; but when the article is good and the title is poor, it is a real pity."
没有取得理想结果，他未免有些沮丧，此时最需要的是鼓励和安慰。,"Having failed to achieve the desired result, he was inevitably somewhat disheartened; what he needed most at that moment was encouragement and comfort."
演出期间，请各位观众务必将手机调至静音，以免影响他人。,"During the performance, please ensure that your mobile phones are set to silent mode so as not to disturb others."
因活动现场座位有限，请务必提前报名，额满即止。,"As seating at the event is limited, please ensure you register in advance; places are allocated on a first-come, first-served basis."
他急忙把生病的孩子送去医院治疗，医生检查后说：“这孩子幸好送得及时，迟一点就没救了。”,"He hurriedly took his sick child to hospital for treatment. After examining the child, the doctor said, ‘Thank goodness you brought the child in in time; if you'd been any later, there would have been no saving him.'"
我听见他的话后，吃惊地朝四周看了看，幸好附近无人，这才放了心。,"When I heard what he said, I looked around in surprise; thankfully, there was no one nearby, so I breathed a sigh of relief."
今天的活动我幸亏没去凑热闹，去了也是人挤人，什么也看不见。,"I'm glad I didn't go along to today's event just to join the crowd; if I'd gone, it would have been so packed that I wouldn't have been able to see a thing."
刘女士不小心把手提包落在了出租车上，幸亏遇到林师傅这样拾金不昧的司机，主动把包交还给了她。,"Ms Liu accidentally left her handbag in a taxi, but fortunately she came across a driver like Mr Lin, who was honest enough to return the bag to her of his own accord."
乌云遮不住太阳，正义终究会战胜邪恶。,Dark clouds cannot obscure the sun; justice will ultimately triumph over evil.
漂泊的游子，无论在外如何坚强，回到家也终究是个孩子。,"A child far from home, no matter how strong they may be whilst away, is still just a child when they return home."
我要去海南旅游了，你最近不也休假吗，何不一起去？,I'm off on holiday to Hainan. Aren't you on holiday soon as well? Why don't we go together?
在这样一个大城市的小区，雨后还能听到蛙声，真的令人欣喜。我们何不把新居叫做“听蛙楼”？,It's truly delightful to still be able to hear the croaking of frogs after a rain shower in a housing estate in such a big city. Why not call our new home ‘Frog-Listening House'?
她一向被众星捧月，何尝受过这样的冷遇，心中气愤不已。,"She had always been the centre of attention; she had never before been treated with such coldness, and she was furious."
在逆境下不气馁、不后悔，这才是强者该有的逻辑。体育比赛是这样，其他事情何尝不也是如此呢？,"Not losing heart or harbouring regrets in the face of adversity—that is the mindset of a true champion. This is true of sporting competitions, and surely it applies to other aspects of life as well?"
你60岁的人了，每个月好几千的退休金，何苦再出来打零工？,You're 60 years old and receive a pension of several thousand every month – why bother taking on odd jobs?
小张刚毕业，社会经验不足，犯点错误也难免，你何苦为难她呢？,Zhang has only just graduated and lacks real-world experience; it's only natural for her to make a few mistakes. Why are you giving her such a hard time?
该片剧情严谨，全员演技在线，真乃一部不可多得的佳作。,"With its tightly woven plot and a cast whose performances are all spot on, this film is truly a rare gem."
我问他是怎么知道的，他神秘地说：“此乃天机，不可泄露。”,"I asked him how he knew, and he replied mysteriously, ‘This is a secret of the heavens; it must not be revealed.'"
打这天起，小赵替父亲担起了全家的重担。,"From that day onwards, Xiao Zhao shouldered the responsibility of supporting the whole family on his father's behalf."
他悄声说这可是件宝贝，打皇宫里流出来的。,"He whispered that it was a real treasure, smuggled out of the imperial palace."
当着这么多人，那人只好把话咽了下去。,"With so many people present, the man had no choice but to keep his thoughts to himself."
大家聊得正高兴，她却当着大家的面掉下泪来。,"Just as everyone was enjoying the conversation, she suddenly burst into tears in front of everyone."
论坛期间，各国专家就共同感兴趣的专题进行了探讨和交流。,"During the forum, experts from various countries discussed and exchanged views on topics of mutual interest."
就离婚后的财产分割问题，双方产生了激烈的争论。,The two parties became embroiled in a heated dispute over the division of assets following the divorce.
我们本着“友谊第一，比赛第二”的精神，充分享受比赛的乐趣。,"Guided by the spirit of ‘friendship first, competition second', we thoroughly enjoyed the competition."
虽然我和小孙素日关系更近，但本着实事求是的态度，我还是把票投给了小魏。,"Although I am usually closer to Xiao Sun, in the interests of objectivity, I still cast my vote for Xiao Wei."
基于调研的结果，我们精准定位了产品的目标市场。,"Based on the results of our research, we have precisely identified the product's target market."
这部电影是基于真实事件改编而成的。,This film is based on a true story.
鉴于你在此次项目中的突出表现，公司决定对你予以嘉奖。,"In view of your outstanding performance on this project, the company has decided to recognise your achievements."
鉴于市场需求和用户偏好的不断变化，产品设计应适时转变策略，适应市场发展。,"In view of constantly changing market demands and user preferences, product design should adapt its strategy in a timely manner to keep pace with market developments."
决议成文程序严格，须经全体会议或代表大会讨论通过才能生效。,The procedure for drafting resolutions is rigorous; they must be discussed and adopted by the plenary session or the congress before they can come into effect.
经医生细心诊治，哥哥身体状况日渐好转，已经可以自行下床行走了。,"Following the doctor's careful treatment, my brother's condition has been gradually improving, and he is now able to get out of bed and walk unaided."
经研究，公司决定把这一重要的新款产品交由你全权负责。,"Following careful consideration, the company has decided to place you in full charge of this important new product."
一些无良的鉴定专家不依市场价值而是依主观价值评定东西等级的行为，严重扰乱了市场秩序。,The practice of some unscrupulous appraisers who assess the grade of items based on subjective value rather than market value has seriously disrupted market order.
依我看，你在这件事的处理上有失公允。,"In my view, you have not been entirely fair in your handling of this matter."
鉴于近期设备故障频发，技术部门决定对相关设备进行全面维护。,"In view of the recent spate of equipment failures, the technical department has decided to carry out comprehensive maintenance on the relevant equipment."
鉴于被告人严某主动上缴违法所得，认罪态度良好，可酌情从轻处罚。,"In view of the fact that the defendant, Mr Yan, voluntarily surrendered the proceeds of his offence and has shown a good attitude in admitting his guilt, a more lenient sentence may be imposed at the court's discretion."
你们的方案非常详细，况且已经得到了业内专家的肯定，相信实施起来不会有什么问题。,"Your proposal is extremely detailed and has already been endorsed by industry experts, so I am confident that there will be no problems with its implementation."
要告别近二十年的舞台生涯，她真的十分不舍，况且，隔行如隔山，不跳舞她又能改行做些什么呢？,"She is truly reluctant to bid farewell to a stage career spanning nearly twenty years; besides, a change of profession is like crossing a mountain range—what else could she possibly do if she stopped dancing?"
有缘无缘不可强求，免得徒增烦恼。,"Whether fate brings you together or not, one must not force the issue, lest it lead to unnecessary worry."
去往一个陌生的国家或地区，须了解当地的治安环境、文化禁忌，免得招来麻烦。,"When travelling to an unfamiliar country or region, it is important to familiarise yourself with the local security situation and cultural taboos to avoid getting into trouble."
事情要是能顺利解决最好，若不行，就得另寻其他门路了。,"It would be best if the matter could be resolved smoothly; if not, we'll have to look for other ways."
若是购买的产品有任何质量问题，消费者可在七天之内无理由退换。,"If there are any quality issues with the product purchased, consumers may return or exchange it within seven days without giving a reason."
倘若一开始她就懂得精打细算，日子也不会过得这么捉襟见肘了。,"If only she'd been more careful with her money from the start, she wouldn't be struggling to make ends meet now."
我现在已经不想再听你说什么豪言壮语了。倘若五年后你能混出点名堂，就当我今日有眼不识泰山。,"I've had enough of your grand claims. If you manage to make a name for yourself in five years' time, I'll just have to admit that I didn't recognise a mountain when I saw one today."
切莫轻易向陌生人转账汇款，以防上当受骗。,"Never transfer money to strangers without careful consideration, to avoid falling victim to fraud."
这次安全事故造成的惨烈后果，希望各位引以为戒，以防类似的悲剧再度发生。,"We hope that everyone will learn from the tragic consequences of this safety incident, so that similar tragedies may be prevented in future."
空气湿闷，加之窗外嘈杂不已，使得她彻夜未眠。,"The air was stifling, and with the constant noise from outside the window, she lay awake all night."
他出众的能力加之丰富的工作经验是他职位迅速晋升的关键所在。,"His outstanding abilities, combined with his extensive work experience, have been key to his rapid promotion."
这件衣服的刺绣工艺异常复杂，单是绣一朵花就需要花费数月乃至一年的时间。,"The embroidery on this garment is exceptionally intricate; it can take several months, or even a year, to embroider just a single flower."
我被他对文学的热爱和执着深深地打动了，乃至我回去之后还不能平静。,I was so deeply moved by his passion and dedication to literature that I was still unable to calm down even after I got home.
受欢迎且传播力强的文章，在选题策划方面一定高出一筹。,Popular and widely shared articles are always a cut above the rest when it comes to topic selection and planning.
醉酒驾车造成他人死亡的驾驶员被当场吊销驾照，且终身不予重新申请。,Drivers who cause the death of another person whilst driving under the influence of alcohol will have their driving licence revoked on the spot and will be barred from reapplying for life.
他很谦虚地将自己的成功归结为运气好罢了。,He humbly attributed his success simply to good luck.
那些我们一度以为难以承受的挫折，终将会变成人生宝贵的经历，只是时间的问题罢了。,Those setbacks that we once thought we could never bear will eventually become valuable life experiences; it is simply a matter of time.
这件事你答应也好，不答应也罢，我都铁了心要去做。,"Whether you agree to this or not, I'm absolutely determined to go ahead with it."
那些为迎合市场而推出的快餐读物，不看也罢。,"As for those quick-read books published simply to cater to the market, it's best to give them a miss."
朋友在精不在多，人生得一知己足矣。,"It is not the number of friends that matters, but their quality; in life, one true friend is enough."
作为一个摄影爱好者，我对这位国际知名的摄影大师仰慕久矣。,"As a photography enthusiast, I have long admired this internationally renowned master photographer."
团购的产品价格十分优惠，可商家对待使用团购券的客人却很不热情，总摆出一副爱吃不吃、爱住不住、爱买不买的姿态。,"Although the prices of products available through group-buying deals are very attractive, the businesses are rather unwelcoming towards customers using group-buying vouchers, always adopting an attitude of ‘take it or leave it'."
他这个人干什么都我行我素，穿衣打扮更是特立独行，一副“你爱看不看，反正我的事你管不着”的态度。,"He's the sort of person who does whatever he likes, and his style of dress is particularly unconventional, with an attitude that says, ‘Take it or leave it—it's none of your business anyway.'"
我这两天工作压力比较大，晚上一直半睡半醒，第二天精神很差。,"I've been under quite a lot of pressure at work these past couple of days; I've been dozing fitfully at night, and I've been feeling really tired the next day."
他提供的信息半真半假，我们不能完全信任他。,The information he provided is a mixture of truth and falsehood; we cannot trust him completely.
我开服装店到今天正好一个月，生意不好不坏。,"It's been exactly a month since I opened my clothes shop, and business has been neither good nor bad."
1000万，对绝大多数人来说是一个天文数字。如果一个人年入10万，他需要不吃不喝100年才能攒够1000万。,"10 million is an astronomical figure for the vast majority of people. If someone earns 100,000 a year, they would have to go without food or drink for 100 years to save up 10 million."
这名教授在职称晋升后，不顾尚未履行完毕的人事合同，连招呼都不打，直接不辞而别。,"After being promoted, this professor, disregarding the fact that his employment contract had not yet been fulfilled, left without so much as a word of notice."
有研究表明，长期坚持有氧运动的人心肺功能会得到明显提升，一些疾病也会不治而愈。,"Research suggests that people who engage in regular aerobic exercise over the long term experience a marked improvement in their cardiopulmonary function, and that certain conditions may resolve without treatment."
这几个月我不停地东奔西走，几乎参访了集团下面所有的分公司，足以说明我一直关注集团的发展。,"Over the past few months, I have been constantly travelling from place to place, visiting almost all of the Group's subsidiaries, which clearly demonstrates my ongoing commitment to the Group's development."
她东拼西凑了3万多元钱，但是离治病所需的高额费用还是远远不够的。,"She scraped together just over 30,000 yuan, but this was still nowhere near enough to cover the high cost of her treatment."
我跟他非亲非故，但是他却为了我的事四处奔波，感动得我不知说什么好。,"We're not related in any way, yet he's been running around on my behalf; I'm so touched I don't know what to say."
这些非真非假的传说故事，吊足了一众游客的胃口，也给第二天的行程增添了几分神秘色彩。,These tales—neither true nor false—have really whetted the tourists' appetite and added a touch of mystery to the following day's itinerary.
那条盘山公路很险，一个接一个的急转弯。汽车开着像是扭秧歌，忽上忽下，忽左忽右。,"That winding mountain road was very perilous, with one sharp bend after another. The car seemed to be dancing the yangge as it wound its way up and down, veering left and right."
羊群在草丛中忽隐忽现。一只细长的牧羊犬忙不迭地穿梭其中。,The flock of sheep appeared and disappeared amongst the grass. A slender sheepdog darted busily back and forth amongst them.
酒吧里的客人手里端着酒杯，或坐或立，姿态各异。,"The patrons in the bar, glasses in hand, were either sitting or standing, each in their own way."
夜深了，可她或躺或坐，一直难以入睡。她生平第一次有这种牵肠挂肚的感觉。,"It was late at night, yet whether lying down or sitting up, she found it difficult to fall asleep. For the first time in her life, she felt this gnawing sense of worry."
她做的豆腐，或炖或炒，总是色白味醇。乡亲们头一次吃到这么好的豆腐，都夸她手艺好。,"Whether stewed or stir-fried, the tofu she made was always snow-white and full of flavour. The villagers, tasting such excellent tofu for the first time, all praised her culinary skills."
小婉对这位天才同事，没有半点嫉妒，而是一开始就由衷地欣赏她，并真心地关爱她，完全像一位可敬可亲大姐姐。,"Xiao Wan felt not the slightest bit of jealousy towards this brilliant colleague; instead, she admired her wholeheartedly from the very beginning and cared for her sincerely, just like a respectable and affectionate older sister."
读书笔记要精炼，要根据实际的阅读进度，总结概括，并体现所思所想。篇幅可长可短，决不写空话、假话、应付的话。,"Reading notes should be concise; they should summarise and synthesise the text in line with your actual progress, and reflect your own thoughts and reflections. They may be long or short, but must never contain empty words, falsehoods or perfunctory remarks."
一群年轻人连说带笑地迎面走来，整个街道顿时充满了欢声笑语。,"A group of young people came walking towards us, chatting and laughing, and the whole street was instantly filled with laughter and cheerful chatter."
昨晚有人在江边骑行，结果连人带车落入江中，至今生死不明。,"Last night, someone was cycling along the riverbank when they fell into the river, along with their bicycle; their fate remains unknown."
司机对这里的道路不太熟悉，竟七拐八绕地把车开到了海边，现在陷在烂泥里出不来了。,"The driver wasn't very familiar with the roads here, so he ended up taking a series of wrong turns and drove all the way to the seaside; now the car is stuck in the mud and can't get out."
乐乐是个十足的捣蛋鬼，常常把家里的玩具拆得七零八落的，用画笔把墙上涂得乱七八糟。,"Le Le is a real little rascal; he's always taking the toys apart and leaving them in a right mess, and daubing the walls with his paintbrush."
他最近身体时好时坏，但只要他还撑得住，他一定会来参加我们的婚礼的。,"His health has been up and down recently, but as long as he can manage it, he'll definitely be coming to our wedding."
雨停了，天上的云渐渐散了，天边有道彩虹时隐时现。,"The rain had stopped, the clouds in the sky were gradually clearing, and a rainbow appeared and disappeared on the horizon."
短短几天，我们就成了无话不谈的好友，一想到就要分开了，不免觉得伤感。,"In just a few days, we'd become close friends who could talk about anything, and the thought of having to part ways inevitably made me feel a little sad."
这所无人不知的重点初中的家长可谓卧虎藏龙，基本上都是知名学者、政府高官、企业高管等有着较高社会地位的人。,The parents of pupils at this renowned key secondary school are a veritable veritable veritable veritable veritable veritable veritable veritable veritable veritable veritable veritable veritable veritable veritable veritable veritable veritable veritable veritable veritable veritable veritable veritable veritable veritable veritable veritable veritable veritable veritable veritable veritable veritable veritable veritable veritable veritable veritable veritable veritable veritable veritable veritable veritable
工作地点离城里很远，休息时无处可去，他只得靠钓鱼聊以解闷。,"As his workplace was a long way from the city and there was nowhere to go in his spare time, he had no choice but to take up fishing to pass the time."
到了淡季，公司业务很少，大部员工无事可做，只能拿底薪。,"During the off-season, business is slow and most staff have little to do, so they can only draw their basic salary."
这位导演，早年在外国留过学，编剧功底了得，今天这戏，就是他自编自导的。,"This director, who studied abroad in his early years, is a highly skilled screenwriter; today's play was written and directed by him."
他开心极了，直夸我干得好，并自称自赞，说自己眼光独到。,"He was absolutely delighted; he kept praising me for a job well done, and went on to boast about his own unique insight."
你这一番言论真令我醍醐灌顶，不瞒你说，我虽虚长你几岁，见解却远不如你。,"Your remarks have truly been a revelation to me. To be honest, although I am a few years your senior, my insights are nowhere near as profound as yours."
老刘，不瞒你说，那次去你家吃饭，我到得早，你不在屋子里，桌上放着白菜炖五花肉，我就恨不得先吃两块解解馋。,"Old Liu, to be honest, when I went round to your place for dinner that time, I arrived early and you weren't in the room. There was braised pork belly with Chinese cabbage on the table, and I was dying to tuck into a couple of pieces just to satisfy my craving."
你们俩有话好好说，别斤斤计较，各自让一步，这事儿不就过去了？,"Why don't you two have a proper chat? Don't be so petty – if you both give a little, won't this whole thing just blow over?"
——不是，我俩吵架你瞎掺和什么？,"—No, why are you butting in when we're having a row?"
我们现在去吃自助餐怎么样？,How about we go for a buffet now?
——不是，你下午两点才吃过饭，现在还不到三个小时，这么快就又饿了？,"—No, you only had lunch at two o'clock this afternoon; it's not even been three hours yet. Are you hungry again already?"
不是我说你，你真是一点儿事都不懂。你既然求他帮忙，为什么姿态不放低点儿？,"I don't mean to criticise you, but you really don't have a clue. Since you're asking him for help, why don't you adopt a more humble attitude?"
哥们儿，不是我说你，你还是社会经验不够啊。这件事搞成这样，说明你和上司的关系实在不怎么样。,"Mate, no offence, but you're still a bit green when it comes to the real world. The fact that this has turned out like this just goes to show that your relationship with your boss isn't exactly great."
人的素质是人进行社会实践的产物，反过来，人的素质同样也会影响社会实践。,"A person's qualities are the product of their social practice; conversely, a person's qualities also influence social practice."
一个国家的教育发展水平取决于其经济、政治的发展程度；反过来说，它的经济和政治的发展程度，同样受到教育发展水平的深刻影响。,"The level of educational development in a country depends on the extent of its economic and political development; conversely, the extent of its economic and political development is also profoundly influenced by the level of educational development."
我看过陈刚写的诗，概括来说，给我留下了这样两点印象：第一，他的诗可谓大气磅礴；第二，他古典诗词方面的修养非常高。,"Having read Chen Gang's poetry, I would summarise my impressions as follows: firstly, his poetry is truly grand and majestic; and secondly, he possesses a profound understanding of classical poetry."
《体育课程标准》为体育课堂提供了课程评价的相关要求。概括来说，相关要求涵盖对学生的学习、教师的教学和课程的建设等多个方面。,"The ‘Physical Education Curriculum Standards' set out the relevant requirements for curriculum assessment in physical education lessons. In summary, these requirements cover a range of areas, including pupils' learning, teachers' teaching and curriculum development."
我所做的一切，归根到底，不还是为了你吗？,"When it comes down to it, isn't everything I've done for your sake?"
企业竞争，是技术、产品的竞争，归根到底是人才的竞争。,"Competition between businesses is a competition in technology and products; ultimately, it is a competition for talent."
他问同事怕不怕，他们总是说：“这有什么好怕的？”话是这么说，但他依然有些恐惧。但怕也没有用，因为活是要干的，你怕不怕都得干！,"He asked his colleagues if they were scared, and they always replied, ‘What's there to be scared of?' That was what they said, but he still felt a little afraid. Yet there was no point in being scared, because the job had to be done—whether you were scared or not, you had to get on with it!"
如果一个人的事业能够被社会所认可，那么这种感受是超越物质的。话是这么说，但谁不想拥有好的物质条件呢？,"If a person's career is recognised by society, the sense of fulfilment that brings goes beyond material things. That said, who wouldn't want to enjoy a good standard of living?"
现在很多公交车驾驶座旁安装了包围门，保证司机专注开车。话说回来，司机安全驾驶，乘客才能安全到站。,"Nowadays, many buses are fitted with a partition next to the driver's seat to ensure the driver can concentrate on driving. After all, only when the driver drives safely can passengers reach their destination safely."
我一定得去问问，她这本书是在哪淘来的？不过话又说回来了，打听出来了又怎么样？反正已经被她买走了。,"I really must ask her where she managed to track down this book. But then again, what's the point of finding out? She's already bought it anyway."
喀什绝大多数人口是维吾尔族，汉族仅占10%。换句话说，10个人里只有一个是汉族人。,"The vast majority of Kashgar's population is Uyghur; Han Chinese account for only 10 per cent. In other words, only one in ten people is Han Chinese."
读书固然范围要广博，但是也要有所选择，不能什么都读。换句话说，不仅要多读书，还要读好书。,"Whilst it is certainly important to read widely, one must also be selective and not read just anything. In other words, it is not enough simply to read a lot; one must also read good books."
你要问我过年的感受，简言之：热热闹闹、忙忙碌碌、吃吃喝喝、嘻嘻哈哈罢了。,"If you were to ask me how I felt about the Chinese New Year, in a nutshell: it was just a lively, bustling time of feasting, drinking and having a laugh."
电影艺术的教育作用，在于将人物的境遇、所作的斗争以及内心活动、思想感情传递给观众并为其所理解，从而激起共情。简而言之，就是能否动之以情。,"The educational role of the art of cinema lies in conveying the characters' circumstances, their struggles, and their inner thoughts and emotions to the audience so that they may be understood, thereby evoking empathy. In short, it is about whether the film can move the audience emotionally."
“北京的雪总是静悄悄地飘下来，不会有一点声音。只有第二天早上睡醒了去开门，才知道昨天晚上下雪了。”一个道地的北京口音回应说：“可不，北京连雪也文明。”,"“The snow in Beijing always falls so quietly, without a sound. It's only when you wake up the next morning and open the door that you realise it snowed last night.” A voice with a genuine Beijing accent replied, “That's right—even the snow in Beijing is civilised.”"
刘全指着铁子说：“要不是蔬菜大棚，铁子还是贫困户哩！”铁子不好意思地笑了：“可不是嘛！”,"Liu Quan pointed at Tiezi and said, ‘If it weren't for the vegetable greenhouses, Tiezi would still be living in poverty!' Tiezi smiled sheepishly: ‘That's for sure!'"
老实说，我对你太失望了。,"To be honest, I'm really disappointed in you."
我和我老公现在的状态是，只要我不主动和他说话，他也绝不会找我说话，老实说，有时候我觉得这样也挺好的，默契就行。,"The way things are between my husband and me at the moment is that, unless I make the first move and speak to him, he'll never come and talk to me either. To be honest, sometimes I think this is actually quite nice; it's enough that we're on the same wavelength."
我的朋友给我介绍了一位知名造型师。还别说，经他这么一打扮，我感觉整个人年轻了10岁。,"A friend of mine introduced me to a well-known stylist. I must say, after he'd styled me, I felt as though I'd been turned back the clock by ten years."
我当年一咬牙，花了三个月的工资买了这台洗衣机，你还别说，贵有贵的道理，这么多年它没出现过一次质量问题。,"Back then, I bit the bullet and spent three months' wages on this washing machine. And you know what? You get what you pay for – it hasn't had a single fault in all these years."
孩子考试不及格，千万别这样训斥孩子：“你看你，就考这么点分。你看那谁谁谁，人家怎么就能考那么高的分呢？”,"If your child fails an exam, you mustn't tell them off like this: ‘Look at you—you've only got this many marks. Look at so-and-so—how on earth did they manage to get such high marks?'"
小娟啊！别人减肥，你可不能减啊！你看你，本来就瘦，再减的话都没人形了！,"Xiao Juan! Everyone else is trying to lose weight, but you certainly mustn't! Look at you – you're already so slim; if you lose any more, you won't look human!"
你说到哪儿去了，我才不会对他产生任何好感！,What on earth are you on about? I'd never have the slightest bit of affection for him!
姐姐，看你说到哪儿去了，这么见外，我们是一家人，我怎么会不尽全力帮你呢？,"Sis, look where you're going with that—you're being so formal. We're family; how could I not do my very best to help you?"
说真的，老张，我真怕他！不但我怕，别人也都怕他。他要是来了，我可是一句话都说不出来。,"To be honest, Old Zhang, I'm really scared of him! It's not just me—everyone else is scared of him too. If he turns up, I won't be able to get a word out."
娜娜心平气和地说：“说真的，晓东，你过得好还是不好，对我已经无所谓了。我现在看到你，心里完全没有波澜。你放心吧，我不恨你，你不用抱歉。”,"Nana said calmly, ‘To be honest, Xiaodong, whether you're doing well or not doesn't matter to me anymore. Seeing you now leaves me completely unmoved. Don't worry, I don't hate you, and you don't need to apologise.'"
向一个根本不喜欢数学的人解释为何迷上数学，这几乎不可能。退一步说，他甚至不能向自己解释清楚。,"It is almost impossible to explain to someone who has no liking for mathematics whatsoever why one has become fascinated by it. Indeed, one cannot even explain it clearly to oneself."
且不说在近几年内，本省电力紧缺的局面不可能有根本性的改观，退一步说，即使电力紧缺得到基本缓解，小火电仍然有其不可替代之处。,"Leaving aside the fact that the province's electricity shortage is unlikely to see any fundamental improvement in the coming years, even if we concede that the shortage were to be largely alleviated, small-scale thermal power stations would still have their irreplaceable role to play."
无论如何，我得去打听打听，她这衣服到底从哪买的？,"In any case, I'll have to find out where on earth she bought that dress."
追逐梦想的过程必然是艰辛的，但无论如何，你都要坚持下去。,"The journey towards your dreams is bound to be arduous, but whatever happens, you must persevere."
你不能只看别人对你热不热情，先得想想自己应该怎么做。要我说呀，你还老觉得自己是个知识分子，身份与众不同。,"You can't just focus on whether others are warm towards you; you need to think first about what you should be doing yourself. If you ask me, you're always thinking of yourself as an intellectual, as though your status sets you apart from everyone else."
我是没看出来他的书法好在哪里，妙在哪里。要让我说，不同就不同在他是个作家，而不是普通人。,"I can't see what's so good or so brilliant about his calligraphy. If you ask me, the only difference is that he's a writer, not an ordinary person."
那些小伙子经常过来帮我在院子里干活，遇着墙坏了就重新垒。这不，院子的东墙就是他们不久前新垒的。,"Those lads often pop round to help me with the yard work, and whenever a wall's come down, they rebuild it. In fact, the east wall of the yard was rebuilt by them not long ago."
节日到了，我想给他们改善改善伙食。他俩是滕州的，这不，我准备了大葱、煎饼，还有一大盘肉。,"With the festive season upon us, I thought I'd treat them to a bit of a feast. They're from Tengzhou, so I've prepared some spring onions, pancakes and a large platter of meat."
他在屋后的空地上饲养了一群小鸡。这样一来，等小鸡长大后，他就有鸡蛋和鸡肉可吃了。,"He keeps a flock of chicks in the open space behind his house. That way, when the chicks grow up, he'll have eggs and chicken to eat."
这些猎犬虽然个个经验丰富、身手矫健，但是对主人却不够信任。这样一来，整个队伍在捕猎时的战斗力并不高。,"Although these hounds are all experienced and agile, they do not place sufficient trust in their masters. Consequently, the pack's effectiveness during the hunt is not particularly high."
他在我睡熟的时候偷偷跑了。真是的，我怎么会一点儿动静都没听到，睡得这么沉呢？,"He slipped away whilst I was fast asleep. Goodness me, how on earth did I not hear a single sound? I must have been sleeping so soundly."
这点儿小事你竟然能唠叨两个多小时，真是的！,You've actually been going on about this trivial matter for over two hours – for goodness' sake!
生态经济学认为，一切经济活动都是在一定的生态经济系统中进行的。它是由生态系统和经济系统两个子系统有机结合形成的。经济活动不单在经济系统中进行，同时也在生态系统中运行。也就是说，同时要受经济规律和生态规律的双重制约。有的地区比其他地区发展得好、前景也更广阔，关键就在于主政者能够不但遵循商业经营规律，同时也满足生态平衡的自然规律要求。综上所述，创造经济效益、增强地区的竞争力与可持续发展密不可分，关键之处是人类是否在合理地利用资源、是否在改善和保护环境。,"Ecological economics holds that all economic activities take place within a specific eco-economic system. This system is formed by the organic integration of two subsystems: the ecological system and the economic system. Economic activities do not merely occur within the economic system; they also operate within the ecological system. In other words, they are subject to the dual constraints of both economic and ecological laws. The reason why some regions develop more successfully and have brighter prospects than others lies in the fact that their leaders are able not only to adhere to the principles of commercial management but also to meet the requirements of the natural laws governing ecological balance. In summary, generating economic benefits and enhancing a region's competitiveness are inextricably linked to sustainable development; the key lies in whether humanity is utilising resources rationally and whether it is improving and protecting the environment."
在这两天的赛场上，对面实力强大，调兵遣将游刃有余，相比起来，我们在女子项目上可与之匹敌，男双也有机会，但男单相对处于弱势。综上所述，赢下对方的困难不小，可他们碰见我们，心里未必就不发怵。,"Over the past two days of competition, our opponents have proved formidable, managing their line-up with ease. In comparison, we are more than a match for them in the women's events, and we also stand a chance in the men's doubles, though we are at a relative disadvantage in the men's singles. All things considered, it will be no easy task to beat them, but they may well feel a twinge of apprehension when facing us."
法制组调查组赴广东省多地，对招商引资工作进行了深入调研。总的来说，工作取得了不小的成就，但也暴露出了若干具体问题。,"The Legal Affairs Group's investigation team visited several locations in Guangdong Province to conduct an in-depth survey of investment promotion efforts. Overall, the work has achieved considerable success, but it has also revealed a number of specific issues."
他虽然性子急，有时说话有点儿伤人，但总的来说，他是个善良、真诚的人，关键时刻，总能给予我最及时的帮助。,"Although he has a short temper and can sometimes say things that hurt, on the whole he is a kind and sincere person who always manages to offer me the help I need at just the right moment."
现在这个时代，你不但可以进行传统的阅读自学，还可以在网络上参加正规大学开设的慕课，学习之后甚至能获得学分认定。总而言之，一个有志于学习的人，肯定能够找到适合自己的学习之路，从而走上精彩的人生之路。,"Nowadays, not only can you engage in traditional self-study through reading, but you can also take MOOCs offered by recognised universities online, and may even be awarded academic credits upon completion. In short, anyone with a desire to learn is sure to find a path of learning that suits them, thereby setting out on a fulfilling journey through life."
鲁迅早就主张用“拿来主义”对待他国的科学文化。他主张“拿来”以后，再区别好坏，或用或弃，总而言之，为我所用。,"Lu Xun had long advocated adopting a ‘take-what-we-need' approach to the science and culture of other countries. He argued that, after ‘taking' these elements, one should then distinguish between the good and the bad, deciding whether to adopt or discard them; in short, to make them serve our own purposes."
他的出发点是好的，只是没想到事情会闹到这个地步。,His intentions were good; he just didn't expect things to escalate to this extent.
她是铁了心要走，话说到这个份上了，再挽留也就没什么意思。,"She was absolutely determined to leave; now that she'd put it so bluntly, there was no point in trying to persuade her to stay."
他对他那一对双胞胎儿女，喜欢得要命。,He adores his twin children to bits.
今年福州破天荒下起了雪，天气冷得要死。幸亏家里提前装了地暖。,"It snowed in Fuzhou for the first time ever this year, and it's freezing cold. Thank goodness we'd had underfloor heating fitted at home in good time."
儿子再次打来电话，可他连听都不听就直接把电话挂掉，然后把话筒放在一边，这样他儿子就再也打不进来了。,"His son rang again, but he hung up without even listening, then set the receiver aside so that his son could no longer get through."
我敢断定，你托他办的这件事，他在老板面前提都没提过。,I'm quite certain that he hasn't even mentioned the matter you asked him to sort out to his boss.
玩就玩个痛快，反正明天还是假期。,Let's have a right good time—it's still a bank holiday tomorrow anyway.
今天我请客，你不用心疼钱，咱去就去个好点儿的饭店。,"I'm treating today, so don't worry about the cost – let's go to a nice restaurant."
在海上生活可不是件简单的事。这几天，我们晕船晕得吃了吐，吐了吃，一点儿胃口都没有。,"Life at sea is no easy matter. These past few days, we've been so seasick that we've been eating and then throwing up, and then throwing up and eating again; we haven't had the slightest appetite."
昨天晚上我睡了醒，醒了睡，心里十分烦躁，总觉得我们的秘密被泄露了。,Last night I kept dozing off and waking up; I felt very restless and couldn't shake the feeling that our secret had been revealed.
你相信也好，不相信也罢，反正我没有在背后说过你的坏话。,"Believe it or not, I've certainly never spoken ill of you behind your back."
不论别人说我幼稚也好，不成熟也罢，我都会坚持自己的原则。,"No matter whether people call me childish or immature, I will stick to my principles."
她这次考试没考好，整整哭了一天，别提多伤心了。,She didn't do well in her exam this time and cried for a whole day; she was absolutely heartbroken.
我和爸爸昨天第一次坐了过山车，那种体验，别提有多奇妙了。,My dad and I went on a rollercoaster for the first time yesterday; it was an absolutely marvellous experience.
站在慕田峪长城的高处看去，只见长城宛如一条曲折蜿蜒的巨龙，气势丝毫不亚于八达岭长城。,"Standing high up on the Mutianyu section of the Great Wall, one can see the Great Wall stretching out like a huge, winding dragon, its grandeur in no way inferior to that of the Badaling section."
她一说起家乡便打开了话匣子，那骄傲的神情透出对家乡无比的热爱。她对每一处名胜的了解程度不亚于一个专业导游。,"As soon as she started talking about her hometown, she couldn't stop; her proud expression betrayed her boundless love for the place. Her knowledge of every single landmark was on a par with that of a professional tour guide."
很多年轻人工作上有闯劲，但比较毛躁，遭遇挫折时，总不知如何是好。,"Many young people are full of drive in their work, but they tend to be rather impulsive, and when faced with setbacks, they are often at a loss as to what to do."
她告诉我她和男友分手了，很痛苦。可我真的不知怎么办才好，只能不停地安慰她。,"She told me she'd split up with her boyfriend and was really upset. But I really didn't know what to do, so all I could do was keep comforting her."
那姑娘动不动就给他打电话，弄得别人都以为他们是恋爱关系。,"That girl was always ringing him up, which made everyone else think they were in a relationship."
“我根本没有说过那些话！”王静的脸沉了下来，“你怎么动不动就歪曲我？”,‘I never said any of those things!' Wang Jing's expression darkened. ‘Why do you keep twisting my words?'
小黄怎么也不会想到，这份就业协议把自己送上了法庭，赔了2万元“违约金”不说，还落得个“没有诚信”的名声。,"Xiao Huang could never have imagined that this employment agreement would land him in court; not only did he have to pay 20,000 yuan in ‘liquidated damages', but he also ended up with a reputation for ‘lacking integrity'."
他也曾在股市搏杀，企图大赚一笔，结果闹得个血本无归，连房子都卖了。,"He had also tried his hand at the stock market, hoping to make a fortune, but ended up losing everything, even having to sell his house."
你来我家，我一定用珍藏多年的好酒招待你，让你喝个痛快。,"If you come to my house, I'll be sure to treat you to some fine wine I've been saving for years, and let you drink your fill."
你下班之后就回家不行吗？天天在外面玩个什么劲儿？,Can't you just go home after work? What's the point of going out to have a laugh every single day?
遇事别多想，该吃吃，该喝喝，天塌不下来。,"Don't overthink things; eat when you should, drink when you should – the sky isn't about to fall in."
到了高三下学期，就该放下所有负担，调整好心态，该学就学，该玩就玩。,"By the second term of your final year of secondary school, it's time to put all your worries aside, get into the right frame of mind, and study when you need to and have fun when you can."
要是我能想到别的办法，何至于来叨扰您呢？,"If I could think of another way, why would I be bothering you?"
我后悔没有听从他的忠告——要不然，事情何至于变得如此不可收拾！,"I regret not heeding his advice—otherwise, things would never have got so out of hand!"
在这家私营企业中，他的地位仅次于董事长。,"In this private company, he ranks second only to the chairman."
水稻是世界上分布最广泛的粮食作物之一，其种植面积仅次于小麦。,"Rice is one of the most widely cultivated food crops in the world, with a cultivated area second only to that of wheat."
我今天之所以放他一马，完全是看在你的面子上。,The only reason I let him off today was entirely to save face for you.
你别那么固执了，看在孩子的面子上，就来一趟吧。,"Don't be so stubborn; for the child's sake, just come along this once."
我觉得高档饭店的菜真没什么吃头儿，还是路边地道的土菜馆吃着过瘾。,"I don't really find the food at upmarket restaurants all that great; I much prefer the authentic, down-to-earth dishes at roadside eateries."
春晚小品少了原来那些老面孔，还真是没什么看头儿。,"Without those familiar faces in the Spring Festival Gala sketches, there really isn't much to watch."
你别再解释了，我跟你没什么好说的。,Don't bother explaining any further; I've got nothing more to say to you.
这事儿已经过去了，没什么好纠结的，人得往前看。,It's all in the past now; there's no point dwelling on it – one must look to the future.
登山的游客可以欣赏到众多书画名家留下的石刻题词。石刻题词最密集地方，莫过于我们现在看到的这处崖壁了。,Visitors climbing the mountain can admire the stone inscriptions left by numerous renowned calligraphers and painters. Nowhere are these inscriptions more concentrated than on this very cliff face we are looking at.
近些年，在全球范围内引发最多关注的火山，莫过于2010年3月20日开始大规模喷发的冰岛南部的埃亚菲亚德拉火山了。,"In recent years, the volcano that has attracted the most attention worldwide is undoubtedly Eyjafjallajökull in southern Iceland, which began a major eruption on 20 March 2010."
你说你一个20多岁的成年人，又不是小孩子，怎么连话都说不清楚呢？,"You're a grown-up in your twenties, not a child – how come you can't even speak properly?"
你说你一个弱女子，一个人跑到这儿来干什么？人生地不熟的。,You say you're just a defenceless young woman—what on earth are you doing here all on your own? You don't know a soul here.
你知道我的难言之隐，我不能和任何人说明我们的关系。所以什么好的坏的我都要憋在心里，默默承受。,"You know my secret; I can't tell anyone about our relationship. So, whether it's good or bad, I have to keep it all to myself and bear it in silence."
听说小林和小王要结婚了，是真的吗？,I've heard that Xiao Lin and Xiao Wang are getting married. Is that true?
——什么真的假的？！他俩结婚的日子早就定了，请帖也都发出去了。,"—What do you mean, ‘is that true or not'?! Their wedding date was set ages ago, and the invitations have all been sent out."
这项低保补助金，是为低收入家庭发放的。补助金额每家从500到3500元不等，视家庭收入而定。,"This minimum living allowance is provided to low-income households. The amount of the allowance varies from 500 to 3,500 yuan per household, depending on the household's income."
领导进行调研的方式有多种，可以明察，可以暗访，可以召开小型座谈会，还可以针对性地个别谈话。该用什么方式，应视情况而定。,"There are various ways for leaders to conduct research: they may carry out open inspections, make unannounced visits, hold small-scale round-table discussions, or conduct targeted one-to-one interviews. The approach to be taken should depend on the circumstances."
十几年前，该县共有20余所小学，其中多半学校的校舍残破，教学设施老旧。这种情况下，谈何“素质教育”？,"A dozen or so years ago, the county had a total of more than 20 primary schools, the majority of which had dilapidated buildings and outdated teaching facilities. Under such circumstances, how could there be any question of ‘quality education'?"
消费能力不足，工业产品就卖不出去。产品市场惨淡，工业谈何兴旺！,"Without sufficient purchasing power, industrial products cannot be sold. With the market for these products in such a dire state, how can industry possibly flourish?"
他无非有些小聪明罢了，离天才还差得远呢！,He's just a bit clever—he's a long way from being a genius!
这里的海鲜大餐物美价廉，人均花费不过二百多港币而已。,"The seafood feast here offers excellent value for money, with the cost per person coming to just over 200 Hong Kong dollars."
我从来不觉得自己胖，我只是不瘦而已。,I've never thought of myself as fat; I'm just not slim.
领导干部不能有私心杂念，要全心全意为人民服务，想人民之所想，急人民之所急。,"Leading cadres must not harbour selfish motives or ulterior thoughts; they must serve the people wholeheartedly, thinking what the people think and sharing their concerns."
创业指导专家服务团成立一年来，想创业者之所想，急创业者之所急，是创业者的最佳智囊团。,"Since its establishment a year ago, the Start-up Advisory Expert Service Team has been thinking what start-up founders think and addressing their most pressing concerns, serving as their best think tank."
我们谨此向广大读者致以最诚挚的问候，感谢大家在过去的一年里对本刊的支持、鼓励和批评。,"We would like to extend our warmest regards to our readers and thank you all for your support, encouragement and constructive criticism over the past year."
我满怀喜悦，用中文向留学生们致以节日的祝福。,It is with great joy that I extend my festive greetings to the international students in Chinese.
我要长相没长相，要身材没身材，怎么可能当明星？,I've got neither looks nor a good figure—how on earth could I ever be a star?
我们返回的时候要机票没机票，要火车票没火车票，只好跟人拼车回来。,"When we were due to return, there were no plane tickets or train tickets available, so we had no choice but to share a car with others to get back."
老张要能力有能力，要资历有资历，早就应该当经理了。,Old Zhang has both the ability and the experience; he should have been made manager long ago.
你的部队一定要坚守阵地，把敌人反击下去，要援兵有援兵，要弹药有弹药。,Your troops must hold their positions at all costs and repel the enemy's counter-attack; reinforcements and ammunition are available whenever needed.
看到其他人的结局，俞经理十分庆幸自己没有因一时冲动而犯下大错。,"Seeing how things had turned out for others, Manager Yu was very glad that he had not made a serious mistake on the spur of the moment."
教师为每个学生制定的学习计划应因人而异。,The learning plans that teachers draw up for each pupil should be tailored to the individual.
政府若仅靠当地力量不能让群众脱贫致富，引入外部资源有何不可？,"If the government cannot lift the people out of poverty and help them prosper by relying solely on local resources, what is wrong with bringing in external resources?"
我是真不明白，你这样只知道拼命赚钱，生活究竟有何乐趣？,I really don't understand—what's the point of life if all you do is work yourself to the bone just to make money?
这不就是一场校际篮球联赛吗，有什么看头？,Isn't this just an inter-school basketball tournament? What's so interesting about it?
我是不明白，这些垃圾食品，油腻至极，有什么吃头？,I really don't understand what's so appealing about this junk food—it's absolutely dripping with grease.
他职位提升后，工作日益繁忙，只能在工作之余发表一些作品。,"Since his promotion, his workload has become increasingly heavy, and he has only been able to publish a few pieces in his spare time."
这本书收录了很多幽默、滑稽的故事，不过倘若能在捧腹大笑之余回味一番，便可发现这些故事背后也蕴含着深刻的哲理。,"This book contains many humorous and comical stories; however, if you take a moment to reflect on them after having a good laugh, you will discover that there are profound philosophical insights underlying them."
值此新春佳节之际，衷心感谢您对本公司一直以来的关心和支持！,"On the occasion of the Spring Festival, we would like to express our sincere gratitude for your continued interest in and support of our company!"
值此教师节来临之际，祝我校全体老师身体健康，阖家幸福！,"As Teachers' Day approaches, we wish all the teachers at our school good health and happiness for them and their families!"
新型钛合金门窗不仅美观大方，而且在使用寿命方面也远远优于铁窗和铝合金门窗。,"New-generation titanium alloy windows and doors are not only attractive and elegant, but also far superior to iron windows and aluminium alloy windows and doors in terms of service life."
对她这种锦衣玉食的富家小姐而言，面子往往胜于一切。,"For a young lady from a wealthy family like her, who is used to a life of luxury, saving face is often more important than anything else."
我可不相信这世界上还有厨艺高过您的人。,I simply cannot believe there's anyone in the world who can cook better than you.
你争气点，强过你的两个哥哥，不要让那些没安好心的人笑话了。,"Do yourself some credit, prove yourself better than your two older brothers, and don't let those with ulterior motives have a laugh at your expense."
他虽然在犹豫，但现在还不会和她说分手，一来于心不忍，二来谈了这么多年多少也习惯了，三来怕别人议论。,"Although he was having second thoughts, he wasn't ready to break up with her just yet: firstly, he couldn't bring himself to do it; secondly, having been together for so many years, he had grown accustomed to the relationship; and thirdly, he was worried about what people might say."
他对王经理有相当的敬意，一来因为是自己的顶头上司，二来因为经理对于相关业务确实是烂熟于心，三来因为经理虽沉默寡言但又善于处理人际关系。,"He had a great deal of respect for Manager Wang: firstly, because he was his immediate superior; secondly, because the manager truly knew the relevant business inside out; and thirdly, because, although he was a man of few words, he was skilled at managing interpersonal relationships."
这种药品一则价格高昂，二则产量较少，三则副作用明显，因此难以推广。,"This medicine is difficult to promote because, firstly, it is expensive; secondly, it is produced in limited quantities; and thirdly, it has significant side effects."
排练时需要的演员比实际演出的时候要多一些，一则考察演员的表现，不合适的话就换掉；二则可以相互提出意见，完善表演；三则不上场的演员也可以做一些剧务工作。,"A slightly larger cast is required during rehearsals than for the actual performance. Firstly, this allows the actors' performances to be assessed, and those who are unsuitable can be replaced; secondly, it enables them to offer each other feedback and refine their performances; and thirdly, actors who are not on stage can assist with stage management tasks."
所谓绒面涂料，就是视觉效果一流，又不会引发眩晕，触感柔软而有弹性的新型装饰材料。,"So-called velvety paint is a new type of decorative material that offers a superb visual effect without causing dizziness, and is soft and supple to the touch."
企业管理者要为企业的发展提供催化剂。所谓催化剂，就是能为企业发展提供助力的一切行为，包括设立清晰目标、调动员工自主性和创造性，以及提供充分的资源等。,"Business leaders must act as catalysts for the organisation's development. By ‘catalyst', we mean any action that helps drive the organisation's development, including setting clear objectives, fostering employees' autonomy and creativity, and providing adequate resources."
这一辈子，或饱经挫折，或一帆风顺。受挫折的，心性会得到磨炼，总是处于顺境的，往往思想单纯。,"In the course of one's life, one may face numerous setbacks or enjoy smooth sailing. Those who face setbacks find their character tempered, whilst those who are always in favourable circumstances tend to have a simpler outlook."
那个工人，或是生病了，或是家里头有事，反正今天来不了了。,"That worker—whether he's ill or has something come up at home—won't be able to come in today, anyway."
今年上半年，门店营业额有二百五十万元之多，但利润仅一万多元，公司经理说：“我们宁可利润少一些，也不能忘掉服务消费者的宗旨。”,"In the first half of this year, the shop's turnover amounted to as much as 2.5 million yuan, but profits were only just over 10,000 yuan. The company manager said, ‘We would rather make a smaller profit than lose sight of our commitment to serving our customers.'"
这批有志于交响乐艺术的音乐家始终以发展中国高水平的交响乐为己任。他们宁愿生活艰苦些，也不愿放弃自己热爱的事业。,"These musicians, who are dedicated to the art of symphonic music, have always regarded the development of high-calibre symphonic music in China as their mission. They would rather endure a modest standard of living than give up the career they are passionate about."
与其在这里胡思乱想，我宁愿当面去问个清楚。,"Rather than sitting here speculating, I'd much rather go and ask him directly."
与其跟这些毫无责任心的人一组，我宁可一个人做这个小组作业。,I'd rather do this group assignment on my own than be in a group with these irresponsible people.
重庆火锅好吃是好吃，不过对于吃不惯麻辣味的人来说，恐怕会难以入口。,"Chongqing hotpot is certainly delicious, but for those unaccustomed to spicy and numbing flavours, it may well prove difficult to eat."
上周的大型相亲会，他迫于父母的压力，去倒是去了，但若是让他在相亲会上勇敢地表达自己，追求心上人，确实是难为他了。,"At last week's large-scale matchmaking event, he did turn up under pressure from his parents, but to expect him to boldly express himself and pursue the woman he fancied at such an event was really asking too much of him."
别看年龄小，他的志向可很大呢！,Don't let his young age fool you – he's got big ambitions!
别看小王一天到晚看上去什么都不在乎的样子，其实他是个特别在意别人看法的人。,"Don't be fooled by the fact that Xiao Wang seems not to care about anything all day long; in reality, he's someone who cares deeply about what others think."
虽说我的身体不好，但我并不会放弃一直以来的理想。,"Although I am in poor health, I will not give up on the dream I have always held."
虽说这位著名画家的一幅画就可赚上百万，可仍然架不住儿子这样挥霍。,"Although a single painting by this famous artist can fetch millions, it is still no match for his son's extravagance."
无论你同意与否，他都会按自己的计划去处理这件事的。,"Whether you agree or not, he will go ahead with this according to his own plan."
所有的工作人员，无论工作成绩优异与否，都是能领到高额奖金的。,"All staff members, regardless of their performance, are eligible to receive a substantial bonus."
此次比赛设有一、二、三等奖及优秀奖。凡获奖者均颁发荣誉证书。,"The competition features First, Second and Third Prizes, as well as an Excellence Award. All prize-winners will be presented with a certificate of honour."
凡来我市进行技术合作的单位，均可根据自身的资金、设备、专长等条件，进行多领域、多层次的合作。,"Any organisation wishing to engage in technical cooperation with our city may do so across a range of fields and at various levels, depending on its own financial resources, equipment and expertise."
假若你不愿待在家里，你可以到湖边散散步，或在公园喝喝茶、下下棋。,"If you don't fancy staying at home, you could go for a walk by the lake, or have a cup of tea and play a game of chess in the park."
我从来都不会后悔之前的决定，假使一切再从头来，结果也还是一样的。,"I never regret the decisions I've made in the past; even if I had to start all over again, the outcome would be the same."
幸好你今天中午替我打了饭，不然我就只有挨饿的份了。,"Thank goodness you got me some lunch at midday today; otherwise, I'd have had to go hungry."
幸亏老张告诉了我哥哥的电话号码，否则我就真没法跟哥哥联系了。,"Thank goodness Old Zhang gave me my brother's phone number; otherwise, I really wouldn't have been able to get in touch with him."
纵然无人为他加油喝彩，他最终也还是夺取了本站比赛的冠军。,"Even though no one was cheering him on, he still went on to win this round of the competition."
纵使出于好心，你也要注意沟通的方式，说话不要那么直接。,"Even if your intentions are good, you should be mindful of how you communicate and avoid being so direct."
富有智慧者看得透，故不争；胸襟豁达者想得开，故不斗。,"The wise see through things, and so do not quarrel; the magnanimous take things in their stride, and so do not fight."
肺肉瘤样癌是一种罕见的肺癌，因其症状、体征缺乏特异性，常需术后活检才能确诊，故明确诊断较难。,"Pulmonary sarcomatoid carcinoma is a rare form of lung cancer; as its symptoms and signs are non-specific, a post-operative biopsy is often required for a definitive diagnosis, making it difficult to diagnose with certainty."
自从这种靶向药物问世之后，它的治疗癌症的功能被推崇到了极点，以至它在黑市上的价格被炒到了百万以上。,"Since this targeted drug was introduced, its efficacy in treating cancer has been extolled to such an extent that its price on the black market has soared to over a million."
当下的素质教育实践呈现出明显的形式化特征，以至于一些学校将活动课的数量作为衡量素质教育实施的指标，反而加重了学生负担。,"Current practices in quality education exhibit clear signs of becoming merely a formality, to the extent that some schools use the number of activity-based lessons as an indicator of the implementation of quality education, which has in turn increased the burden on pupils."
这本书别说本科生了，研究生读起来都费劲。,"This book is a struggle to read, not just for undergraduates, but even for postgraduates."
他现在没有收入来源，别说10万，就是一万块现在也拿不出。,"He has no source of income at the moment; let alone 100,000, he couldn't even come up with 10,000 right now."
你们在我家住着白吃白喝不说，还给我添乱。,"Not only are you staying at my place and living off me for free, but you're also causing me trouble."
消费者最怕的就是上当受骗，买到假冒伪劣商品，钱花了不说，还弄了一肚子气。,"What consumers fear most is being duped and ending up with counterfeit or substandard goods; not only have they wasted their money, but they've also been left feeling thoroughly frustrated."
这道题的解法连老师都得想半天，更不用说学生了。,"Even the teacher would have to think about this problem for quite a while, let alone the pupils."
他连简单的道歉都不肯，更不用说做出什么补偿了。,"He wouldn't even offer a simple apology, let alone make any amends."
这样的影视作品，成人尚且不宜观看，何况是涉世未深的孩子。,"Such films and television programmes are unsuitable even for adults, let alone children who have little experience of the world."
高海拔地区土壤贫瘠、气候恶劣，野草生长尚且困难，更何况发展大规模农业？,"In high-altitude regions, the soil is barren and the climate harsh; even wild grasses struggle to grow, let alone the development of large-scale agriculture."
听音乐如果音量过大，对成人的听力都会造成损伤，更不用说对婴幼儿了。所以，让婴幼儿听音乐时，音量要控制适当。,"Listening to music at excessively high volumes can damage the hearing of adults, let alone that of infants and young children. Therefore, when playing music for infants and young children, the volume should be kept at a suitable level."
虽说“豪华型”大客车带有卧铺，但路况不好，一路颠簸。坐在这种车上，想打个盹常常都不容易，更不用说睡个安稳觉了。,"Although the ‘deluxe' coach is fitted with berths, the road conditions were poor and the journey was a bumpy ride. Sitting on a coach like this, it's often difficult even to doze off, let alone get a good night's sleep."
超强台风将在浦东登陆，为安全起见，长三角地区部分列车会临时停运。,"A super typhoon is set to make landfall in Pudong; for safety reasons, some train services in the Yangtze River Delta region will be temporarily suspended."
医生说他手术恢复得很好，但为了保险起见，还是需要留院观察一段时间。,"The doctor said he was recovering well from the operation, but to be on the safe side, he still needs to remain in hospital for a while for observation."
在广泛听取各方意见之后，工信部决定实施宽带提速计划，以实现上网速度与国际平均水平接轨。,"After consulting widely with all relevant parties, the Ministry of Industry and Information Technology has decided to implement a broadband speed-up programme with a view to bringing internet speeds into line with international averages."
世界卫生组织呼吁成员国加强合作，完善监督机制，保证有充裕的资金，以帮助广大发展中国家。,"The World Health Organisation has called on its member states to strengthen cooperation, improve monitoring mechanisms and ensure adequate funding to assist developing countries."
为什么我事先对你百般劝说都没有用，非得酿成大错你才肯反思？,"Why did none of my repeated attempts to persuade you beforehand have any effect, and why did you only reflect on your actions after you'd made such a terrible mistake?"
若是家长不给买玩具，“小皇帝”便会大哭大闹，非得把玩具弄到手才罢休。,"If their parents refuse to buy them a toy, these ‘little emperors' will throw a tantrum and won't give up until they've got their hands on it."
他的小女儿要是哭起来，任谁也哄不好。,"If his youngest daughter starts crying, no one can comfort her."
他的心情低落到了极点，似乎任什么事也不能让他开心一点。,He was feeling utterly down; it seemed as though nothing could cheer him up in the slightest.
我8岁开始学拉二胡，现已达到第七级了；11岁开始学弹钢琴，现已通过第八级的考试。,"I started learning the erhu when I was eight years old, and I have now reached Level 7; I started learning the piano when I was eleven, and I have now passed the Level 8 exam."
我在孩子的成长过程中，给予他充分的自由。我不逼他学奥数，除非他自己愿意学；不逼他音乐考级，只求培养些许乐感；不逼他学外语，只为他提供开口讲外语的机会。,"Throughout my child's upbringing, I have given him complete freedom. I do not force him to study Olympiad maths unless he wishes to do so himself; I do not force him to sit music exams, but simply aim to cultivate a sense of musicality; and I do not force him to learn a foreign language, but merely provide him with opportunities to speak it."
今年虽然因为气温低，西瓜上市的时间推迟了，但总产量同比增长了近二成。,"Although the arrival of watermelons on the market has been delayed this year due to the low temperatures, total production has increased by nearly 20 per cent compared with last year."
我清楚地记得那天她戴的是一枚钻戒，虽然她后来坚决否认，说她戴的只不过是枚普通金戒指，而且她发给我的照片也证实了这一点，可我还是不愿意承认我记错了。,"I clearly remember that she was wearing a diamond ring that day; although she later categorically denied it, insisting that it was merely an ordinary gold ring—and the photo she sent me did indeed confirm this—I still refuse to admit that I was mistaken."
如果你足够努力，而且有一定的天赋，再加上一点点好运气，就一定能通过这次考试。,"If you work hard enough, have a certain amount of talent, and a bit of luck on your side, you're bound to pass this exam."
要是房子没有其他问题，只是因为租金高而迟迟租不出去，你就要考虑降一部分租金试试了。,"If there are no other issues with the property and it simply isn't letting because the rent is too high, you should consider lowering the rent slightly to see if that helps."
由于奥运会足球比赛一开始只面向准业余选手，所以它的水平不能与世界杯相比。于是在1930年乌拉圭举办第一届世界杯后，奥运会足球比赛就退居到次要位置。,"As the Olympic football tournament was initially open only to semi-amateur players, the standard of play could not be compared to that of the World Cup. Consequently, following the first World Cup, held in Uruguay in 1930, the Olympic football tournament took a back seat."
他非常热衷于人体研究，因为在研究中不但可以获得新知识，而且还能对自己的身体状况有更深入的了解。,"He is very keen on the study of the human body, as this not only enables him to gain new knowledge but also gives him a deeper understanding of his own physical condition."
他不但会吹笛子，而且吹得还挺好，甚至还会做笛子呢！,"Not only can he play the flute, but he plays it rather well; he can even make flutes!"
这个项目不如交给小张负责，这样既能考验小张的能力，又能满足董事长的要求，而且还可以不得罪总经理。,"It would be better to entrust this project to Zhang; that way, we can put his abilities to the test, meet the Chairman's requirements and avoid upsetting the Managing Director."
豆腐皮包肉的制作程序如下：取豆腐皮一袋用温水泡软，切成两个饺子皮大小的方块备用。将肉末用姜末、葱花、盐、味精、鸡蛋和好，再将几只冬菇泡软、切碎，放入肉末中拌匀。,"The method for making meat-stuffed tofu skin rolls is as follows: Soak a packet of tofu skin in warm water until softened, then cut it into two squares the size of dumpling wrappers and set aside. Mix the minced meat with finely chopped ginger, spring onion, salt, MSG and an egg. Soak a few dried shiitake mushrooms until softened, chop them finely, and stir them into the minced meat until well combined."
在广泛调研的基础上，有关部门合并了一些高度类似的企业，停办一些消耗高、污染重、利润低的企业。经过调整以后，不少厂很快扭亏为盈。,"Following extensive research, the relevant authorities consolidated a number of highly similar enterprises and closed down those that were resource-intensive, heavily polluting and unprofitable. Following these adjustments, many factories quickly turned a loss into a profit."
20年前的长江中堡岛已不复存在。现在，在它的左边，大坝已矗立在波涛之中，左岸厂房坝、电厂、泄洪坝等已相继建成。在它的右边，三期工程的主体项目——右岸电厂正夜以继日地工作着。,"Zhongbao Island on the Yangtze River, as it was 20 years ago, no longer exists. Today, to its left, the dam stands tall amidst the surging waves, and the left-bank powerhouse, power station and spillway have all been completed in succession. To its right, the main project of the third phase—the right-bank power station—is operating round the clock."
站在广场的中心位置，向东望去，1号展馆坐落于馆区主轴线上。其南北分别为2、3号展馆。三个展馆从远处看排成一条线，十分整齐。绕过三馆，背后是4、5号展馆，分别位于2、3号馆的东侧，两馆皆为东西走向，共同构成环湖之势。,"Standing in the centre of the square and looking east, Exhibition Hall No. 1 is situated on the main axis of the exhibition complex. To its north and south are Exhibition Halls Nos. 2 and 3, respectively. Viewed from a distance, the three exhibition halls are aligned in a straight line, forming a very orderly arrangement. Walking round the three halls, Halls 4 and 5 are situated behind them, to the east of Halls 2 and 3 respectively; both run east-west, together forming a ring around the lake."
全球变暖是自然因素和人为因素共同作用的结果。一方面，近年来超强的厄尔尼诺现象显著升高了海水温度，使得大洋上空温度偏高。另一方面，人类活动，如大规模的工业排放和森林采伐，是更主要的原因。,"Global warming is the result of both natural and human factors. On the one hand, the exceptionally strong El Niño events of recent years have significantly raised sea surface temperatures, leading to higher temperatures over the oceans. On the other hand, human activities, such as large-scale industrial emissions and deforestation, are the primary causes."
该体制的优点是灾害响应速度快，处理突发情况效率高；缺点是不利于整合地方力量，也不利于平日村民自救意识的提高。,"The advantage of this system is that it enables a rapid response to disasters and efficient handling of emergencies; the disadvantage is that it does not facilitate the integration of local resources, nor does it help to raise villagers' awareness of self-rescue in everyday life."
甘草i于亚欧大陆的中国北部、蒙古、俄罗斯西伯利亚地区、哈萨克斯坦、巴基斯坦等地都有分布，Øi在中国具体分布于东北、华北、西北等地。甘草i喜光照充足、干燥少雨、冬夏分明以及昼夜温差大的环境，甘草i具有喜光、耐旱、耐热、耐寒及耐盐碱等特性。,"Liquorice is found across the Eurasian continent, including northern China, Mongolia, the Siberian region of Russia, Kazakhstan and Pakistan; in China, it is specifically found in the north-east, north and north-west. Liquorice (i) thrives in environments with ample sunlight, dry conditions with little rainfall, distinct winter and summer seasons, and significant diurnal temperature variations. It is characterised by its preference for sunlight, as well as its tolerance to drought, heat, cold and saline-alkali conditions."
人工智能i是新一轮科技革命和产业变革的重要驱动力量，Øi是研究、开发用于模拟、延伸和扩展人的智能的理论、方法、技术及应用系统的一门新的技术科学。,"Artificial intelligence (AI) is a key driving force behind the new round of technological revolution and industrial transformation; Øi is a new branch of technological science that involves the research and development of theories, methods, technologies and application systems designed to simulate, extend and enhance human intelligence."
我在创作这幅作品时，是希望能够依靠背影去反映出人物的情绪和精神状态。至于这件作品的展出位置，在规划展厅布局时，就做了特别的安排。,"When creating this piece, my aim was to use the figure's silhouette to convey their emotions and state of mind. As for the location of this work in the exhibition, special arrangements were made when planning the layout of the gallery."
我刻录光盘的速度都是软件默认的，如果自己去调高速度的话光盘容易报废。（至于）价钱嘛，买的比较多的话就一元一张盘。,"I always burn discs at the software's default speed; if you try to increase the speed yourself, you're likely to ruin the disc. (As for) the price, if you buy them in bulk, they cost one yuan each."
我奶奶虽然没有文化，【】做事却十分干脆，【】听了这话便找出存折，【】抱着我便径直走出家门去银行取钱。,"Although my grandmother was uneducated, 【】she was very decisive in her actions; 【】upon hearing this, she fetched her passbook, 【】picked me up and headed straight out of the house to the bank to withdraw some money."
中国政府秉承“以人为本”的精神，【】根据被援助国要求和国际社会的呼吁，【】及时提供了救灾物资、救援队和医疗队，【】尽力提供现汇资金援助，【】积极参与了国际合作的重大紧急救援任务。,"Guided by the principle of ‘putting people first', the Chinese Government, 【】in response to requests from recipient countries and appeals from the international community, 【】promptly provided relief supplies, rescue teams and medical teams, 【】made every effort to provide financial assistance in hard currency, and 【】actively participated in major emergency relief operations carried out through international cooperation."
虽然【】没有得到为国家献身的机会，但也一直做好了准备；如果到了那一天，汪昌绪绝对丝毫不会犹豫。,"Although [ ] had not been given the opportunity to make the ultimate sacrifice for his country, he had always been prepared; should that day ever come, Wang Changxu would certainly not hesitate for a moment."
无论【】平时工作多忙，【】回家多晚，王和平都会非常认真地检查孩子的作业。,"No matter how busy 【】 is at work or how late 【】 gets home, Wang Heping always checks his children's homework very carefully."
