entry,pos,meaning
可以,动,can/may/possible/able to
可以,形,not bad/pretty good
工作,动,to work/(of a machine) to operate
工作,名,job/work/task
病,名,illness/disease/defect
病,动,to fall ill
忙,形,busy/hurriedly
忙,动,to hurry/to rush
差不多,形,about the same/good enough/not bad
差不多,副,almost/nearly/more or less
可能,形,possible/probable
可能,名,possibility/probability
可能,动,might (happen)/maybe/perhaps
不行,动,not work/not be capable
不行,形,won't do/be out of the question/be no good
爱好,动,to like; to be fond of; to take pleasure in; to be keen on
爱好,名,interest; hobby
开始,动,to begin; to start
开始,名,beginning; start
考试,动,to take an exam
考试,名,exam
努力,动,to make an effort; to try hard; to strive
努力,形,hard-working; conscientious
明白,形,clear; obvious; unequivocal/sensible; reasonable
明白,动,to understand; to realize
变化,动,(intransitive) to change; to vary
变化,名,change; variation
需要,动,to need; to want; to demand; to require
需要,名,needs
半,数,half/(after a number) and a half
半,副,semi-/incomplete
点1,量,classifier for small amounts/a small amount; a bit; (after a verb or adjective) a bit more
点1,名,point; dot; spot; speck/point in time or space/(after a number) o'clock/(math.) decimal point/dot stroke in Chinese characters
对,形,right; correct/(bound form) opposite; facing; matching
对,介,towards; at; for/concerning; regarding
对,动,to treat (sb a certain way)/to face/to match together; to adjust/to fit; to suit/to answer; to reply/to add; to pour in (a fluid)/to check; to compare
对,量,classifier: couple; pair
多,形,many; much; more; a lot of/too many; in excess/(bound form) multi-; poly-
多,代,how (to what extent) (Taiwan pr. [duo2])
多,数,(after a numeral) ... odd
分,量,one tenth (of certain units)/unit of length equivalent to 0.33 cm/minute (unit of time)/minute (angular measurement unit)/a point (in sports or games)/0.01 yuan (unit of money)
分,动,to divide; to separate/to distribute; to allocate/to distinguish (good and bad)
分,名,(bound form) branch of (an organization); sub- (as in 分局[fen1 ju2])/fraction
给,动,to give/to allow/to do sth (for sb)
给,介,to/for/for the benefit of/(grammatical equivalent of 被)/(grammatical equivalent of 把)/(sentence intensifier)
几,代,how many; how much
几,数,several; a few
家,名,"home/family/(polite) my (sister, uncle etc)/refers to the philosophical schools of pre-Han China"
家,量,classifier for families or businesses
家,后缀,"noun suffix for a specialist in some activity, such as a musician or revolutionary, corresponding to English -ist, -er, -ary or -ian"
叫,动,to shout/to call/to order/to ask/to be called
叫,介,by (indicates agent in the passive mood)
口,名,mouth
口,量,"classifier for things with mouths (people, domestic animals, cannons, wells etc)/classifier for bites or mouthfuls"
没有,动,doesn't exist/to not have/to not be
没有,副,haven't/hasn't
那,代,"(specifier) that; the; those (colloquial pr. [nei4])/(pronoun) that (referring to persons, things or situations)"
那,连,then (in that case)
上,名,(bound form) up; upper; above; previous/first (of multiple parts)/(noun suffix) on; above
上,动,to climb; to get onto; to go up/to attend (class or university)/(directional complement) up
少,形,few/less/seldom
少,动,to lack/to be missing/to stop (doing sth)
天,名,sky/heaven
天,量,day
下,名,down/downwards/below/lower/later/next (week etc)/second (of two parts)
下,动,"to decline/to go down/to arrive at (a decision, conclusion etc)"
下,量,measure word to show the frequency of an action
一下,数量,"(after a verb) a bit; a little (indicating brief duration, or softening the tone, or suggesting giving sth a try)"
一下,副,all at once; suddenly
有些,代,some
有些,副,somewhat; rather; a bit
在,动,to exist; to be alive/(of sb or sth) to be (located) at
在,副,(used before a verb to indicate an action in progress)
真,副,really/truly/indeed
真,形,real/true/genuine
班,名,team; class; grade/(military) squad/work shift
班,量,classifier for groups of people and scheduled transport vehicles
包,动,to cover/to wrap/to hold/to include/to take charge of/to contract (to or for)/to hold or embrace
包,名,package/wrapper/container/bag
包,量,bundle/packet
但,连,but; yet; however; still
但,副,merely; only; just
等1,动,to wait for; to await
等1,介,by the time; when; till
跟,介,with/compared with/to/towards
跟,连,and (joining two nouns)
跟,名,heel
跟,动,to follow closely/to go with/(of a woman) to marry sb
还是,副,still (as before)/had better/unexpectedly
还是,连,or
花2,名,flower/blossom/fancy pattern
花2,形,florid/(coll.) lecherous/lustful
画,动,to draw; to paint/to draw (a line) (variant of 劃|划[hua4])
画,名,picture; painting/stroke of a Chinese character (variant of 劃|划[hua4])/(calligraphy) horizontal stroke (variant of 劃|划[hua4])
间,量,classifier for rooms
间,名,between/among/within a definite time or space/room/section of a room or lateral space between two pairs of pillars
累,形,tired/weary
累,动,to strain/to wear out/to work hard
面1,名,face/side/surface/aspect/top
面1,量,"classifier for objects with flat surfaces such as drums, mirrors, flags etc"
那么,代,like that; in that way; to that extent/(before a number) ... or so; about ...
那么,连,then; in that case
让,动,to yield/to permit/to let sb do sth/to have sb do sth/to make sb (feel sad etc)
让,介,"by (indicates the agent in a passive clause, like 被[bei4])"
时,名,o'clock/time/when/season/period
时,量,hour
疼,形,(it) hurts; sore
疼,动,to love dearly
条,量,"classifier for long thin things (ribbon, river, road, trousers etc)"
条,名,strip/item/article/clause (of law or treaty)
姓,名,family name; surname
姓,动,to be surnamed ...
运动,动,to move/to exercise
运动,名,sports/exercise/motion/movement/campaign
比赛,动,to compete
比赛,名,competition (sports etc)/match
打算,动,to plan/to intend/to calculate
打算,名,plan/intention/calculation
大概,形,rough/approximate
大概,副,roughly/probably/about
大概,名,general idea
带,动,to wear/to carry/to take along/to bear (i.e. to have)/to lead/to bring/to look after/to raise
带,名,band/belt/girdle/ribbon/tire/area/zone/region
得分,动,"to score a point (in a competition, test etc)"
得分,名,score; rating; grade
电,名,lightning/electricity/electric (bound form)/phone call or telegram etc
电,动,to get (or give) an electric shock/to send via telephone or telegram etc
封,量,"classifier for sealed objects, esp. letters"
封,动,to confer/to grant/to bestow a title/to seal
感冒,名,(common) cold
感冒,动,to catch cold/(coll.) to be interested in (often used in the negative)/(Tw) to detest/can't stand
根据,介,according to/based on
根据,名,basis/foundation
关,动,"to close; to shut; to turn off/to confine; to lock (sb) up; to shut (sb in a room, a bird in a cage etc)/to concern; to involve"
关,名,mountain pass
关系,名,relation/relationship/guanxi
关系,动,to concern/to affect/to have to do with
好像,动,to seem like
好像,副,as if
或,连,or
或,副,maybe/perhaps/might/possibly
急,形,urgent/pressing/rapid/hurried/worried
急,动,to make (sb) anxious
节,量,"classifier for segments: lessons, train wagons, biblical verses etc/knot (nautical miles per hour)"
节,名,joint; node/(bound form) section; segment/solar term (one of the 24 divisions of the year in the traditional Chinese calendar)/seasonal festival/(bound form) moral integrity; chastity
节,动,(bound form) to economize; to save
经过,动,to pass/to go through
经过,名,process/course
老,形,old (of people)/venerable (person)/experienced/of long standing/of the past/outdated/(of meat etc) tough
老,前缀,prefix used before the surname of a person or a numeral indicating the order of birth of the children in a family or to indicate affection or familiarity
老,副,always/all the time/very
练习,动,to practice
练习,名,exercise/drill/practice
牛,名,ox/cow/bull/newton (abbr. for 牛頓|牛顿[niu2 dun4])
牛,形,(slang) awesome
怕,动,to be afraid/to fear/to dread/to be unable to endure
怕,副,perhaps
起,动,"to rise/to raise/to get up/to set out/to start/to appear/to launch/to initiate (action)/to draft/to establish/to get (from a depot or counter)/verb suffix, to start/starting from (a time, place, price etc)"
起,量,"classifier for occurrences or unpredictable events: case, instance/classifier for groups: batch, group"
清楚,形,clear/distinct
清楚,动,to understand thoroughly/to be clear about
声,名,sound/voice/tone/noise/reputation
声,量,classifier for sounds
生活,名,life/livelihood
生活,动,to live
特别,形,unusual; special
特别,副,very; especially; particularly/expressly; for a specific purpose/(often followed by 是[shi4]) in particular
外卖,动,(of a restaurant) to provide a takeout or home delivery meal
外卖,名,takeout (business)/takeout (meal)
习惯,动,to be used to
习惯,名,habit/custom/usual practice
像,动,to resemble/to be like/to look as if
像,副,such as
像,名,appearance/image/portrait/image under a mapping (math.)
要求,动,to request/to require/to stake a claim/to ask/to demand
要求,名,requirement
一定,形,fixed; settled/a certain ...; a given ...
一定,副,surely; certainly; definitely
影响,动,to influence/to affect (usually adversely)/to disturb
影响,名,influence/effect
有关,动,to have sth to do with/to relate to/related to/to concern
有关,介,concerning
只是,副,merely; only; just; nothing but/simply
只是,连,but; however
边,名,side/edge/margin/border/boundary
边,副,simultaneously
号,名,"day of the month (e.g. 七號|七号[qi1 hao4] ""the 7th"")/(after a numeral) number designation (e.g. 237號房間|237号房间[er4 san1 qi1 hao4 fang2 jian1] ""Room 237"")/(bound form) size; type; category (e.g. 五號電池|五号电池[wu3 hao4 dian4 chi2])/(bound form) name; appellation (e.g. 國號|国号[guo2 hao4], 年號|年号[nian2 hao4], 遼寧號|辽宁号[Liao2 ning2 Hao4])/(bound form) mark; sign/(bound form) signal; bugle call (e.g. 起床號|起床号[qi3 chuang2 hao4])/(bound form) bugle; trumpet"
号,量,classifier for numbered people or items
号,动,(literary) to call out; to command/to mark; to label; to assign a number/(TCM) to feel (the pulse) (used in 號脈|号脉[hao4 mai4])
回,动,to go back; to return; to turn back; to turn around/to reply; to answer/to return/to revolve/to curve
回,量,"classifier for literary divisions (acts of a play, sections or chapters of a classic book)/classifier for occurrences or times"
日,量,day
日,名,(bound form) sun/day of the month/(bound form) Japan (abbr. for 日本[Ri4 ben3])
日,动,(vulgar) to fuck; to have sex with
小,形,small/tiny/few/young
比,动,to compare/to gesture
比,介,(followed by a noun and adjective) more {adj.} than {noun}
比,名,ratio
笔,名,"writing brush; writing implement (pen, pencil etc)/brushstroke; stroke (in painting or calligraphy)/(bound form) style of writing; literary manner; technique of brushwork"
笔,量,(classifier) stroke of a Chinese character/(classifier) sum of money; financial transaction; piece of business
笔,动,(literary) to write (with a brush or pen)
次,量,classifier for enumerated events: time
次,形,"next in sequence/second/the second (day, time etc)/secondary/inferior quality/substandard"
次,前缀,vice-/sub-/infra-/hypo- (chemistry)
次,名,order/sequence
从,介,from; through; via
从,副,(used before a negative) ever
从,动,(bound form) to follow/(bound form) to obey/(bound form) to engage in (an activity)
从,名,(bound form) (Taiwan pr. [zong4]) retainer; attendant/(bound form) (Taiwan pr. [zong4]) assistant; auxiliary; subordinate
从,形,(bound form) (Taiwan pr. [zong4]) related by common paternal grandfather or earlier ancestor
点2,动,"to touch briefly; to tap/to mark with a dot; to check off (on a list)/to order (food etc); to select/to mention; to bring up (a topic or person)/to hint at; to imply/to administer (eye medicine etc) in drops/to light (a fire, a lamp etc); to ignite/to nod (one's head) in agreement; to beckon by moving (one's hand) up and down"
高,形,high/tall/above average/loud/your (honorific)
就,副,(after a suppositional clause) in that case; then/(after a clause of action) as soon as; immediately after/(same as 就是[jiu4 shi4]) merely; nothing else but; simply; just; precisely; exactly/only; as little as/as much as; as many as/(pattern: 就[jiu4] ... 也[ye3] ...) even if ... still .../(pattern: 不[bu4] ... 就[jiu4] ...) if not ... then must be ...
就,介,(often followed by 著|着[zhe5]) taking advantage of/with regard to; concerning
就,动,to approach; to move towards/to undertake; to engage in/(of food) to go with/(bound form) to reach; to attain (as in 一蹴而就[yi1 cu4 er2 jiu4])
快,形,rapid/quick/clever/sharp (of knives or wits)/forthright/plainspoken/gratified/pleased/pleasant
快,副,soon/almost
快,名,speed/rate
快,动,to make haste
每,代,each/every
名,名,name/noun (part of speech)/place (e.g. among winners)
名,量,classifier for people
名,形,famous
往,动,to go (in a direction)
往,介,to/towards/(of a train) bound for
往,形,past/previous
一会儿,数量,a moment/a while
一会儿,副,in a moment/now...now...
正,副,exactly/just (at that time)/right (in that place)
正,形,straight/upright/proper/main/principal/(math.) positive
正,动,to correct/to rectify
把,量,"classifier: handful, bundle, bunch/classifier for things with handles"
把,介,(used to put the object before the verb: 把[ba3] + {noun} + {verb})
把,动,to hold; to grasp/to hold a baby in position to help it urinate or defecate
把,名,handlebar
比较,动,to compare/to contrast
比较,副,comparatively/relatively/quite
比较,名,comparison
冰,名,ice/(slang) methamphetamine
冰,动,to chill sth/(of an object or substance) to feel cold
冰,形,(of a person) cold/unfriendly
差,形,different/wrong; mistaken/not up to standard; inferior
差,动,to fall short; to lack
决定,动,to decide; to determine; to make up one's mind
决定,名,decision
可,连,but; however
可,动,to approve; to permit/to suit
可,前缀,(prefix) can; may; able to; -able
可,助,(particle used for emphasis) certainly; very
刻,量,quarter (hour)/moment/classifier for short time intervals
刻,动,to carve/to engrave/to cut
刻,形,oppressive
毛,量,"classifier for Chinese fractional monetary unit ( = 角[jiao3] , = one-tenth of a yuan or 10 fen 分[fen1])"
毛,名,hair/feather/down/wool/mildew/mold
毛,形,coarse or semifinished/young/raw/careless/unthinking/nervous/scared
毛,动,(of currency) to devalue or depreciate
难,形,difficult (to...)/difficult/not good
难,名,problem/difficulty
挺,副,(coll.) quite/very
挺,动,to stick out (a part of the body)/to (physically) straighten up/to support/to withstand
挺,形,straight/erect/outstanding
挺,量,classifier for machine guns
向,动,to face/to turn towards/to support/to side with/to turn toward/to tend toward/to guide
向,介,towards/to
向,名,direction/orientation
向,副,shortly before/formerly/always/all along
向,后缀,(suffix) suitable for .../oriented to ...
小心,动,to be careful/to take care
信,动,to trust/to believe/to profess faith in
信,名,letter/mail/confidence/trust
信,形,truthful
信,副,at will/at random
张,动,to open up/to spread
张,量,"classifier for flat objects, sheet/classifier for votes"
张,名,sheet of paper
总,副,in every case; always; invariably/anyway; after all; eventually; sooner or later/surely
总,动,to sum up
总,形,(bound form) general; overall
总,名,(after a person's name) abbr. for 總經理|总经理[zong3 jing1 li3] or 總編|总编[zong3 bian1] etc
按,动,to press/to push/to leave aside or shelve/to control/to restrain/to keep one's hand on/to check or refer to/(of an editor or author) to make a comment
按,介,according to/in the light of
棒,形,smart/capable/strong/wonderful
棒,名,stick/club/cudgel
棒,量,classifier for legs of a relay race
保证,动,to guarantee/to ensure/to safeguard/to pledge
保证,名,guarantee
本来,形,original
本来,副,originally/at first/it goes without saying/of course
标准,名,standard; norm; criterion
标准,形,(adjective) standard/good; correct; conforming to a standard
并,动,to combine/to join/to merge/to amalgamate
并,副,furthermore/also/(not) at all/simultaneously
并,连,and/together with
不便,形,inconvenient/inappropriate/unsuitable/short of cash
不断,副,unceasing/uninterrupted/continuous/constant
不够,动,not enough/insufficient/inadequate
不过,连,but/however/anyway (to get back to a previous topic)
不过,副,only/merely/no more than/cannot be more (after adjectival)
部,名,ministry/department/section/part/division/troops/board
部,量,"classifier for works of literature, films, machines etc"
不光,副,not the only one
不光,连,not only
成功,动,to succeed
成功,形,successful; fruitful
成功,名,success
出口,名,an exit
出口,动,to speak/to export/(of a ship) to leave port
错误,形,mistaken; false; wrong
错误,名,error; mistake
导游,动,to conduct a tour
导游,名,tour guide/guidebook
道,名,road; path/(bound form) way; reason; principle/(bound form) a skill; an art; a specialization/(Daoism) the Way; the Dao/(old) circuit (administrative division)
道,量,"classifier for long thin things (rivers, cracks, shadows etc), barriers (walls, doors etc), questions (in an exam etc), commands, courses in a meal, steps in a process"
道,动,"to say (introducing a direct quotation, as in a novel)/(bound form) to express; to extend (polite words)"
等2,助,and so on; etc.; et al./(used to end an enumeration)
等2,名,(bound form) class; rank; grade
等2,动,(bound form) equal to; same as
等2,后缀,(literary) (plural suffix attached to a personal pronoun or noun)
低,形,low/beneath
低,动,to lower (one's head)/to let droop/to hang down/to incline
队,名,squadron/team/group
顿,量,"classifier for meals, beatings, scoldings etc: time, bout, spell, meal"
顿,动,to stop/to pause/to arrange/to lay out/to kowtow/to stamp (one's foot)
顿,副,at once
翻译,动,to translate/to interpret
翻译,名,translator/interpreter/translation/interpretation
烦,形,superfluous and confusing/edgy
烦,动,to feel vexed/to bother/to trouble
费,名,fee/expenses
费,动,to cost/to spend
费,形,wasteful
负责,动,to be responsible for; to be in charge of; to bear responsibility for
负责,形,conscientious
感动,形,moving
感动,动,to move (sb)/to touch (sb emotionally)
感觉,名,feeling; impression; sensation
感觉,动,to feel; to perceive
感受,动,to sense/to feel (through the senses)/to experience
感受,名,perception/a feeling/an impression/an experience
各,代,each/every
各个,代,every/various
各个,副,"separately, one by one"
够,动,enough (sufficient)/enough (too much)/(coll.) to reach by stretching out
够,副,(coll.) (before adj.) really
关键,名,crucial point/crux/key
关键,形,crucial/pivotal
管,动,to take care (of)/to control/to manage/to be in charge of/to look after/to run/to care about
管,名,tube/pipe/woodwind/writing brush
管,量,classifier for tube-shaped objects
管,介,particle similar to 把[ba3] in 管...叫 constructions/(coll.) to/towards
光,名,light; ray
光,形,bright; shiny
光,动,used up; finished/to leave (a part of the body) uncovered
光,副,only; merely
广播,动,to broadcast/(formal) to propagate/to publicize
广播,名,broadcast/broadcasting
规定,动,to stipulate; to specify; to prescribe; to fix (a price); to set (a quota)
规定,名,regulations; rules; provisions; stipulations
环保,名,environmental protection/abbr. for 環境保護|环境保护[huan2 jing4 bao3 hu4]
环保,形,environmentally friendly
回信,动,to reply/to write back
回信,名,letter written in reply
活,动,to live
活,形,alive/living
活,名,work/workmanship
活动,动,"to exercise; to move about; to work out/to use personal influence, connections, bribes etc"
活动,名,"(volcanic, seismic, economic etc) activity/(outdoor etc) activity; event; (political) campaign; (military) maneuver"
活动,形,shaky; unsteady; loose (tooth etc)/movable; flexible; liquid (capital etc)
火,名,fire/ammunition/internal heat (Chinese medicine)/Kangxi radical 86
火,形,urgent/fiery or flaming/hot (popular)
火,量,classifier for military units (old)
基本,形,basic/fundamental/main/elementary
激动,动,to move emotionally/to stir up (emotions)/to excite
及时,形,timely; at the right time
及时,副,promptly; without delay
既,副,already
既,连,since/both... (and...)
计划,名,plan/project/program
计划,动,to plan/to map out
建议,动,to propose; to suggest; to recommend
建议,名,proposal; suggestion; recommendation
将,介,"(introduces object of main verb, used in the same way as 把[ba3])"
将,副,will/shall/just a short while ago
将,动,to use/to take/to checkmate
奖,名,prize; award; bonus; reward
奖,动,(bound form) to encourage; to commend; to praise/to award; to give as a reward
交,动,to hand over; to deliver; to pay (money); to turn over/to make friends/(of lines) to intersect
骄傲,形,conceited/proud of sth
骄傲,名,pride/arrogance
教育,名,education
教育,动,to educate/to teach
接着,动,to catch and hold on/to continue/to go on to do sth/to follow/to carry on/to proceed/to ensue
接着,副,then/after that/subsequently/in turn/in one's turn
尽管,副,"unhesitatingly/do not hesitate (to ask, complain etc)/(go ahead and do it) without hesitating"
尽管,连,despite/although/even though/in spite of
经济,名,economy
经济,形,economic
经历,动,to experience; to go through
经历,名,experience
究竟,副,after all/when all is said and done/(in an interrogative sentence) finally
究竟,名,outcome/result
究竟,动,to go to the bottom of a matter
就是,助,exactly; precisely
就是,副,only; simply; just
就是,连,(used correlatively with 也[ye3]) even; even if
聚会,动,to meet/to get together
聚会,名,party/gathering
距离,动,to be apart from
距离,名,distance
科学,名,science/scientific knowledge
科学,形,scientific/rational
客气,形,polite/courteous/formal/modest
肯定,动,to be certain; to be positive/to give recognition; to affirm
肯定,形,affirmative (answer)
肯定,副,assuredly; definitely
恐怕,动,fear/to dread
恐怕,副,I'm afraid that.../perhaps/maybe
困,形,sleepy/tired/hard-pressed/stranded/destitute
困,动,to trap/to surround
困难,形,difficult/challenging
困难,名,straitened circumstances/difficult situation
礼貌,名,courtesy; politeness; manners
礼貌,形,courteous; polite
理想,名,an ideal/a dream
理想,形,ideal/perfect
连,介,"including/(used with 也[ye3], 都[dou1] etc) even"
连,动,to link/to join/to connect
连,副,continuously/in succession
连,名,company (military)
亮,形,bright; light/loud and clear
亮,动,to shine; to flash/to show (one's passport etc); to make public (one's views etc)
列,动,to arrange/to line up
列,名,file/series/(in data tables) column/(Tw) row
另,代,other/another/separate
另,副,separately
另外,代,additional/separate/other
另外,副,in addition
另外,连,besides/moreover/furthermore
乱,形,in confusion or disorder/in a confused state of mind
乱,副,indiscriminate/random/arbitrary
乱,名,disorder/upheaval/riot/illicit sexual relations
乱,动,to throw into disorder/to mix up
麻烦,形,inconvenient; troublesome; annoying
麻烦,动,to bother sb; to put sb to trouble
麻烦,名,trouble; inconvenience
满,形,full/filled/packed/satisfied/contented
满,动,to fill/to reach the limit/to satisfy
满,副,fully/completely/quite
梦,名,dream
梦,动,(bound form) to dream
梦想,动,(fig.) to dream of
梦想,名,dream
耐心,形,to be patient
耐心,名,patience
暖和,形,warm/nice and warm
偶尔,副,occasionally/once in a while/sometimes
拍,动,to pat/to clap/to slap/to swat/to take (a photo)/to shoot (a film)
拍,名,racket (sports)/beat (music)
排,动,to arrange in order; to line up/to exclude; to eliminate; to repel; to expel; to discharge/(literary) to push aside; to force open/to rehearse
排,名,row; line/platoon/(bound form) steak; chop/(bound form) raft
排,量,classifier for rows or lines (of people or things)
篇,名,sheet/piece of writing/bound set of bamboo slips used for record keeping (old)
篇,量,"classifier for written items: chapter, article"
片,名,thin piece/flake/a slice/film/TV play/Kangxi radical 91
片,量,"classifier for slices, tablets, tract of land, area of water/classifier for CDs, movies, DVDs etc/used with numeral 一[yi1]: classifier for scenario, scene, feeling, atmosphere, sound etc"
片,动,to slice/to carve thin
片,形,partial/incomplete/one-sided
平常,形,ordinary/common
平常,副,usually/ordinarily
破,动,"to break, split or cleave/to get rid of/to destroy/to break with/to defeat/to capture (a city etc)/to expose the truth of"
破,形,broken/damaged/worn out/lousy/rotten
气,名,gas; air/smell/weather/vital energy; qi
气,动,to make angry; to annoy; to get angry
签证,动,to issue a visa
签证,名,visa
区别,动,to distinguish/to discriminate/to make a distinction
区别,名,difference
全,形,all/whole/entire/every/complete
热闹,形,bustling with noise and excitement/lively
身,名,body/life/oneself/one's morality and conduct/the main part of a structure or body/Kangxi radical 158
身,量,"classifier for sets of clothes: suit, twinset"
身,副,personally
身,形,pregnant
生2,形,raw; uncooked; unprocessed/unfamiliar; strange
生2,副,(bound form) very; intensely (as in 生疼[sheng1 teng2])/(bound form) in a forced manner (as in 生拉硬拽[sheng1 la1 ying4 zhuai4])
失败,动,to be defeated/to lose/to fail (e.g. experiments)
失败,名,failure/defeat
失望,动,to lose hope/to despair
失望,形,disappointed
实际,名,reality/practice
实际,形,practical/realistic/real/actual
实在,形,true/real/honest/dependable
实在,副,really/actually/indeed
实在,名,(philosophy) reality
收入,动,to take in
收入,名,income/revenue
首先,副,first of all; in the first place
说明,动,to explain/to illustrate/to indicate/to show/to prove
说明,名,explanation/directions/caption
死,动,to die
死,形,impassable/uncrossable/inflexible/rigid
死,副,extremely/damned
算,动,to calculate; to figure out/to include; to count in/to count; to be valid; to carry weight/to regard as; to consider (to be ...)
随便,形,negligent/casual/wanton
随便,副,as one wishes/as one pleases/at random
所有,形,all
所有,动,to have; to possess; to own
台,量,classifier for vehicles or machines
台,名,platform/stage/terrace/stand/support/station/broadcasting station/desk; table; counter
讨厌,形,disagreeable/troublesome/annoying
讨厌,动,to dislike/to loathe
通,动,to go through/to know well/to connect/to communicate/to clear
通,形,open
通,量,"classifier for letters, telegrams, phone calls etc"
通,后缀,(suffix) expert
通过,动,to pass through; to get through/to adopt (a resolution); to pass (legislation)/to pass (a test)
通过,介,by means of; through; via
通知,动,to notify/to inform
通知,名,notice/notification
痛,形,ache/pain
痛,副,deeply/thoroughly
痛,名,sorrow
图,名,diagram/picture/drawing/chart/map
图,动,to plan/to scheme/to attempt/to pursue/to seek
土,名,earth/dust/clay/crude opium/one of the eight categories of ancient musical instruments 八音[ba1 yin1]
土,形,local/indigenous/unsophisticated
完全,形,complete; whole
完全,副,totally; entirely
危险,形,dangerous
危险,名,danger
卫生,形,hygienic; sanitary
卫生,名,hygiene; sanitation
误会,动,to misunderstand/to mistake
误会,名,misunderstanding
现有,形,currently existing/currently available
相反,形,opposite/contrary
响,动,to make a sound/to sound/to ring
响,形,loud
响,名,echo/sound/noise
响,量,classifier for noises
笑话,名,joke; jest
笑话,动,to laugh at; to mock
笑话,形,ridiculous; absurd
辛苦,形,exhausting/hard/tough/arduous
辛苦,动,to work hard/to go to a lot of trouble
辛苦,名,hardship(s)
兴奋,形,excited
兴奋,名,excitement/(physiology) excitation
幸福,名,happiness
幸福,形,happy/blessed
永远,副,forever/eternal
由于,介,due to/as a result of/thanks to/owing to
由于,连,since/because
与,介,"(formal) with; from (marking the other participant in an interaction, comparison, or contrast, e.g. 與他握手|与他握手[yu3 ta1 wo4 shou3] ""shake hands with him"", 與去年不同|与去年不同[yu3 qu4 nian2 bu4 tong2] ""different from last year"")"
与,连,"(formal) and; together with (linking parallel nouns, verbs, or phrases)"
与,动,(literary) to give; to grant; to bestow
原来,形,original; former
原来,副,"originally; formerly; at first/so, actually, as it turns out"
约,动,to make an appointment/to invite/to economize/to restrict/to reduce (a fraction)
约,副,approximately
约,名,pact/treaty
约,形,concise
约会,动,to arrange to meet
约会,名,appointment/engagement/date
再说,动,to say again/to put off a discussion until later
再说,连,moreover/what's more/besides
真正,形,genuine; real; true
真正,副,really; indeed
正好,形,just right/just enough
正好,副,just (in time)/by chance/it just so happens that
正好,动,to happen to/to chance to
证明,动,to prove/to testify/to confirm the truth of
证明,名,proof/certificate/identification/testimonial
重点,名,important point; main point; focus
重点,副,to focus on; to put the emphasis on
重点,形,key (project etc)
专门,副,specially; specifically (for a particular purpose)
专门,形,"specialized; dedicated (to a particular field or purpose)/(of institutions, personnel etc) designated or assigned for a specific task; special"
专业,名,specialty/specialized field/main field of study (at university)/major
专业,形,professional
准,形,accurate
准,副,definitely/certainly
准,名,standard
准,前缀,"about to become (bride, son-in-law etc)/quasi-/para-"
自然,名,nature
自然,形,natural
自然,副,naturally
自信,动,to have confidence in oneself
自信,名,self-confidence
总结,动,to sum up/to conclude
总结,名,summary/résumé
组,名,group/team
组,动,to form/to organize
组,量,"classifier for sets, series, groups of people, batteries"
尊重,动,to esteem/to respect/to honor/to value
尊重,形,eminent/serious/proper
左右,名,left and right/nearby/attendant
左右,动,to control/to influence
左右,副,approximately
座,名,seat/base; stand/(bound form) constellation
座,量,"classifier for large immovable objects such as buildings, mountains, bridges etc"
座,后缀,(archaic) suffix used in a respectful form of address (e.g. 師座|师座[shi1 zuo4])
作为1,动,to act as/to view as/to look upon (sth as)/to take sth to be
作为1,介,as (in the capacity of)/qua
作文,动,to write an essay
作文,名,composition (student essay)
作用,名,action; function; activity/impact; result; effect/purpose; intent
作用,动,to act on; to affect
作用,后缀,"(suffix) -ation, -tion etc, as in 抑制作用[yi4 zhi4 zuo4 yong4], inhibition"
安,形,(bound form) calm; peaceful/safe; secure; in good health/content; satisfied (as in 安於|安于[an1 yu2])
安,动,to calm; to set at ease/to place (sb) in a suitable position (job)/to install; to fix; to fit/to bring (a charge against sb)/to harbor (certain intentions)
安,量,ampere (abbr. for 安培[an1 pei2])
把握,动,to grasp (also fig.)/to seize/to hold
把握,名,assurance/certainty
把握,形,sure (of the outcome)
白,形,"white/(bound form) (of facts, the truth, a situation) clear; evident (e.g. 真相大白[zhen1 xiang4 da4 bai2])/(bound form) plain; without additions (e.g. 白飯|白饭[bai2 fan4])/(bound form) reactionary; anti-communist (e.g. 白區|白区[bai2 qu1])"
白,副,in vain/free of charge
白,动,(bound form) to explain; to state (e.g. 辯白|辩白[bian4 bai2])/(bound form) to give a disdainful look (e.g. 白了他一眼[bai2 le5 ta1 yi1 yan3])
白,名,(bound form) vernacular (e.g. 白話|白话[bai2 hua4])/(bound form) spoken lines in opera (e.g. 念白[nian4 bai2])
半夜,数量,in the middle of the night
半夜,名,midnight
包裹,动,to wrap up/to bind up
包裹,名,bundle/parcel/package
包装,动,to wrap; to package (goods etc)/(fig.) to present attractively; to craft an image; to package (sb or sth)
包装,名,packaging; packing materials
保,动,to defend; to protect; to keep/to guarantee; to ensure
保,名,(old) civil administration unit in the baojia 保甲[bao3 jia3] system
保安,动,to ensure public security/to ensure safety (for workers engaged in production)
保安,名,public security/security guard
保险,名,insurance
保险,形,safe/secure/be sure/be bound to
保险,动,to insure
报道,动,to report (news)
报道,名,report
报告,动,to inform/to report/to make known
报告,名,report/speech/talk/lecture
本2,副,originally; initially
本2,代,(bound form) one's own; this/(bound form) this; the current (year etc)
本2,形,(bound form) original/(bound form) inherent
本2,名,(bound form) root; stem/(bound form) origin; source/capital; principal
比喻,动,to compare/to liken to
比喻,名,metaphor/analogy/figure of speech
比喻,副,figuratively
必然,形,inevitable/certain
必然,名,necessity
便利,形,convenient/easy
便利,动,to facilitate
标志,名,sign; mark; symbol; logo
标志,动,to symbolize; to indicate; to mark
不幸,形,unfortunate/sad
不幸,名,misfortune/adversity
不幸,副,unfortunately
不然,连,or else/otherwise/if not/How about ...?
不然,形,not so/no
不足,名,deficiency
不足,形,insufficient/lacking/not enough/inadequate
不足,副,not worth/cannot/should not
裁判,动,(law) to judge; to adjudicate; verdict; judgement/(sports) to referee
裁判,名,(sports) umpire; referee; judge
朝,动,to make a pilgrimage to
朝,介,facing/towards
朝,名,imperial or royal court/government/dynasty/reign of a sovereign or emperor/court or assembly held by a sovereign or emperor
吵,形,noisy
吵,动,to quarrel/to make a noise/to disturb by making a noise
沉,动,to submerge/to immerse/to sink/to keep down/to lower/to drop
沉,形,deep/profound/heavy
成就,名,accomplishment/success/achievement
成就,动,to achieve (a result)/to create/to bring about
成人,动,to reach adulthood
成人,名,an adult
成熟,动,to mature; to ripen
成熟,形,mature; ripe
初,名,"(bound form) (in lunar calendar dates, before numerals 1–10) days 1 to 10 of a month, as in 初三[chu1 san1] ""the third"""
初,副,(bound form) at first; initially
初,前缀,(bound form) first; early
传说,动,to repeat from mouth to mouth; they say that...
传说,名,legend; folk tale
创新,动,to bring forth new ideas; to blaze new trails
创新,名,innovation
创作,动,to create; to produce; to write
创作,名,a creative work; a creation
刺激,动,to provoke; to irritate; to upset; to stimulate; to excite
刺激,名,irritant
存款,动,to deposit money (in a bank etc)
存款,名,bank savings/bank deposit
代,动,to be a substitute for; to act on behalf of; to replace; to substitute
代,名,generation; dynasty; age; period; (historical) era; (geological) eon
代表,名,representative/delegate
代表,动,to represent/to stand for
代表,介,on behalf of/in the name of
单,形,single/sole/odd number
单,副,only
单,名,bill/list/form
当前,动,to be faced with
当前,名,the present time
导演,动,to direct
导演,名,director (film etc)
地下,名,underground
地下,形,subterranean/covert
定期,形,periodic/limited to a fixed period of time
定期,副,at set dates/at regular intervals
定期,名,fixed term
独立,动,to stand alone
独立,形,independent
独立,名,independence
堵,动,"to block up (a road, pipe etc)/to stop up (a hole)"
堵,形,(fig.) (of a person) choked up with anxiety or stress
堵,量,(classifier for walls)
堵,名,wall (literary)
度,量,"degree (angles, temperature etc)/kilowatt-hour/classifier for events and occurrences"
度,名,measure/limit/extent/degree of intensity
度,动,to pass/to spend (time)
堆,动,to pile up/to heap up
堆,名,a mass/pile/heap/stack
堆,量,large amount
对比,动,to contrast
对比,名,contrast/ratio
发达,形,well-developed; flourishing
发达,动,to develop; to promote; to expand/(literary) to achieve fame and fortune; to prosper
发明,动,to invent
发明,名,an invention
发言,动,to make a speech
发言,名,statement/utterance
发音,动,to pronounce/to emit sound
发音,名,pronunciation
罚款,动,to fine
罚款,名,penalty/fine (monetary)
反,形,contrary/inside out or upside down/opposite
反,动,to reverse/to return/to oppose/to rebel/to use analogy
反,副,in reverse/instead
反,介,against
反,前缀,anti-
反,名,abbr. for 反切[fan3 qie4] phonetic system
反复,副,repeatedly/over and over
反复,动,to upend/to come and go/(of an illness) to return
反复,形,unstable
反应,动,to react/to respond
反应,名,reaction/response/reply/chemical reaction
方,形,square/upright/honest/fair and square
方,名,"power or involution (math.)/direction/side/party (to a contract, dispute etc)/place/method/prescription (medicine)"
方,副,just when/only or just
方,量,classifier for square things/abbr. for square or cubic meter
分别,动,to part; to leave each other/to distinguish; to tell apart
分别,副,in different ways; differently/separately; individually; respectively
分别,名,difference; distinction
纷纷,形,diverse/numerous and confused/pell-mell
纷纷,副,one after another/in succession/one by one/continuously/in profusion
否定,动,to negate/to deny/to reject
否定,形,negative (answer)
否定,名,negation
负担,动,"to bear (an expense, a responsibility etc)"
负担,名,burden
富有,形,rich; wealthy; affluent
富有,动,to be rich in; to be replete with
盖,名,lid/top/cover/canopy
盖,动,to cover/to conceal/to build
概括,动,to summarize; to generalize
概括,副,briefly; in broad outline
刚好,副,just/exactly
刚好,动,to happen to be
高度,名,height/altitude/elevation/high degree
高度,副,highly
个别,副,individually; one by one
个别,形,just one or two; exceptional; rare
根,名,root/basis/radical (chemistry)
根,量,"classifier for long slender objects, e.g. cigarettes, guitar strings"
根本,名,root
根本,形,fundamental/basic
根本,副,simply/absolutely (not)/(not) at all
贡献,动,to contribute/to dedicate/to devote
贡献,名,contribution
构成,动,to constitute/to form/to compose/to make up/to configure (computing)
鼓,名,drum
鼓,动,to drum/to strike/to rouse/to bulge/to swell
怪,形,odd; strange; uncanny
怪,动,to find strange; to regard as odd/to blame
怪,副,(coll.) somewhat; rather
怪,名,(bound form) monster; supernatural being
光明,名,light/radiance
光明,形,(fig.) bright (prospects etc)/openhearted
规律,名,rule (e.g. of science)/law of behavior/regular pattern/rhythm/discipline
规则,名,rule; regulation
规则,形,regular; orderly; fixed
哈,拟声,(onom. for laughter)
哈,叹,(interj.) ha!
哈,动,(slang) to be infatuated with; to adore
哈,名,(bound form) husky (dog) (abbr. for 哈士奇[ha1 shi4 qi2])
合影,动,to take a group photo
合影,名,group photo
滑,形,slippery; smooth/sly; slippery; not to be trusted
滑,动,to slip; to slide
化,后缀,-ization/to ... -ize
化,动,to make into/to change into/to transform
化,名,abbr. for 化學|化学[hua4 xue2]
灰,名,ash/dust/lime
灰,形,gray/discouraged; dejected
灰色,名,gray/ash gray/grizzly
灰色,形,pessimistic/gloomy/dispirited/ambiguous
或是,连,or/either one or the other
级,名,level/grade/rank/step (of stairs)
级,量,"classifier: step, level"
集,名,collected works
集,量,classifier for sections of a TV series etc: episode
集,动,to gather/to collect
急诊,动,to give or receive urgent medical treatment
急诊,名,emergency treatment (at a hospital emergency department or from a doctor on a house call)
集中,动,to concentrate/to centralize/to focus/to put together
集中,形,centralized/concentrated
挤,动,to crowd in/to cram in/to force others aside/to press/to squeeze/to find (time in one's busy schedule)
记录,动,to record
记录,名,record (written account)/note-taker/record (in sports etc)
纪念,动,to commemorate; to honor the memory of
纪念,名,memento; keepsake; souvenir
记忆,动,to remember; to recall
记忆,名,memory
架,名,frame/rack/framework
架,动,to support
架,量,"classifier for planes, large vehicles, radios etc"
建筑,动,to construct
建筑,名,building
讲究,动,to pay particular attention to
讲究,形,carefully selected for quality/tastefully chosen
交易,动,to deal; to trade; to transact
交易,名,transaction; deal
较,介,compared to
较,副,(before an adjective) relatively; comparatively; rather
较,动,(bound form) to compare/(literary) to dispute
紧,形,tight/strict/close at hand/near/urgent/tense/hard up/short of money
紧,动,to tighten
进步,动,to improve; to progress
进步,名,progress; improvement
经典,名,the classics/scriptures
经典,形,"classical/classic (example, case etc)/typical"
静,形,still/calm/quiet/not moving
决心,名,determination/resolution
决心,动,to make up one's mind
决心,形,determined/firm and resolute
开放,动,to bloom/to open/to be open (to the public)/to open up (to the outside)
开放,形,to be open-minded/unrestrained by convention/unconstrained in one's sexuality
空中,名,in the sky/in the air
宽,形,wide/broad/loose/relaxed/lenient
来源,名,source (of information etc)/origin
劳动,名,work/toil/physical labor
类,名,kind; type; class; category
类,量,(classifier) kind; type
类,动,(bound form) to resemble; to be similar to
理论,名,theory
理论,动,to argue/to take notice of
力,名,power/force/strength/ability
力,副,strenuously
联合,动,to combine/to join/unite
联合,名,alliance
临时,副,as the time draws near/at the last moment
临时,形,temporary/interim/ad hoc
领,名,neck/collar
领,动,to lead/to receive
领,量,"classifier for clothes, mats, screens etc"
领导,动,lead/to lead
领导,名,leadership/leader
领导,形,leading
令,动,to order/to command/to cause/to make sth happen
令,名,an order/warrant/writ/honorific title/season/government position (old)/type of short song or poem
令,形,virtuous
留言,动,to leave a message; to leave one's comments
留言,名,message
录音,动,to record sound
录音,名,an audio recording
矛盾,名,contradiction/conflicting views
矛盾,形,contradictory
秘密,形,secret; private; confidential; clandestine
秘密,名,a secret
密切,形,close; intimate
密切,动,"to strengthen (ties, cooperation etc)/(math.) to osculate"
密切,副,closely; intently; carefully
明确,形,clear-cut; definite; explicit
明确,动,to clarify; to specify; to make definite
模糊,形,vague; indistinct; fuzzy
模糊,动,to blur; to obscure; to confuse; to mix up
闹,形,noisy/cacophonous
闹,动,to make noise/to disturb/to vent (feelings)/to fall ill/to have an attack (of sickness)/to go in (for some activity)/to joke
派,动,to send (a person or resource); to dispatch; to allocate (a resource or task); to appoint (sb)
派,名,"(literary) tributary; branch of a river/clique; school; group; faction/(bound form) style; manner/(loanword) pi (Greek letter Π, π); the circular ratio 𝜋 = 3.14159.../(loanword) pie"
派,量,"classifier for factions, groups etc/(preceded by 一[yi1]) classifier used in characterizing a scene, atmosphere, demeanor, sound, remark etc"
配,动,to join/to fit/to mate/to mix/to match/to deserve/to make up (a prescription)/to allocate
品,动,to taste sth; to sample/to criticize; to comment; to judge; to size up
品,名,(bound form) article; commodity; product; goods/(bound form) grade; rank/kind; type; variety/character; disposition; nature; temperament/fret (on a guitar or lute)
平,形,flat; level; smooth/equal; on the same level/(bound form) fair; impartial/(bound form) average; ordinary/(bound form) calm; peaceful
平,动,to make even; to level/to tie; to draw/(bound form) to quell; to suppress; to put down
平,名,(abbr. for 平聲|平声[ping2 sheng1])/(coll.) square meter (abbr. for 平方米[ping2 fang1 mi3])
凭,动,to lean against/to rely on
凭,介,on the basis of
凭,连,"no matter (how, what etc)"
凭,名,proof
平衡,名,balance/equilibrium
评价,动,to evaluate/to assess
平均,形,average; on average
平均,副,evenly; in equal proportions
齐,形,neat/even/level with/identical/simultaneous
齐,动,to even sth out
齐,副,all together
签名,动,to sign (one's name with a pen etc)/to autograph
签名,名,signature
签字,动,to sign (one's name)
签字,名,signature
亲,形,one's own (flesh and blood)/related/close/intimate/in favor of
亲,动,to kiss
亲,名,parent/relative/marriage/bride/(Internet slang) dear
亲,副,in person/first-hand
亲,前缀,pro-
轻易,形,easy; simple
轻易,副,rashly; offhandedly
请求,动,to request; to ask
请求,名,request
权,名,authority/power/right
权,副,temporary
权,动,(literary) to weigh
权,形,expedient
全力,名,full strength
全力,副,with all one's strength/fully (support)
全力,形,all-out (effort)
确定,形,definite/certain/fixed
确定,动,to fix (on sth)/to determine/to be sure/to ensure/to make certain/to ascertain/to clinch/to recognize/to confirm
确定,名,OK (on computer dialog box)
群,量,"flock, herd, pack etc"
群,名,group/crowd
人工,形,artificial
人工,名,manpower/manual work
如,动,as
如,连,as if/such as
伤,名,injury/wound
伤,动,to injure
烧,动,"to burn; to set on fire/to heat (over a fire); to boil (water, tea etc)/to braise/to cook; to prepare food/to run a fever/(coll.) to become full of oneself; to get carried away"
烧,名,fever
设计,动,to design; to plan
设计,名,design; plan
深度,名,depth/(of a speech etc) profundity
深度,形,advanced stage of development
深入,动,to penetrate deeply
深入,形,thorough
失误,动,to make a mistake
失误,名,"lapse/mistake/fault/service fault (in volleyball, tennis etc)"
时刻,名,time/juncture/moment/period of time
时刻,副,constantly/always
实验,动,to experiment
实验,名,experiment/test
实验,形,experimental
始终,名,from beginning to end
始终,副,all along
收获,动,to harvest/to reap/to gain
收获,名,crop/harvest/profit/gain/bonus/reward
手术,名,(surgical) operation/surgery
顺,动,to obey/to follow/to arrange/to make reasonable
顺,介,along
顺,形,favorable
说不定,动,can't say for sure
说不定,副,maybe
思维,名,(line of) thought; thinking
碎,动,(transitive or intransitive) to break into pieces; to shatter; to crumble
碎,形,broken; fragmentary; scattered/garrulous
损失,动,to lose/to suffer damage
损失,名,loss/damage
所1,量,"classifier for houses, small buildings, institutions etc"
所1,名,place
所1,副,actually
锁,名,a lock
锁,动,to lock; to lock up
套,名,"cover/sheath/formula/harness/loop of rope/bend (of a river or mountain range, in place names)/tau (Greek letter Ττ)"
套,动,to cover/to encase/to overlap/to interleave/to model after/to copy/(fig.) to fish for/to obtain slyly
套,量,"classifier for sets, collections"
体会,动,to know from experience/to learn through experience/to realize
体会,名,understanding/experience
替,动,to substitute for/to take the place of/to replace/to stand in for
替,介,for/on behalf of
通常,形,regular; usual; normal
通常,副,usually; normally
同,形,like/same/similar/alike
同,副,together
同,介,with
统一,动,to unify; to integrate
统一,形,unified; integrated
投入,动,to throw into/to put into/to throw oneself into/to participate in/to invest in
投入,形,absorbed/engrossed
突出,动,to give prominence to/to protrude/to project
突出,形,prominent/outstanding
团,动,to roll into a ball/to gather
团,名,lump/ball/regiment/group/society
团,量,"classifier for a lump or a soft mass: wad (of paper), ball (of wool), cloud (of smoke)"
团,形,round
弯,形,bent
弯,动,to bend
弯,名,a bend; a turn (in a road etc)
完善,形,"(of systems, facilities etc) comprehensive/well-developed/excellent"
完善,动,to refine/to improve
万一,名,contingency
万一,连,just in case/if by any chance
微笑,动,to smile
微笑,名,smile
未来,形,approaching/coming/pending
未来,名,future/tomorrow
稳定,形,steady/stable
稳定,动,to stabilize/to pacify
稳定,名,stability
无奈,动,to have no alternative
无奈,连,(conjunction) but unfortunately
无奈,形,frustrated/exasperated/helpless
先后,名,early or late; first and last; priority
先后,副,in succession; one after another
先进,形,sophisticated; advanced (technology etc)/meritorious; exemplary (deeds etc)
现代,名,modern times/modern age/modern era
现实,名,reality; actuality
现实,形,real; actual/realistic; pragmatic; materialistic; self-interested
限制,动,to restrict/to limit/to confine
限制,名,restriction/limit
相当,动,equivalent to
相当,副,considerably/to a certain extent/fairly/quite
相当,形,appropriate
相对,动,to resist/to oppose
相对,形,opposite/relative
相对,副,relatively
相对,介,vis-a-vis
相对,名,counterpart
象征,动,to symbolize; to signify; to represent
象征,名,symbol; emblem
斜,形,inclined/slanting/oblique/tilting
协议,名,agreement/pact/protocol
行动,动,to move about
行动,名,operation/action
行动,形,mobile
形象,名,image/form/figure/visualization
形象,形,vivid
幸运,名,good fortune; luck
幸运,形,fortunate; lucky
沿,介,along
沿,动,"to follow (a line, tradition etc)/to carry on/to trim (a border with braid, tape etc)"
沿,名,border/edge
严肃,形,(of an atmosphere etc) solemn; grave; serious/(of a manner etc) earnest; severe; exacting
严肃,动,to strictly enforce
眼,名,eye/(often used with 一[yi1]) a look; a glance/small hole/(bound form) salient point
眼,量,"classifier for wells, cave-dwellings etc"
依据,名,basis/foundation
依据,介,according to
遗憾,名,regret
遗憾,动,to regret/to be sorry that
一路,名,the whole journey
一路,副,all the way
一路,形,going the same way/going in the same direction/of the same kind
一致,形,consistent; unanimous; in agreement
一致,副,together; in unison
以,介,by means of/according to/because of/at (a certain date or place)
以,连,in order to
以,动,to use
意识,动,(usu. followed by 到[dao4]) to be aware of; to realize
意识,名,consciousness; awareness
意外,形,unexpected
意外,名,accident/mishap
义务,名,duty; obligation
义务,形,volunteer (work etc)
硬,形,hard; stiff; solid/(fig.) strong; firm/good (quality); able (person)/(of food) filling; substantial
硬,副,resolutely; uncompromisingly/laboriously; with great difficulty
应用,动,to put to use; to apply
应用,形,"practical; applied (science, linguistics etc)"
应用,名,application; practical use/(computing) app
娱乐,动,to entertain/to amuse
娱乐,名,entertainment/recreation/amusement/hobby/fun/joy
圆,名,circle/unit of Chinese currency (yuan)
圆,形,round/circular/spherical/(of the moon) full/tactful
圆,动,to make consistent and whole (the narrative of a dream or a lie)
早晚,名,"morning and evening/(coll.) (this, or that) point of time"
早晚,副,(in reference to sth that is bound to happen) sooner or later; one of these days/(dialect) at some time in the future
直,形,straight/fair and reasonable/frank/straightforward/vertical
直,动,to straighten
直,副,(indicates continuing motion or action)
直,名,vertical downward stroke in Chinese characters
执行,动,to implement/to carry out/to execute/to run
智能,形,"intelligent/able/smart (phone, system, bomb etc)"
装饰,动,to decorate
装饰,名,decoration
装饰,形,decorative/ornamental
自动,副,voluntarily
自动,形,automatic
自觉,动,to realize; to be aware of; to feel that; to be conscious of (sth relating to oneself)
自觉,形,responsible; predisposed to do the right thing; considerate of others
自由,形,free; unrestricted
自由,名,freedom; liberty
组合,动,to assemble; to combine; to compose
组合,名,combination; association; set; compilation
组合,形,(math.) combinatorial
组织,动,to organize
组织,名,organization/(biology) tissue/(textiles) weave
尊敬,动,to respect; to revere; to esteem
尊敬,形,honorable; distinguished (used on formal occasions before a term of address)
版,名,a register/block of printing/edition/version/page
保障,动,to ensure/to guarantee/to safeguard
编辑,动,to edit/to compile
编辑,名,editor/compiler
遍地,副,everywhere/all over
补贴,动,to subsidize/to supplement (one's salary etc)
补贴,名,subsidy/allowance/benefit
不成,动,unable to
不成,形,won't do
不成,助,(at the end of a rhetorical question) can that be?
不时,副,from time to time/now and then/occasionally/frequently
不止,动,more than/not limited to
不止,副,incessantly/without end
采购,动,to procure (for an enterprise etc)/to purchase
侧,名,the side/side
侧,动,to incline towards/to lean
侧,形,inclined/lateral
叉,名,"fork/pitchfork/prong/pick/""X"""
叉,动,cross/intersect
常规,名,code of conduct; conventions; common practice
常规,形,routine (medical procedure etc)
常年,副,all year round/for years on end
常年,名,average year
称呼,动,to call; to address as
称呼,名,form of address; appellation
尺,量,a Chinese foot/one-third of a meter
尺,名,a ruler/a tape-measure/one of the three acupoints for measuring pulse in Chinese medicine
冲动,名,impulse/urge
冲动,动,to have an urge/to be impetuous
充实,形,rich/full/substantial
充实,动,to enrich/to augment/to substantiate (an argument)
除,动,to get rid of/to remove/to exclude/to eliminate/to wipe out/to divide
除,介,except/not including
储蓄,动,to save money (in a bank)
储蓄,名,savings
串,名,string/bunch/skewer
串,量,"classifier for things that are strung together, or in a bunch, or in a row: string of, bunch of, series of"
串,动,to string together/to skewer/to connect wrongly/to gang up/to rove/to make a swift or abrupt linear movement (like a bead on an abacus)/to move across
创意,名,creativity
创意,形,creative
纯,形,pure/simple/unmixed/genuine
刺,动,to prick/to pierce/to stab/to assassinate/to murder
刺,名,thorn/sting/thrust
搭配,动,to pair up/to match/to arrange in pairs/to add sth into a group
贷款,动,to provide a loan (e.g. bank)/to raise a loan (from e.g. a bank)
贷款,名,a loan
当下,名,at that moment/at the moment
当下,副,immediately/at once
道德,名,virtue/morality/ethics
得了,助,all right!/that's enough!
滴,动,to drip/to let drip; to apply (eye drops etc)
滴,量,classifier for drops of liquid
滴,名,(bound form) a drop (of liquid)
典型,名,model/typical case/archetype
典型,形,typical/representative
顶,名,apex/crown of the head/top/roof
顶,动,"to carry on the head/to push to the top/to go against/to replace/to substitute/to be subjected to (an aerial bombing, hailstorm etc)/(slang) to ""bump"" a forum thread to raise its profile"
顶,量,"classifier for headwear, hats, veils etc"
顶,副,most
定价,动,to set a price/to fix a price
定时,动,to fix a time
定时,名,fixed time
定时,形,timed (of explosive etc)
定位,动,to orientate/to position/to categorize (as)/to characterize (as)
定位,名,positioning/position/niche
定义,名,definition
定义,动,to define
动态,名,movement/motion/development/trend
动态,形,dynamic (science)
逗,动,to tease (playfully); to entice/(coll.) to joke/to stay; to sojourn
逗,形,(coll.) funny; amusing
逗,名,brief pause at the end of a phrase (variant of 讀|读[dou4])
斗争,名,a struggle/fight/battle
毒,名,poison/narcotics
毒,动,to poison
毒,形,poisonous/malicious/cruel/fierce
多余,形,superfluous/unnecessary/surplus
恶心,形,nauseating
恶心,动,to feel sick/to embarrass (deliberately)
恶心,名,nausea/disgust/bad habit/vicious habit/vice
肥,形,fat/fertile/loose-fitting or large
肥,动,to fertilize/to become rich by illegal means
肥,名,fertilizer/manure
分散,动,to scatter/to disperse/to distribute
粉,名,powder/cosmetic face powder/food prepared from starch; noodles or pasta made from any kind of flour
粉,形,white/pink
粉,动,to turn to powder/(dialect) to whitewash/to be a fan of
粉,后缀,(suffix) fan (abbr. for 粉絲|粉丝[fen3 si1])
福利,名,benefit (provided by an employer or organization)/(social) welfare
辅助,动,to assist; to aid
辅助,形,supplementary; auxiliary
干脆,形,candid/direct and to the point
干脆,副,simply/just/might as well
高层,名,high-rise
高层,形,high level; high class
革命,动,to withdraw the mandate of heaven (and transition to a new dynasty) (original meaning)/to revolt (against sb or sth)/to revolutionize (sth)/(separable verb sometimes used in the pattern 革noun的命)
革命,形,revolutionary
革命,名,revolution
公告,名,post/announcement
公开,形,open; overt; public
公开,动,to make public; to release
巩固,形,firm; solid; stable
巩固,动,to consolidate; to strengthen
归,动,to return/to go back to/to give back to/(of a responsibility) to be taken care of by/to belong to/to gather together/to marry (of a woman) (old)
归,连,(used between two identical verbs) despite
归,名,division on the abacus with a one-digit divisor
规范,名,norm/standard/specification/regulation/rule
规范,形,within the rules
规范,动,to fix rules/to regulate/to specify
规划,名,a plan; a program
规划,动,to draw up a plan; to map out a program
规矩,名,lit. compass and set square/fig. established standard/rule/customs/practices
规矩,形,fig. upright and honest/well-behaved
过时,动,to be later than the time stipulated or agreed upon
过时,形,old-fashioned/out of date
害,名,harm/evil/calamity
害,动,to do harm to/to cause trouble to
狠,形,ruthless; fierce; ferocious/determined; resolute
狠,动,to harden (one's heart)
横,形,horizontal/across/crosswise/in a jumble/chaotic/(in fixed expressions) harsh and unreasonable/violent
横,动,"to place (sth) flat (on a surface)/to cross (a river, etc)"
横,名,horizontal stroke (in Chinese characters)
怀,名,bosom/heart/mind
怀,动,to think of/to harbor in one's mind/to conceive (a child)
环,名,ring/hoop/loop/(chain) link
环,量,classifier for scores in archery etc
环,动,to surround/to encircle/to hem in
幻想,动,to fantasize; to imagine
幻想,名,an illusion; a fantasy
回头,动,to turn round; to turn one's head
回头,副,later; by and by
汇款,动,to remit money
汇款,名,remittance
混,动,to mix/to mingle/to drift along/to muddle along/to pass for/to get along with sb
混,形,muddled/thoughtless/reckless
活跃,形,active/lively/excited
活跃,动,to enliven/to brighten up
机械,名,machine/machinery
机械,形,mechanical/(old) cunning/scheming
加倍,动,to double/to redouble
加以,动,"(formal) to apply; to carry out; to take action to (do sth) (used before a disyllabic verb, indicating that the action is directed at sth previously mentioned, e.g. 加以說明|加以说明[jia1 yi3 shuo1 ming2]); to apply (restrictions etc); to give (support, consideration etc)"
加以,连,(literary) moreover; in addition
假设,动,to suppose/to presume/to assume
假设,名,hypothesis/conjecture
假设,连,supposing that .../if
尖,形,"pointed; tapering; sharp/(of a sound) shrill; piercing/(of one's hearing, sight etc) sharp; acute; keen"
尖,名,sharp point; tip/the best of sth; the cream of the crop
尖,动,to make (one's voice) shrill
坚定,形,firm/steady/staunch/resolute
兼职,动,to hold concurrent posts
兼职,名,concurrent job/moonlighting
简介,名,summary/brief introduction
间隔,名,gap/interval/compartment
间隔,动,"to divide/to separate/to leave a gap of (two weeks, three meters etc)"
健全,形,robust/sound
酱,名,thick paste of fermented soybean/paste/jam
酱,动,marinated in soy paste
教训,动,to provide guidance; to lecture sb; to upbraid
教训,名,a talking-to; a bitter lesson
接连,副,on end/in a row/in succession
结尾,动,to wind up
结尾,名,ending/coda
净,形,"clean/net (income, exports etc)"
净,副,completely/only
净,名,(Chinese opera) painted face male role
捐款,动,to donate money/to contribute funds
捐款,名,donation/contribution (of money)
决策,动,to determine policy
决策,名,strategic decision/decision-making/policy decision
开头,动,to start
开头,名,beginning
考古,动,to engage in archaeological studies
考古,名,archaeology
可怜,形,pitiful/pathetic
可怜,动,to have pity on
空闲,形,"(of a person) free; unoccupied/(of equipment, rooms etc) unused; idle; vacant"
空闲,名,leisure; spare time
口头,形,oral/verbal
扣,动,"to fasten/to button/to arrest/to confiscate/to deduct (money)/to knock/to smash, spike or dunk (a ball)/to cover (with a bowl etc)/(fig.) to tag a label on sb"
扣,名,button/buckle/knot/discount/(Tw) (loanword) code
款,名,section/paragraph/funds
款,量,classifier for versions or models (of a product)
赖,形,bad/rascally
赖,动,to depend on/to hang on in a place/to renege (on promise)/to disclaim/to rat (on debts)/to blame/to put the blame on
牢,名,(literary) pen; fold (for livestock)/prison; jail
牢,形,firm; secure; fast
理,名,texture/grain (of wood)/inner essence/intrinsic order/reason/logic/truth/science/natural science (esp. physics)
理,动,to manage/to pay attention to/to run (affairs)/to handle/to put in order/to tidy up
理性,形,rational
理性,名,reason/rationality
粒,名,grain; granule; pellet; particle
粒,量,"classifier for small round objects (peas, bullets, peanuts, pills, grains etc)/(Tw) classifier for larger round objects (watermelon etc)"
例外,动,to be an exception
例外,名,exception
录像,动,to videotape/to videorecord
录像,名,video recording
轮,名,wheel; disk; ring/steamship
轮,动,to take turns; to rotate
轮,量,"classifier for big round objects: disk, or recurring events: round, turn"
落后,动,to fall behind/to lag (in technology etc)/to retrogress
落后,形,backward
密集,形,concentrated/crowded together/intensive/compressed
勉强,形,reluctant/barely enough
勉强,动,to do with difficulty/to force sb to do sth
民主,名,democracy
民主,形,democratic
命令,名,order/command
暖,形,warm
暖,动,to warm
盘,量,"classifier for things resembling a plate or dish/classifier for coils/classifier for games or matches (chess, table tennis etc)"
盘,动,"to coil (a rope, pigtail etc)/to check; to examine; to investigate/to transfer; to sell (property)/to shift; to move (sth big and heavy)"
盘,名,tray; plate; dish/(finance) (bound form) market prices/(computing) (bound form) disk
泡,名,bubble; foam/blister
泡,动,to soak; to steep; to infuse/to dawdle; to loiter/to pick up (a girl)/to get off with (a sexual partner)
泡,量,classifier for occurrences of an action/classifier for number of infusions
配备,动,to allocate/to provide/to outfit with
捧,动,to hold or offer with both hands/to sing the praises of
捧,量,classifier for what can be held in both hands
皮,名,skin; peel; rind; outer layer/leather; hide; fur/cover; wrapping; outer covering
皮,形,(of food) no longer crisp; soggy/(coll.) naughty; mischievous
皮,前缀,pico- (10⁻¹²)
飘,动,to float (in the air); to flutter; to waft
飘,形,complacent; frivolous/weak; shaky; wobbly
评论,动,to comment on/to discuss
评论,名,comment/commentary
坡,名,slope
坡,形,sloping/slanted
启示,动,to reveal/to enlighten
启示,名,enlightenment/revelation/illumination/moral (of a story etc)/lesson
起源,动,to originate/to come from
起源,名,origin
谦虚,形,modest/self-effacing
谦虚,动,to make modest remarks
强壮,形,strong/sturdy/robust
清,形,(of water etc) clear; clean/quiet; still/pure; uncorrupted/clear; distinct
清,动,to clear; to settle (accounts)
倾向,名,trend/tendency/orientation
清醒,形,clear-headed/sober/awake
入门,动,to enter a door/to learn the basics of a subject; introduction (to a subject); (attributive) entry-level
入门,名,entrance door
塞,动,to plug; to stop up; to stuff in
塞,名,(bound form) a stopper; a cork
刹车,动,to brake (when driving)/to stop/to switch off/to check (bad habits)
刹车,名,a brake
伤亡,名,casualties/injuries and deaths
神,名,god; deity/spirit; mind; energy/look; expression
神,形,supernatural; magical; mysterious/lively; expressive/(coll.) awesome; amazing
实惠,名,tangible benefit/material advantages
实惠,形,cheap/economical/advantageous (deal)/substantial (discount)
时尚,名,fashion/fad
时尚,形,fashionable
竖,形,vertical
竖,动,to erect
竖,名,vertical stroke (in Chinese characters)
松,形,loose
松,动,to loosen/to relax
松,名,"floss (dry, fluffy food product made from shredded, seasoned meat or fish, used as a topping or filling)"
算了,助,let it be/let it pass/forget about it
算是,动,considered to be
算是,副,at last
烫,动,to scald/to burn (by scalding)/to blanch (cooking)/to heat (sth) up in hot water/to perm/to iron
烫,形,scalding hot
贴近,动,to press close to/to snuggle close
贴近,形,intimate
同行,名,person of the same profession
同行,形,"of the same trade, occupation or industry"
同类,形,similar/alike
同类,名,same type
偷,动,to steal/to pilfer/to snatch
偷,副,stealthily
偷,名,thief
投资,动,to invest
投资,名,investment
透,动,(bound form) to penetrate; to seep through/to tell secretly; to leak/to appear; to show
透,副,thoroughly; through and through
团结,动,to unite
团结,形,united
团结,名,unity; solidarity
网,名,net; web/network
网,动,to net; to catch with a net
为难,动,to feel embarrassed or awkward/to make things difficult (for someone)/to find things difficult (to do or manage)
委屈,形,wronged; aggrieved
委屈,动,to inconvenience; to put (sb) at a disadvantage; to do sb wrong
委屈,名,sense of being wronged
文明,名,civilization/culture
文明,形,civilized
误解,动,to misunderstand
误解,名,misunderstanding
显,形,prominent/conspicuous
显,动,to make visible/to reveal
显,前缀,(prefix) phanero-
险,形,dangerous/rugged
险,名,danger
线,名,thread/string/wire/line
线,量,(after a number) tier (unofficial ranking of a Chinese city)
协调,形,harmonious/concerted
协调,动,to coordinate/to harmonize/to fit together/to match (colors etc)
眼看,副,soon/in a moment
眼看,动,to look on as sth happens
依旧,动,to remain the same
依旧,副,as before; still
疑惑,动,to doubt/to distrust/to puzzle over
疑惑,名,misgivings/suspicions
疑惑,形,unconvincing
移民,动,to immigrate/to migrate
移民,名,emigrant/immigrant
异常,形,unusual; abnormal
异常,副,extremely; exceptionally
议论,动,to comment/to talk about/to discuss
议论,名,discussion
一时,名,a period of time/a while
一时,副,for a short while/at the same time
一时,形,temporary/momentary
因,连,because
因,名,cause/reason
印,名,a seal/a print/a stamp/a mark/a trace/image
印,动,to print/to mark/to engrave
拥挤,动,to throng
拥挤,形,crowded
拥挤,名,congestion
用功,动,to study hard/to make great effort
用功,形,diligent/industrious (in one's studies)
有劲,形,vigorous; energetic/interesting; amusing
预料,动,to forecast/to anticipate
预料,名,expectation
晕,形,confused/dizzy/giddy
晕,动,to faint/to swoon/to lose consciousness/to pass out
遭遇,动,to meet with; to encounter (esp. misfortune or hardship)
遭遇,名,an experience (esp. adverse)
造型,动,to model; to shape
造型,名,appearance; style; design; form; pose
则1,连,(literary) (conjunction used to express contrast with a previous clause) but; then
则1,名,(bound form) standard; norm/(bound form) principle
则1,动,(literary) to imitate; to follow
战斗,名,struggle/battle
战斗,动,to fight/to engage in combat
障碍,名,barrier/obstruction/hindrance/impediment/obstacle
镇,动,to press down/to calm/to subdue/to suppress/to guard/to cool or chill (food or drinks)
镇,名,garrison/small town
正面,名,front/obverse side/right side
正面,形,positive/direct/open
正义,名,justice; righteousness/(in the titles of traditional commentaries) correct interpretation
正义,形,just; righteous
枝,名,branch
枝,量,"classifier for sticks, rods, pencils etc"
支出,动,to spend; to pay out
支出,名,expenses; expenditure
指挥,动,to conduct/to command/to direct
指挥,名,conductor (of an orchestra)
指示,动,to point out/to indicate/to instruct
指示,名,directives/instructions
至于,动,to go so far as to
至于,介,as for/as to
中暑,名,sunstroke; heatstroke
中暑,动,to suffer heat exhaustion
主导,动,to lead/to direct/to dominate
主导,名,leading/dominant/prevailing
主管,动,in charge/responsible for
主管,名,person in charge/manager
主演,动,to play the leading role; to star
主演,名,lead actor
主张,动,to advocate/to stand for
主张,名,view/position/stand/proposition/viewpoint/assertion
装备,动,to equip/to outfit
装备,名,equipment
足,形,sufficient; ample
足,副,as much as; fully
足,名,(bound form) foot; leg
阻碍,动,to obstruct/to hinder/to block
阻碍,名,obstruction/hindrance
碍事,动,to be in the way; to be a hindrance/(usu. in the negative) to be of consequence; to matter
安定,形,stable; calm; settled
安定,动,to stabilize
安定,名,Valium; diazepam
八成,数量,eighty percent
八成,副,most probably/most likely
八卦,名,the eight divinatory trigrams of the Book of Changes 易經|易经[Yi4 jing1]/gossip
八卦,形,gossipy
百般,副,in hundred and one ways/in every possible way/by every means
败坏,动,to ruin/to corrupt/to undermine
伴,名,partner; companion; comrade; associate
伴,动,to accompany
磅,量,"(loanword) pound (unit of weight, about 454 grams)/(printing) point (unit used to measure the size of type)/(Tw) (printing) pound; ream weight (used to describe paper thickness)"
磅,名,scale (instrument for weighing)
磅,动,to weigh
煲,名,deep cooking pot
煲,动,to cook slowly in such a pot
保守,动,to guard/to keep
保守,形,conservative
备,动,(bound form) to prepare; to equip
备,副,(literary) fully; completely
本分,名,(to play) one's part/one's role/one's duty/(to stay within) one's bounds
本分,形,dutiful/keeping to one's role
编号,动,to number; to assign numbers
编号,名,serial number
编剧,动,to write a play
编剧,名,scenario/dramatist/screenwriter
边缘,名,edge; fringe; verge; brink; periphery
边缘,形,marginal; borderline
辩证,动,to investigate
辩证,形,dialectical
标记,动,to mark up
标记,名,sign/mark/symbol/(computing) token
标识,动,to mark or label for identification/to symbolize; to indicate; to mark
标识,名,"identifying mark, sign, label etc/sign; mark; symbol; logo"
憋,动,to choke/to stifle/to restrain/to hold back/to hold in (urine)/to hold (one's breath)
并肩,副,alongside/shoulder to shoulder/side by side/abreast
拨,动,"to push aside with the hand, foot, a stick etc/to dial/to allocate/to set aside (money)/to poke (the fire)/to pluck (a string instrument)/to turn round"
拨,量,"classifier: group, batch"
拨款,动,to allocate funds
拨款,名,appropriation
不定,形,indefinite/indeterminate/(botany) adventitious
补给,动,to replenish
补给,名,supply/replenishment
补助,动,to subsidize
补助,名,subsidy/allowance
布局,名,arrangement/composition/layout/opening (chess jargon)
不堪,动,cannot bear/cannot stand
不堪,副,utterly/extremely
不由得,副,can't help/cannot but
参谋,名,staff officer
参谋,动,to give advice
测验,动,to test
测验,名,test
差额,名,balance (financial)/discrepancy (in a sum or quota)/difference
岔,名,"fork in road/bifurcation/branch in road, river, mountain range etc"
岔,动,to branch off/to turn off/to diverge/to stray (from the path)/to change the subject/to interrupt/to stagger (times)
馋,形,gluttonous/greedy
馋,动,to have a craving
长征,名,expedition/long journey
敞开,动,to open wide
敞开,副,unrestrictedly
倡议,动,to suggest/to initiate
倡议,名,proposal/initiative
超前,形,advanced
超前,动,to be ahead of one's time/to surpass or outdo one's predecessors/to be ahead of the pack/to take the lead
潮,名,tide
潮,形,damp; moist; humid/fashionable; trendy/(coll.) inferior; substandard
沉淀,动,"(chemistry) to settle; to precipitate/(fig.) (of emotions, thoughts, experience etc) to settle and be absorbed over time; to take shape gradually (through reflection or maturation)"
沉淀,名,(chemistry) sediment; precipitate
澄清,形,clear (of liquid)/limpid
澄清,动,to clarify/to make sth clear/to be clear (about the facts)
重叠,动,to overlap/to superimpose/to telescope/to run together/to duplicate
重叠,名,"superposition/an overlap/redundancy/reduplication (in Chinese grammar, e.g. 散散步[san4 san4 bu4] to have a stroll)"
重叠,形,one over another
仇恨,动,to hate
仇恨,名,hatred/enmity/hostility
出身,动,to be born of/to come from
出身,名,family background/class origin
出手,动,to dispose of/to spend (money)/to undertake a task
锄,名,a hoe
锄,动,to hoe or dig/to weed/to get rid of
除去,动,to eliminate/to remove
除去,介,except for/apart from
储备,动,to store up
储备,名,reserves
处方,动,to write out a prescription
处方,名,medical prescription/(fig.) recommendation/advice
处分,动,to discipline sb/to punish/to deal with (a matter)
处分,名,disciplinary action
传人,动,to teach/to impart
传人,名,a disciple/descendant
传言,名,rumor/hearsay
锤,名,hammer/weight (e.g. of a steelyard or balance)
锤,动,to hammer into shape/to strike with a hammer
纯粹,形,pure/unadulterated
纯粹,副,purely/completely
纯洁,形,pure/clean and honest
纯洁,动,to purify
戳,动,to jab/to poke/to stab/(coll.) to sprain/to blunt/to fuck (vulgar)/to stand/to stand (sth) upright
戳,名,stamp/seal
刺绣,动,to embroider
刺绣,名,embroidery
存货,名,stock/inventory (of material)
搭档,动,to cooperate
搭档,名,partner
大不了,形,(usu. in the negative) serious; alarming
大不了,副,at worst; if worst comes to worst
大气,名,atmosphere (surrounding the earth)
大气,形,imposing; impressive; stylish
大体,名,overall situation; the big picture/cadaver for dissection in training medical students
大体,副,in general; more or less; in rough terms; basically; on the whole
大宗,形,large amount
大宗,名,staple/influential family of long standing
单身,名,unmarried; single
单身,副,alone
当真,动,to take seriously
当真,副,"No joking, really!"
当真,形,serious
导向,动,to be oriented towards
导向,名,orientation
到位,动,to get to the intended location/to be in place/to be in position
到位,形,precise/well (done)
低调,名,low pitch
低调,形,quiet (voice)/subdued/low-key/low-profile
点评,动,to comment
点评,名,a point by point commentary
垫,动,to pad out/to fill a gap/to pay for sb/to advance (money)
垫,名,pad/cushion/mat
雕刻,动,to carve/to engrave
雕刻,名,carving
雕塑,动,to carve
雕塑,名,a statue/a Buddhist image/sculpture
调度,动,"to dispatch (vehicles, staff etc)/to schedule/to manage"
调度,名,dispatcher/scheduler
顶尖,名,peak/apex
顶尖,形,world best/number one/finest (competitors)/top (figures in a certain field)
动荡,名,unrest (social or political)/turmoil/upheaval/commotion
动摇,动,to sway/to waver/to rock/to rattle/to destabilize/to pose a challenge to
兜,名,pocket/bag/combat armor (old)
兜,动,to wrap up or hold in a bag/to move in a circle/to canvas or solicit/to take responsibility for/to disclose in detail
端正,形,upright/regular/proper/correct
断然,形,resolute/definitive
断然,副,categorically/absolutely
多半,数,most
多半,副,mostly/most likely
恶作剧,动,to play a practical joke
恶作剧,名,practical joke/prank
乏力,形,lacking in strength; weak; feeble/not up to the task
法治,名,rule of law
法治,动,to rule by law
反感,名,bad reaction/antipathy
反感,形,to be disgusted with/to dislike
反面,名,reverse side/backside/the other side (of a problem etc)
反面,形,negative/bad
仿真,动,to emulate/to simulate
仿真,名,emulation/simulation
放纵,动,to indulge/to pamper/to connive at
放纵,形,permissive/indulgent/self-indulgent/unrestrained/undisciplined/uncultured/boorish
非,动,to not be; not/to reproach; to blame
非,副,(coll.) to insist on; simply must
非,前缀,non-; un-; in-; de-
非,形,wrong; incorrect
废,动,to abolish/to abandon/to abrogate/to discard/to depose/to oust
废,形,crippled/abandoned/waste
废话,名,nonsense; rubbish; superfluous words
废话,叹,You don't say!; No kidding! (gently sarcastic)
芬芳,形,fragrant
芬芳,名,perfume
分明,形,clear/distinct
分明,副,evidently/clearly
分歧,形,divergent
分歧,名,"difference (of opinion, position); disagreement/(math.) bifurcation"
分外,副,exceptionally
分外,形,not one's responsibility or job
疯,形,insane/mad/wild
封建,名,system of enfeoffment/feudalism
封建,形,feudal/feudalistic
腐败,形,rotten
腐败,动,to corrupt/to rot
腐败,名,corruption
腐烂,动,to rot/to putrefy
腐烂,形,(fig.) corrupt
腐朽,形,rotten/decayed/decadent/degenerate
负,动,to bear/to carry (on one's back)/to turn one's back on/to be defeated
负,形,negative (math. etc)
附带,动,to attach
附带,副,incidentally/in parentheses/by chance/in passing/additionally
附带,形,supplementary/secondary/subsidiary
附属,形,subsidiary/auxiliary/attached/affiliated/subordinate/subordinating
杆,名,stick/pole/lever
杆,量,classifier for long objects such as guns
高昂,动,to hold (one's head) high
高昂,形,expensive/high (spirits etc)
高调,名,high-sounding speech/bombast
高调,形,high-profile
高压,名,(physics) high pressure/(meteorology) high atmospheric pressure/high voltage/systolic blood pressure
高压,形,high-handed; oppressive
高涨,动,to surge up/to rise/(of tensions etc) to run high
搞笑,动,to get people to laugh
搞笑,形,funny/hilarious
根源,名,origin/root (cause)
耕地,动,to plow land
耕地,名,arable land
弓,名,a bow (weapon)
弓,动,to bend/to arch (one's back etc)
供奉,动,to consecrate/to enshrine and worship
供奉,名,an offering (to one's ancestors)/a sacrifice (to a god)
钩,名,hook/check mark or tick/window catch
钩,动,to hook/to sew/to crochet
构想,动,to conceive
构想,名,concept
孤立,形,isolated/unrelated; irrelevant
孤立,动,to isolate
故,副,intentional
故,连,therefore/hence
故,名,happening/instance/reason/cause/friend
故,形,former/old
故,动,"(of people) to die, dead"
顾虑,动,to worry about; to be concerned about
顾虑,名,misgivings; apprehensions
挂钩,动,to couple; to link; to hook together/(fig.) (preceded by 與|与[yu3] + {entity}) to establish contact (with {entity}); (Tw) to collude (with {entity})/(fig.) to link (marketing efforts with production etc); to peg (welfare payments to inflation etc); to tie (remuneration to performance etc)
挂钩,名,hook (on which to hang sth); latch hook; coupling
怪不得,副,no wonder!/so that's why!
怪异,形,monstrous/strange
怪异,名,strange phenomenon
管教,动,to discipline/to teach/to guarantee
光彩,名,luster/splendor/radiance/brilliance
光辉,名,radiance/glory
光辉,形,brilliant/magnificent
光荣,形,glorious
光荣,名,honor and glory
鬼,名,disembodied spirit; ghost; devil/one of the 28 constellations of ancient Chinese astronomy
鬼,形,sly; crafty; resourceful (variant of 詭|诡[gui3])
鬼,后缀,(suffix) person with a certain vice or addiction etc
果真,副,really/as expected/sure enough
果真,连,if indeed.../if it's really...
过往,动,to come and go/to associate with; to have dealings with
过往,名,the past; former times
含蓄,动,to contain/to hold
含蓄,形,"(of a person or style etc) reserved/restrained/(of words, writings) full of hidden meaning/implicit/veiled (criticism)"
好歹,名,good and bad/most unfortunate occurrence
好歹,副,in any case/whatever
何等,代,what kind?
何等,副,"how, what/somewhat"
和气,形,friendly/polite/amiable
轰,拟声,explosion/bang/boom/rumble
轰,动,to attack/to shoo away/to expel
划算,动,to calculate/to weigh (pros and cons)/to view as profitable
划算,形,worthwhile/value for money/cost-effective
怀抱,动,"to hug/to cherish/to embrace (also fig. an ideal, aspiration etc)"
怀抱,名,within the bosom (of the family)
缓和,动,to ease (tension)/to alleviate/to moderate/to allay/to make more mild
回味,名,aftertaste
回味,动,to call to mind and ponder over
贿赂,动,to bribe
贿赂,名,a bribe
祸害,名,disaster/harm/scourge/bad person
祸害,动,to damage/to harm/to wreck
积淀,名,"deposits accumulated over long periods/fig. valuable experience, accumulated wisdom"
机关,名,mechanism; gear/office; agency; organ; organization; establishment; institution; body/stratagem; scheme; intrigue; plot; trick
机关,形,machine-operated
机密,形,secret; classified
机密,名,classified information; secret
积蓄,动,to save; to put aside
积蓄,名,savings
集会,动,to gather
集会,名,assembly/meeting
计,动,to calculate/to compute/to count/to regard as important/to plan
计,名,ruse/meter/gauge
剂,名,"(bound form) a compound made by mixing ingredients (esp. a medicinal or chemical product)/(bound form) small piece of dough cut from a rolled log, used for making mantou (steamed buns) or dumplings"
剂,量,classifier for a dose of medicine
忌讳,动,to avoid as taboo/to abstain from
忌讳,名,taboo
纪实,名,record of actual events/documentary (factual rather than fictional)
家用,名,family expenses/housekeeping money
家用,形,home-use/domestic
驾,动,to harness/to draw (a cart etc)/to drive/to pilot/to sail/to ride
驾,代,your good self
驾,前缀,prefixed word denoting respect (polite 敬辭|敬辞[jing4 ci2])
尖端,名,sharp pointed end/the tip/the cusp/highest peak/the best
尖端,形,tip-top/most advanced and sophisticated
简称,名,abbreviation; short form
简称,动,to be abbreviated to
检讨,动,to examine or inspect
检讨,名,self-criticism/review
健美,形,healthy and beautiful
健美,名,abbr. for 健美運動|健美运动[jian4 mei3 yun4 dong4]
健美,动,to do fitness exercises
见识,动,to gain first-hand knowledge of sth/to experience for oneself
见识,名,knowledge/experience/insight
建树,动,to make a contribution/to establish/to found
建树,名,contribution
鉴于,介,in view of/considering
鉴于,连,seeing that/whereas
见证,动,to be witness to
见证,名,witness/evidence
讲理,动,to argue/to reason with sb/to talk sense
讲理,形,to be reasonable
交互,副,mutual/each other/alternately/in turn
交互,形,interactive
交互,名,interaction
教条,名,doctrine/dogma/creed
教条,形,dogmatic
教养,动,to educate; to bring up; to nurture
教养,名,upbringing; breeding; culture
截,动,to cut off (a length)/to stop/to intercept
截,量,section/chunk/length
结晶,动,to crystallize
结晶,名,crystallization/crystal/(fig.) the fruit (of labor etc)
结晶,形,crystalline
界,名,(bound form) boundary; border/(bound form) realm
禁忌,名,taboo/contraindication (medicine)
禁忌,动,to abstain from
拘束,动,to restrict/to restrain
拘束,形,constrained/awkward/ill at ease/uncomfortable/reticent
绝,动,to cut short/to disappear/to vanish
绝,形,extinct
绝,副,absolutely/by no means
觉悟,动,to come to understand/to realize
觉悟,名,consciousness/awareness/Buddhist enlightenment (Sanskrit: cittotpāda)
均,形,(bound form) equal; uniform; even
均,副,(literary) without exception; all
开阔,形,wide/open (spaces)
开阔,动,to open up
开销,动,to pay (expenses)/(old) to dismiss (an employee)
开销,名,expenses
坑,名,pit; hollow; depression/(mining) pit; shaft; tunnel
坑,动,(literary) to bury alive/(coll.) to cheat; to scam; to screw over
空洞,名,cavity
空洞,形,empty/vacuous
空想,动,to fantasize
空想,名,daydream/fantasy
抠,动,to dig; to pick; to scratch (with a finger or sth pointed)/to carve; to cut/to study meticulously/to lift up (esp. the hem of a robe)
抠,形,stingy; miserly
苦心,名,painstaking effort
苦心,副,laborious at pains
苦心,动,to take a lot of trouble
框,名,frame (e.g. door frame)/casing/fig. framework/template
框,动,to circle (i.e. draw a circle around sth)/to frame/to restrict
捆,动,to tie together
捆,名,bundle
捆,量,a bunch
困惑,形,bewildered/perplexed/confused
困惑,名,difficult problem/perplexity
来电,动,"to phone in; to send in a telegram/to have an instant attraction to sb/(of electricity, after an outage) to come back"
来电,名,incoming telephone call (or telegram)
来回,动,to make a round trip
来回,名,return journey
来回,副,back and forth/to and fro/repeatedly
老大,形,old age
老大,副,very
老大,名,eldest child in a family/leader of a group/boss/captain of a boat/leader of a criminal gang
乐意,动,to be willing to do sth/to be ready to do sth/to be happy to do sth
乐意,形,content/satisfied
累赘,形,superfluous/cumbersome/long-winded (of writing)
累赘,动,to inconvenience/to tie sb down
累赘,名,a burden on sb/a nuisance to sb
冷淡,形,cold/indifferent
冷落,形,desolate/unfrequented
冷落,动,to treat sb coldly/to snub/to cold shoulder
愣,动,to look distracted/to stare blankly
愣,形,distracted/blank/rash
愣,副,(coll.) unexpectedly/rashly
理事,动,(literary) to take care of matters
理事,名,member of council
理智,名,reason/intellect/rationality
理智,形,rational
立方,名,cube (math.)/abbr. for 立方體|立方体[li4 fang1 ti3]
立方,量,abbr. for 立方米[li4 fang1 mi3]
历时,动,to last/to take (time)
历时,形,diachronic
历时,名,period
立体,形,three-dimensional/solid/stereoscopic
连夜,副,that very night/through the night/for several nights in a row
两下子,数量,a couple of times
两下子,名,the same old trick/tricks of the trade
两下子,动,to repeat the same
料理,动,to arrange/to handle/to cook
料理,名,cuisine/art of cooking
裂缝,名,crack/crevice
临,动,to face/to overlook/to arrive
临,副,to be (just) about to/just before
灵,形,quick/alert/efficacious/effective
灵,名,spirit/departed soul/coffin
灵,动,to come true
零碎,形,scattered and fragmentary
零碎,名,scraps/odds and ends
领队,动,to lead a group
领队,名,leader of a group/captain (of sports squad)
露天,名,outdoors
露天,形,al fresco/in the open
略,形,brief; sketchy
略,动,to omit/to capture (territory)
略,副,(bound form before a single-character verb) a bit; somewhat; slightly
略,名,outline; summary/plan; strategy
论证,动,to prove a point/to expound on/to demonstrate or prove (through argument)
论证,名,proof
啰唆,形,long-winded; wordy/troublesome; pesky
啰唆,动,to talk endlessly; to go on and on
麻痹,动,to benumb/(fig.) to lull
麻痹,形,negligent/apathetic
麻痹,名,paralysis/palsy/numbness
满怀,动,to have one's heart filled with
满怀,副,(to collide) full on
满怀,形,(of farm animals) heavy with young
没劲,动,to have no strength/to feel weak
没劲,形,exhausted/feeling listless/boring/of no interest
萌芽,动,(of a seed) to germinate/(of a plant) to sprout; to bud
萌芽,名,sprout; bud/(also used figuratively)
迷惑,动,to puzzle/to confuse/to baffle
名誉,名,fame/reputation/honor
名誉,形,honorary/emeritus (of retired professor)
摩擦,名,friction/rubbing/chafing/fig. disharmony/conflict/also written 磨擦
模范,名,model/fine example
抹,动,to smear/to wipe/to erase
抹,量,"classifier for wisps of cloud, light-beams etc"
默契,形,(of people) in sync; well coordinated
默契,名,tacit understanding; unwritten agreement/rapport
难怪,动,(it's) not surprising (that)
难怪,副,(it's) no wonder (that...)
难堪,形,hard to take/embarrassed
内行,形,expert/adept/experienced
内行,名,an expert/a professional
能耐,名,ability/capability
尿,名,urine
尿,动,to urinate
叛逆,动,to rebel/to revolt
叛逆,名,a rebel
配方,动,"completing the square (to solve quadratic equation, math.)"
配方,名,prescription/cooking recipe/formulation
偏,形,oblique/prejudiced
偏,动,to lean/to slant/to deviate from average/to stray from the intended line
偏,副,stubbornly/contrary to expectations
偏向,名,erroneous tendencies (Leftist or Revisionist deviation)
偏向,动,partial towards sth/to prefer/to incline
撇,动,to throw/to cast
撇,名,left-slanting downward brush stroke (calligraphy)
品味,动,to sample; to taste/to appreciate
品味,名,"one's taste (i.e. in music, literature, fashion, food and drink etc); good taste"
平价,动,to keep prices down
平价,名,(currency exchange) parity
平价,形,reasonably priced/inexpensive
评审,动,to appraise/to evaluate/to judge
平行,形,"parallel (in a spatial or geometric sense, or figuratively)/on an equal footing; on the same level/simultaneous; concurrent"
谱,名,chart/list/table/register/score (music)/spectrum (physics)
谱,动,to set to music
漆,名,paint/lacquer
漆,动,"to paint (furniture, walls etc)"
企图,动,to attempt/to try
企图,名,attempt
气派,名,imposing manner/dignified air
气派,形,impressive/stylish/magnificent
欠缺,动,to be deficient in
欠缺,名,lapse/deficiency
亲近,形,(of people or relationships) close; intimate
亲近,动,"to draw close to; to engage with; to become familiar with (nature, places, ideas, art etc)"
亲热,形,affectionate; intimate; warmhearted
亲热,动,to show affection for/(coll.) to get intimate with sb
情愿,动,willingness
情愿,副,would rather (agree to X than Y)
拳,名,fist/boxing
权威,名,authority/power and prestige
权威,形,authoritative
劝告,动,to advise/to urge/to exhort
劝告,名,exhortation/advice
缺失,名,lack; deficiency/shortcoming; flaw; defect
缺失,动,to be deficient; to lack
绕远儿,动,to go the long way round/to take a circuitous route
绕远儿,形,(of a route) circuitous
人道,名,"human sympathy/humanitarianism/the ""human way"", one of the stages in the cycle of reincarnation (Buddhism)/sexual intercourse"
人道,形,humane
任,动,to assign/to appoint/to take up a post/to let/to allow/to give free rein to
任,连,"no matter (how, what etc)"
任,名,office/responsibility
任,量,"classifier for terms served in office, or for spouses, girlfriends etc (as in 前任男友)"
任意,副,at will/at random
任意,形,any/arbitrary
如意,动,as one wants; according to one's wishes
如意,名,"ruyi scepter, a symbol of power and good fortune"
润,动,"to moisten; to lubricate/to embellish; to enhance/(neologism c. 2021) (slang) (loanword from ""run"") to emigrate (in order to flee adverse conditions)"
润,形,moist; glossy; sleek
润,名,profit; remuneration
赛车,名,auto race/cycle race/race car
三维,形,three-dimensional/3D
山寨,名,fortified hill village/mountain stronghold (esp. of bandits)/(fig.) knockoff (goods)
山寨,形,counterfeit/imitation
尚,副,still/yet
尚,动,to value/to esteem
上任,动,to take office
上任,名,predecessor/previous (incumbent)
奢望,动,to have excessive expectations
奢望,名,an extravagant hope
深情,名,deep emotion; deep feeling; deep love
深情,形,affectionate; loving
神气,名,expression/manner
神气,形,vigorous/impressive/lofty/pretentious
声明,动,to state/to declare
声明,名,statement/declaration
失落,动,to lose (sth)/to drop (sth)/to feel a sense of loss
失落,形,frustrated
失落,名,disappointment/loss
试点,动,to carry out trial
试点,名,test point/pilot scheme
疏散,形,scattered; sparse
疏散,动,to scatter; to disperse; to evacuate
疏远,动,to drift apart/to become estranged/to alienate
疏远,名,estrangement
舒展,动,to roll out/to extend/to smooth out/to unfold
顺路,副,by the way/while out doing sth else/conveniently
顺手,形,smooth; easy; without difficulty
顺手,副,as an incidental action while doing sth else; while one is at it; in passing
私立,动,to set up illegally
私立,形,"privately-run; private (school, hospital etc)"
松懈,形,complacent/undisciplined
松懈,动,to relax/to relax efforts/to slack off/to take it easy
俗称,动,commonly referred to as
俗称,名,common term
素,形,"white/plain, unadorned/vegetarian (food)"
素,名,raw silk/essence/nature/element/constituent
素,副,usually/always/ever
诉求,动,to demand; to call for; to petition/to promote one's brand; to appeal to (consumers)
诉求,名,demand; wish; request/(marketing) message; pitch
素食,名,vegetarian food
素食,动,to eat a vegetarian diet
随机,副,according to the situation
随机,形,pragmatic/random
所属,形,belonging to/affiliated
所属,名,one's affiliation (i.e. the organization one is affiliated with)/subordinate (i.e. those subordinate to oneself)/under one's command
胎,量,classifier for litters (of puppies etc)
胎,名,fetus/padding (in clothing or bedding)/womb carrying a fetus/(fig.) origin/source/(loanword) tire
贪,动,to have a voracious desire for/to covet
贪,形,greedy/corrupt
摊,动,to spread out
摊,名,vendor's stand
坦白,形,honest/forthcoming
坦白,动,to confess
坦言,动,to say candidly/to acknowledge frankly
堂,名,(main) hall/large room for a specific purpose/relationship between cousins etc on the paternal side of a family
堂,量,"classifier for classes, lectures etc/classifier for sets of furniture"
堂,前缀,of the same clan
体面,名,dignity; prestige; face
体面,形,honorable; creditable/(of sb's appearance) presentable; respectable
替补,动,"to replace (a damaged component with a new one, an injured player with a substitute player, full-time workers with casual workers etc)"
替补,名,a substitute/a replacement
天赋,名,gift/innate skill
调和,形,harmonious/blended
调和,动,to mediate; to reconcile/to compromise/to mix; to blend/to season/to placate
调和,名,mediation/seasoning
铁,名,iron (metal)/arms/weapons
铁,形,hard/strong/violent/unshakeable/determined/close/tight (slang)
通报,动,to inform/to notify/to announce
通报,名,circular/bulletin/(scientific) journal
通告,动,to announce; to give notice
通告,名,announcement
同伙,名,colleague/co-conspirator/accomplice
投机,形,congenial; agreeable
投机,动,to speculate; to profiteer
推论,动,to infer
推论,名,inference/corollary/reasoned conclusion
托,动,to hold up in one's hand; to support with one's palm/to ask; to beg; to entrust (variant of 託|托[tuo1])/to trust/to entrust/to be entrusted with/to act as trustee
托,名,"sth serving as a support: a prop, a rest (e.g. arm rest)/(bound form) a shill/torr (unit of pressure)"
外行,形,amateur
外行,名,layman
丸,名,ball/pellet/pill
妄想,动,to attempt vainly
妄想,名,a vain attempt/delusion
威风,名,awe-inspiring bearing; authority; power
威风,形,imposing; impressive; majestic
微微,形,slight/faint/humble
为人,动,to conduct oneself
为人,名,behavior; conduct; personal character
伪装,动,to pretend to be (asleep etc)/to disguise oneself as/(military) to camouflage
伪装,名,pretense/disguise/camouflage
卫星,名,(aerospace) satellite/(astronomy) satellite; moon
吻,动,to kiss
吻,名,kiss/mouth
稳固,形,stable/steady/firm
稳固,动,to stabilize
窝,名,nest/pit or hollow on the human body/lair/den/place
窝,动,to harbor or shelter/to hold in check/to bend
窝,量,classifier for litters and broods
污秽,形,(literary) dirty; filthy
污秽,名,(literary) dirt; filth
无辜,形,blameless; innocent
无辜,名,the innocent
无赖,形,rascally/scoundrelly
无赖,名,hoodlum/rascal/rogue
无形,形,incorporeal/virtual/formless/invisible (assets)/intangible
无意,动,to have no intention of (doing sth)
无意,副,inadvertent/accidental
无缘,动,"to have no opportunity/no way (of doing sth)/no chance/no connection/not placed (in a competition)/(in pop lyrics) no chance of love, no place to be together etc"
舞,动,to dance/to wield/to brandish
武装,名,arms/equipment
武装,动,to arm
武装,形,military/armed (forces)
务实,动,to deal with concrete matters
务实,形,pragmatic
稀罕,形,rare; uncommon
稀罕,动,to value as a rarity; to cherish
稀罕,名,rare thing; rarity
夕阳,名,sunset/the setting sun
席,名,woven mat/seat/banquet/place in a democratic assembly
席,量,"classifier for banquets, conversations etc"
喜庆,形,festive
喜庆,名,jubilation
瞎,副,groundlessly/foolishly/to no purpose
瞎,形,blind
下落,名,whereabouts
下落,动,to drop/to fall
闲话,名,casual conversation/chat/gossip
闲话,动,to talk about (whatever comes to mind)
现任,动,to occupy a post currently
现任,形,current (president etc); incumbent
现任,名,"(coll.) current boyfriend (girlfriend, spouse)"
相识,动,to get to know each other
相识,名,acquaintance
效力,动,to serve (in some capacity)
效力,名,effectiveness/positive effect
协定,名,agreement/accord
协定,动,to reach an agreement
泄气,动,to leak (gas)/to be discouraged/to despair/to vent one's anger/(of a tire) to be flat
泄气,形,(disparaging) pathetic
新潮,形,modern/fashionable
新生,形,new/newborn/emerging/nascent
新生,名,rebirth/regeneration/new life/new student
信仰,动,to believe in (a religion)
信仰,名,firm belief/conviction
星级,名,star rating
星级,形,top-class/highly rated
行政,名,administration
行政,形,(attributive) administrative; executive
胸怀,动,to think about/to cherish
胸怀,名,one's bosom (the seat of emotions)/breast
胸怀,形,broad-minded and open
虚,形,empty or unoccupied/diffident or timid/false/humble or modest/(of health) weak/virtual
虚,副,in vain
虚,名,emptiness/void/abstract theory or guiding principles
虚拟,动,to imagine; to make up/(computing) to emulate
虚拟,形,fictitious; theoretical; hypothetical/(computing) virtual
须知,名,key information/instructions
须知,动,it must be borne in mind
许,动,to allow/to permit/to promise/to praise
许,副,somewhat/perhaps
絮叨,形,long-winded/garrulous
絮叨,动,to talk endlessly without getting to the point
喧哗,动,to make a racket
喧哗,名,hubbub/clamor
喧闹,形,noisy
喧闹,动,to make a noise
宣言,名,declaration/manifesto
沿途,名,along the sides of the road
沿途,副,by the wayside
掩护,动,to screen/to shield/to cover
掩护,名,protection/cover
演说,动,to deliver a speech
演说,名,speech
野餐,动,to have a picnic
野餐,名,picnic
依,动,to depend on/to comply with or listen to sb
依,介,according to/in the light of
一度,数量,one time/once
一度,副,for a time/at one time
疑虑,名,hesitation/misgivings/doubt
一面,名,one side/one aspect/one's whole face
一面,副,simultaneously... (and...)
一举,名,a move/an action
一举,副,in one move/at a stroke/in one go
一手,名,a skill/mastery of a trade
一手,副,by oneself/without outside help
一头,名,one head/a head full of sth/one end (of a stick)/one side
一头,副,headlong/directly/rapidly/simultaneously
意图,动,to intend
意图,名,intent/intention
一心,副,wholeheartedly/heart and soul
异性,形,of the opposite sex/heterosexual/different in nature
异性,名,the opposite sex
阴谋,动,to conspire; to plot
阴谋,名,a conspiracy; a plot
隐蔽,动,to conceal/to hide
隐蔽,形,covert/under cover
印证,动,to confirm; to corroborate; to verify
印证,名,proof; evidence
应酬,动,to engage in social activities; to socialize
应酬,名,dinner party; banquet; social engagement
踊跃,动,to leap/to jump
踊跃,形,eager
踊跃,副,enthusiastically
油腻,形,"(of food) greasy; oily; fatty/(neologism, attested by 2017) (of a middle-aged man) obnoxious; pretentious; vulgar"
油腻,名,greasy food; oily food
油漆,名,oil paints/lacquer
油漆,动,to paint
有意,动,to intend/interested in
有意,副,intentionally
诱惑,动,to entice/to lure/to induce/to attract
余,数,(following numerical value) or more/in excess of (some number)
余,形,extra/remaining
余,名,surplus/remainder after division/residue (math.)/after
余,代,I/me
预感,动,to have a premonition
预感,名,premonition
预告,动,to forecast/to predict
预告,名,advance notice
预见,动,to foresee/to predict/to forecast/to envision
预见,名,foresight/intuition/vision
预赛,动,to hold preliminary heats
预赛,名,preliminary competition
预言,动,to predict
预言,名,prophecy
预兆,名,omen/sign (of sth yet to occur)/prior indication
预兆,动,to foreshadow
冤,名,injustice/grievance/wrong
冤枉,形,wronged/not worthwhile
冤枉,动,to accuse wrongly/to treat unjustly
冤枉,名,injustice
怨恨,动,to resent/to harbor a grudge against/to loathe
怨恨,名,resentment/rancor
阅历,动,to experience
阅历,名,experience
早日,副,soon; at an early date
早日,名,the early days; the past
造就,动,to bring up/to train/to contribute to
造就,名,achievements (usually of young people)
贼,名,thief; robber/(bound form) traitor; subversive
贼,形,(bound form) evil; wicked/sly; shifty; devious
贼,动,(literary) to harm; to injure
贼,副,(coll.) extremely; insanely; damn (common in NE China and Taiwan)
闸,名,sluice; sluice gate/(coll.) brake/(coll.) electric switch/sluice/lock (on waterway)
闸,动,to dam up water
摘要,名,summary/abstract
胀,动,to swell; to distend; to expand
胀,形,swollen; bloated
罩,动,to cover; to spread over/(Tw) (coll.) to protect; to have sb's back/(Tw) (coll.) (often as 罩得住[zhao4 de2 zhu4]) to have things under control; to be able to handle it
罩,名,a cover; a shade; a hood/bamboo fish trap/bamboo chicken coop
罩,形,(Tw) (coll.) awesome; incredible
照样,副,as before/(same) as usual/in the same manner/still/nevertheless
遮挡,动,to shelter/to shelter from
珍藏,动,to collect (such items)
珍藏,名,a collection of rare and valuable items
侦探,动,to do detective work
侦探,名,detective
镇定,形,calm/unperturbed/cool
振奋,动,to stir oneself up/to raise one's spirits/to inspire
镇静,形,calm/cool
震惊,动,to shock/to astonish
振作,动,to bestir oneself/to pull oneself together/to cheer up/to uplift/to stimulate
正宗,名,orthodox school
正宗,形,fig. traditional/old school/authentic/genuine
知己,形,to be intimate or close
知己,名,intimate friend
知己,动,to know oneself
支架,名,trestle; support; stand; frame/(medicine) stent
支架,动,to prop up/to resist; to withstand (an enemy attack etc)
直线,名,straight line
直线,副,sharply (rise or fall)
指令,动,to order; to command
指令,名,an order; a command; an instruction
指望,动,to count on; to hope for
指望,名,prospect; hope
指向,动,to point towards/aimed at/facing
指向,名,the direction indicated
致使,动,to cause/to result in
志愿,名,aspiration/ambition
志愿,动,to volunteer
忠告,动,to give sb a word of advice
忠告,名,advice; counsel; a wise word
中庸,名,golden mean (Confucianism)
中庸,形,(literary) (of person) mediocre/ordinary
皱,动,to wrinkle/to crease
皱,形,wrinkled
主宰,动,to dominate/to rule/to dictate
主宰,名,master
注,动,"(bound form) to pour into; to flow into; to inject/(bound form) to focus (one's spirit, gaze etc) on a single point; to concentrate/to annotate; to provide explanatory notes on a written text/(bound form) to put on record; to register"
注,名,(bound form) stake (in gambling)/an annotation; an explanatory note
注,量,"classifier for stakes, sums of money, transactions or beams of light"
助力,动,to help; to aid
助力,名,assistance
注释,动,to annotate; to add a comment
注释,名,explanatory note; annotation
专制,名,autocracy/dictatorship
桩,名,stump; stake; pile
桩,量,"classifier for events, cases, transactions, affairs etc"
装置,动,to install
装置,名,installation/equipment/system/unit/device
壮,形,strong/robust
壮,动,to strengthen
壮大,动,to strengthen; to build up/to grow strong and large
壮观,名,magnificent sight
壮观,形,spectacular
坠,动,to fall/to drop/to weigh down
滋润,形,moist/humid/comfortably off
滋润,动,to moisten/to provide moisture
自称,动,to call oneself/to claim to be/to profess/to claim a title
纵横,形,lit. warp and weft in weaving; vertically and horizontal/length and breadth/criss-crossed
纵横,动,able to move unhindered
纵横,名,"abbr. for 合縱連橫|合纵连横[He2 zong4 Lian2 heng2], School of Diplomacy during the Warring States Period (475-221 BC)"
作为2,名,one's conduct/deed/activity/accomplishment/achievement
周,名,week
周,量,weekly
成,量,one tenth
成,动,to succeed/to finish/to complete/to accomplish/to become/to turn into/to be all right
成,叹,OK!
角,量,"unit of money equal to 0.1 yuan, or 10 cents (a dime)"
角,名,angle/corner/horn
角,形,horn-shaped
米,量,meter (unit of length)
米,名,uncooked rice/(slang) Chinese yuan
双,量,pair
双,数,two/both
双,形,double/even (number)
克,量,"gram/Tibetan unit of land area, about 6 ares"
克,动,to be able to/to subdue/to restrain/to overcome
样,量,"classifier: kind, type"
样,名,manner/pattern/way/appearance/shape
幕,量,act (of a play)
幕,名,curtain or screen/canopy or tent/headquarters of a general
同学,名,fellow student/classmate
同学,动,to study at the same school
笔记,名,notes/a type of literature consisting mainly of short sketches
笔记,动,to take down (in writing)
卡1,名,"(loanword) card/truck (from ""car"")/calorie (abbr. for 卡路里[ka3 lu4 li3])/cassette"
卡1,动,to stop/to block
卡1,形,(computing) (coll.) slow
广告,名,a commercial/advertisement
广告,动,to advertise
交通,名,traffic/transportation/communications/liaison
交通,动,to be connected
教练,名,instructor; sports coach; trainer
教练,动,to coach; to train
纪录,名,record (written account)/record (in sports etc)/note-taker
纪录,动,to record
中介,名,agency/agent
中介,动,to act as intermediary/to link
中介,形,intermediate
中介,前缀,inter-
出入,名,entrance and exit/expenditure and income/discrepancy
出入,动,to go out and come in
出入,形,inconsistent
传真,名,a fax
传真,动,to fax/(literary) to portray vividly in painting
学会,名,institute; learned society; (scholarly) association
学会,动,to learn; to master
著作,名,literary work/book/article/writings
著作,动,to write
按钮,名,button (one that can be pressed to trigger an action)
按钮,动,to push a button
借口,名,excuse; pretext
借口,动,to use as an excuse
举重,名,weight-lifting (sports)
举重,动,to lift weights
强盗,名,bandit/robber
强盗,动,to rob (with force)
指南,名,guidebook
指南,动,to guide
热,形,hot (of weather)/fervent
热,动,to warm up/to heat up
热,名,heat
丰富,形,rich/plentiful/abundant
丰富,动,to enrich
实用,形,practical; functional; pragmatic; applied (science)
实用,动,to apply in practice
灿烂,形,brilliant/splendid
灿烂,动,to glitter
越,副,the more... the more
越,动,to exceed/to climb over/to surpass
干1,动,to do/to work/to manage/to kill (slang)/to fuck (vulgar)
干1,名,tree trunk/main part of sth/cadre
干1,形,capable/(coll.) pissed off/annoyed
刷,动,"to brush; to scrub/to paint; to daub/to swipe (a card)/to scroll on (a phone)/(fig.) to remove; to eliminate (from a contest); to fire (from a job)/(gaming) to grind; to farm (for experience points, equipment, levels etc)"
刷,名,a brush
刷,拟声,(onom.) swish; rustle
指,动,to point at or to/to indicate or refer to/to depend on/to count on/(of hair) to stand on end
指,名,finger
装,动,to pretend/to play a role/to install/to fix/to load/to pack/to wrap (sth in a bag)/to adorn
装,名,adornment/dress/clothing/costume (of an actor in a play)
值得,动,to merit; to deserve; to be worth (doing sth)/worth the money
当2,动,to regard as/to think/to replace/to pawn/(coll.) to fail (a student)
当2,形,suitable/adequate/fitting/proper
当2,副,at or in the very same...
胜,动,to beat/to defeat/to surpass/to get the better of/equal to (a task)
胜,名,victory/success
胜,形,victorious/superior to/better than/surpassing/superb (of vista)/beautiful (scenery)/wonderful (view)
望,动,to hope/to expect/to gaze (into the distance)/to look towards/to visit
望,名,full moon
望,介,towards
服,动,"to obey/to be convinced (by an argument)/to convince/to admire/to take (medicine)/to serve (in the military, a prison sentence etc)/to acclimatize/to wear mourning clothes"
服,名,clothes/dress/garment/mourning clothes
属,动,to belong to/subordinate to/affiliated with/to be/to prove to be/to constitute/be born in the year of (one of the 12 animals)
属,名,category/genus (taxonomy)/family members/dependents
制,动,to manufacture/to make/to control/to regulate
制,名,system
误,动,to delay/to miss/to harm/to neglect
误,名,mistake/error
误,副,mistakenly
散1,动,to come loose/to fall apart
散1,形,scattered/loose/leisurely
散1,名,powdered medicine
经,动,to pass through/to undergo/to bear/to endure
经,名,classics/sacred book/scripture/warp (textile)/longitude/menstruation/channel (TCM)/abbr. for economics 經濟|经济[jing1 ji4]
逆,动,to go against/to oppose/to betray/to rebel
逆,形,contrary/opposite/backwards
饶,动,to spare/to forgive/to add for free/to throw in as bonus
饶,形,rich/abundant/exuberant
饶,连,despite/although
熏,动,to smoke/to fumigate/to educate/to assail the nostrils/to perfume
熏,名,fragrance
熏,形,warm
陷,动,to get stuck/to sink/to cave in/to frame (false charge)/to capture (a city in battle)/to fall (to the enemy)
陷,名,pitfall/trap/defect
熨,动,to iron
熨,名,an iron
充,动,to fill/to serve as; to act as/to act falsely as; to pose as
充,形,sufficient; full
昏,动,to faint/to lose consciousness
昏,形,muddle-headed
昏,名,twilight
筹,动,to prepare; to plan; to raise (funds)
筹,名,chip (in gambling); token (for counting); ticket/resource; way; means
标,动,"to mark with a symbol, label, lettering etc/to bear (a brand name, registration number etc)"
标,名,mark/sign/label/prize/award/bid/target/quota/(old) the topmost branches of a tree/visible symptom
标,量,classifier for military units
长2,动,to grow/to develop/to increase/to enhance
长2,后缀,chief/head/elder
结1,动,to tie/to bind/to check out (of a hotel)
结1,名,knot/bond
结1,形,sturdy
冲2,介,towards/in view of
冲2,形,powerful/vigorous/pungent
挨1,动,close to; adjacent to
挨1,副,in order; in sequence
水,名,water/(after a name) ... River/to swim (used mostly in 會水|会水[hui4 shui3] and 水性[shui3 xing4])/(coll.) lacking in substance; shoddy/(bound form) additional cost; extra income
水,量,classifier for washings of a garment
听,动,"to listen to; to hear/to heed; to obey/a can (loanword from English ""tin"")/to let be; to allow (Taiwan pr. [ting4])/(literary) to administer; to deal with (Taiwan pr. [ting4])"
听,量,classifier for canned beverages
出,动,to go out; to come out/to arise; to occur/to produce; to yield/to go beyond; to exceed/(used after a verb to indicate an outward direction or a positive result)
出,量,"classifier for dramas, plays, operas etc"
床,名,"bed; couch (furniture that one can lie down on)/bed; bottom (of rivers, oceans, gardens etc)/frame; chassis"
床,量,"classifier for blankets, quilts etc"
进,动,to go forward/to advance/to go in/to enter/to put in/to submit/to take in/to admit/(math.) base of a number system
进,量,classifier for sections in a building or residential compound
门,名,gate; door; doorway; gateway; opening/valve; switch; other door-like or gate-like structure/way to do sth; knack; method; approach/family; household; lineage/(bound form) sect; school; faction (religious or academic)/(bound form) class; category; division; phylum/(suffix) -gate (scandal)
门,量,"classifier for courses, fields of study, branches of technology, relatives by marriage, guns etc"
票,名,ticket/ballot/banknote/person held for ransom/amateur performance of Chinese opera
票,量,"classifier for groups, batches, business transactions"
手,名,hand/(formal) to hold/person engaged in certain types of work/person skilled in certain types of work/personal(ly)/convenient
手,量,classifier for skill
发,动,to send out/to show (one's feeling)/to issue/to develop/to make a bundle of money
发,量,classifier for gunshots (rounds)
记,动,to record/to note/to memorize/to remember/mark/sign
记,量,"classifier for blows, kicks, shots"
季,名,season/the last month of a season/fourth or youngest amongst brothers
季,量,classifier for seasonal crop yields
脚,名,foot/leg (of an animal or an object)/base (of an object)
脚,量,classifier for kicks
骑,动,"to sit astride/to ride (a horse, bike etc)"
骑,量,classifier for saddle horses
纸,名,paper
纸,量,"classifier for documents, letters etc"
刀,名,"knife; blade; single-edged sword; cutlass/(slang) (loanword) dollar/(Internet slang) to bargain; to ask for a small discount (esp. on second-hand marketplaces)/(Internet slang) to knife (sb) (often used hyperbolically, as in 想刀他[xiang3 dao1 ta1] ""I could kill him!"")"
刀,量,classifier for sets of one hundred sheets (of paper)/classifier for knife cuts or stabs
付,动,to pay/to hand over to
付,量,classifier for pairs or sets of things
挂,动,to hang; to suspend (from a hook etc)/to hang up (the phone)/(of a line) to be dead/to be worried; to be concerned/(dialect) to make a phone call/to register (at a hospital); to make an appointment (with a doctor)/(slang) to kill; to die; to be finished; to fail (an exam)
挂,量,classifier for sets or clusters of objects
味,名,taste/smell/(fig.) (noun suffix) feel/quality/sense
味,量,(TCM) classifier for ingredients of a medicine prescription
抽,动,to draw out; to pull out from in between/to remove part of the whole/to inhale (esp. smoke)/(of fabric etc) to shrink/(of certain plants) to sprout; to bud/to whip; to thrash
抽,量,"classifier for sheets (of tissues, wet wipes etc)"
处2,名,(bound form) place; locality/(bound form) part; aspect/(bound form) office; department; bureau
处2,量,"classifier for locations: spot, point"
贴,动,to stick/to paste/to post (e.g. on a blog)/to keep close to/to fit snugly/to subsidize/allowance (e.g. money for food or housing)/sticker
贴,量,classifier for sticking plaster: strip
握,动,to hold; to grasp/to clench (one's fist)/(bound form) to have in one's control
握,量,classifier: a handful
造,动,to make/to build/to manufacture/to invent/to fabricate/to go to/party (in a lawsuit or legal agreement)/crop
造,量,classifier for crops
壶,名,pot
壶,量,classifier for bottled liquid
剑,名,double-edged sword
剑,量,classifier for blows of a sword
枪,名,gun/firearm/rifle/spear/thing with shape or function similar to a gun/to substitute for another person in a test/to knock
枪,量,classifier for rifle shots
折1,动,to break/to fracture/to snap/to suffer loss/to bend/to twist/to turn/to change direction/convinced/to convert into (currency)/discount/rebate/tenth (in price)/to fold/accounts book
折1,量,classifier for theatrical scenes
转2,动,to revolve/to turn/to circle about/to walk about
转2,量,"classifier for revolutions (per minute etc): revs, rpm/classifier for repeated actions"
巴掌,名,palm of the hand
巴掌,量,classifier: slap
叠,动,to pile up/(bound form) repeated/to fold
叠,量,"classifier: stack, pile (of thin objects)/classifier for repeated sections in a musical composition"
缸,名,jar/vat
缸,量,classifier for loads of laundry
绞,动,to twist (strands into a thread)/to entangle/to wring/to hang (by the neck)/to turn/to wind
绞,量,classifier for skeins of yarn
孔,名,hole
孔,量,classifier for cave dwellings
口子,名,hole/opening/cut/gap/gash/my husband or wife/precedent
口子,量,classifier for people (used for indicating the number of people in a family etc)
腔,名,(bound form) cavity/(bound form) speech; talk/tune/accent (in one's speech)
腔,量,(old) classifier for carcasses of slaughtered livestock
丝,名,silk/thread-like thing; (cuisine) shreds or julienne strips
丝,量,"classifier: a trace (of smoke etc), a tiny bit etc"
文,名,language/culture/writing/formal/literary/gentle/Kangxi radical 67
文,量,(old) classifier for coins
一起,副,(in) the same place/together; in company (with)/altogether; in total
一起,量,"an instance of; a case of (murder, accident, dispute etc)"
爱,动,to love; to be fond of; to like/to be inclined (to do sth); to tend to (happen)
爱,名,affection
百,数,hundred
百,形,numerous/all kinds of
菜,名,vegetable; greens (classifier 棵)/dish (of food) (classifier 样、道、盘)/(coll.) (one's) type
菜,形,(of one's skills etc) weak; poor
车,名,car/vehicle/machine/Kangxi radical 159
车,动,to shape with a lathe
大,形,big; large; great/older (than another person)/eldest (as in 大姐[da4 jie3])
大,副,greatly; freely; fully
大,名,(dialect) father/(dialect) uncle (father's brother)
到,动,to reach; to arrive/to leave for; to go to/(verb complement indicating arriving at a place or reaching a point)
到,介,to (a place); until (a time); up to (a point)
到,形,considerate; thoughtful; thorough
第,前缀,"(prefix indicating ordinal number, as in 第六[di4 liu4] ""sixth"")"
第,名,(literary) grades in which successful candidates in the imperial examinations were placed/(old) residence of a high official
第,连,(literary) but; however
第,副,(literary) only; just
二,数,two/2
二,形,(Beijing dialect) stupid
歌,名,song
歌,动,(bound form) to sing
个,量,(classifier used before a noun that has no specific classifier)
个,形,(bound form) individual
贵,形,expensive/(bound form) highly valued; precious/(bound form) noble; of high rank
贵,前缀,(prefix) (honorific) your
国,名,country; nation; state
国,形,(bound form) national
好1,形,good/appropriate; proper/all right!/(of two people) close; on intimate terms/(after a form of address) hello
好1,副,(before a verb) easy to/(before a verb) good to/(before an adjective for exclamatory effect) so
好1,动,(verb complement indicating completion)
后,名,back/behind/rear/after/later
后,副,afterwards
后,前缀,post-
见,动,to see/to meet/to appear (to be sth)/to interview
见,名,opinion/view
件,量,"classifier for events, things, clothes etc"
件,名,item/component
开,动,"to open (transitive or intransitive)/(of ships, vehicles, troops etc) to start/to turn on; to put in operation; to operate; to run/to boil/to write out (a prescription, check, invoice etc)/(directional complement) away; off"
开,名,"carat (gold)/abbr. for Kelvin, 開爾文|开尔文[Kai1 er3 wen2]/abbr. for 開本|开本[kai1 ben3], book format"
课,名,subject/course/class/lesson/tax/form of divination
课,动,to levy
块,量,"classifier for pieces of cloth, cake, soap etc/(coll.) classifier for money and currency units"
块,名,lump; chunk; piece
来,动,"to come/(used as a substitute for a more specific verb)/hither (directional complement for motion toward the speaker, as in 回來|回来[hui2 lai5])"
来,助,"ever since (as in 自古以來|自古以来[zi4 gu3 yi3 lai2])/for the past (amount of time)/(after a round number) approximately/(used after 得[de2] to indicate possibility, as in 談得來|谈得来[tan2 de5 lai2], or after 不[bu4] to indicate impossibility, as in 吃不來|吃不来[chi1 bu5 lai2])"
来,连,(between two verbs) in order to
来,前缀,(prefix) the coming ...; the next ... (as in 來世|来世[lai2 shi4])
里,名,lining/interior/inside/also written 裏|里[li3]
里,形,internal
零,数,zero/nought/(placed between two numbers to indicate a smaller quantity followed by a larger one)
零,名,zero sign/fraction/(in mathematics) remainder (after division)
零,形,fractional/fragmentary/odd (of numbers)/extra
零,动,to wither and fall/to wither
猫,名,cat/(loanword) (coll.) modem
猫,动,(dialect) to hide oneself
哪,代,which/how
男,形,(bound form) male
男,名,"baron, the lowest of the five ranks of nobility 五等爵位[wu3 deng3 jue2 wei4]"
能,动,can/to be able to/might possibly
能,名,ability/(physics) energy
女,形,female
女,名,woman/daughter
前,名,front/future/ago/before/BC (e.g. 前293年)
前,形,first/top (followed by a number)/former
前,副,forward/ahead/formerly
钱,名,coin/money
钱,量,"unit of weight, one tenth of a tael 兩|两[liang3]"
去,动,to go/to go to (a place)/to send/to remove/to get rid of/to reduce/to be apart from in space or time/to die (euphemism)/to play (a part)/(when used either before or after a verb) to go in order to do sth/(after a verb of motion indicates movement away from the speaker)/(used after certain verbs to indicate detachment or separation)
去,形,(of a time etc) last/just passed
是,动,to be (followed by substantives only)
是,形,correct; right; true
是,副,(adverb for emphatic assertion)
是,叹,(respectful acknowledgement of a command) very well
书,名,book/letter/document
书,动,to write
说,动,to speak; to talk; to say/to explain; to comment/to scold; to tell off
说,名,(bound form) theory; doctrine
岁,量,classifier for years (of age)/years old
岁,名,year/year (of crop harvests)
太,副,too (much)/very/extremely
太,形,highest/greatest
外,名,outside/in addition
外,形,foreign/external
玩,动,to play/to have fun/to trifle with/to keep sth for entertainment
玩,名,toy/sth used for amusement/curio or antique (Taiwan pr. [wan4])
晚,形,late
晚,名,evening/night
新,形,new
新,副,newly
新,前缀,meso- (chemistry)
学,动,to learn/to study/to imitate
学,名,science
学,后缀,-ology
雪,名,snow
雪,动,(literary) to wipe away (a humiliation etc)
要,动,to want; to need; to ask for/will; shall; about to/need to; should
要,连,if (same as 要是[yao4 shi5])
要,形,(bound form) important
也,副,also; too; as well; (not ...) either/(used after a verbal or nominal expression X to indicate that X is an extreme or unexpected case) even (X)
也,助,(literary) particle having functions similar to 啊[a5]
一,数,one/a (article)
一,形,single/entire; whole; all; throughout
一,副,as soon as
一,名,"""one"" radical in Chinese characters (Kangxi radical 1)"
有,动,to have; there is
有,形,(bound form) having; with; -ful; -ed; -al (as in 有意[you3 yi4] intentional)
元,量,currency unit (esp. Chinese yuan)
元,形,(bound form) first; original; primary/(bound form) basic; fundamental
元,名,(bound form) constituent; part/(math.) argument; variable/era (of a reign)/(Tw) (geology) eon
元,前缀,(prefix) meta-
月,名,moon/month
月,形,monthly
再,副,"again; once more; re-/further; beyond this point of time/(before an adjective) more/then (after sth, and not until then)/no matter how ... (followed by an adjective or verb, and then (usually) 也[ye3] or 都[dou1] for emphasis)"
再,连,"(used to introduce additional information, as in 再則|再则[zai4 ze2], 再就是[zai4 jiu4 shi4] etc)"
再,动,(literary) to reappear; to reoccur
早,形,early/Good morning!
早,副,long ago/prematurely
早,名,morning
帮,动,to help/to assist/to support/for sb (i.e. as a help)
帮,形,hired (as worker)
帮,名,"side (of pail, boat etc)/outer layer/upper (of a shoe)/group/gang/clique/party/secret society"
长1,形,long/(literary) surplus; spare (Taiwan pr. [zhang4])
长1,名,(bound form) length/(bound form) strong point; forte
长1,动,(bound form) to be good at
错,形,wrong/bad/interlocking/complex
错,名,mistake
错,动,to grind/to polish/to alternate/to stagger/to miss/to let slip/to evade/to inlay with gold or silver
地1,助,"structural particle: used before a verb or adjective, linking it to preceding modifying adverbial adjunct/-ly"
动,动,(of sth) to move/to set in movement/to displace/to touch/to make use of/to stir (emotions)/to alter
动,名,"abbr. for 動詞|动词[dong4 ci2], verb"
过1,动,to cross/to go over/to pass (time)/to celebrate (a holiday)/to live/to get along
过1,副,excessively/too-
坏,形,bad/spoiled/broken
坏,动,to break down
坏,后缀,(suffix) to the utmost
近,形,near/close to
近,副,approximately
考,动,to check/to verify/to test/to examine/to take an exam/to take an entrance exam for
考,名,deceased father
离,动,to leave/to part from/to be away from/without (sth)/independent of
离,介,(in giving distances) from
离,名,"one of the Eight Trigrams 八卦[ba1 gua4], symbolizing fire/☲"
拿,动,to hold/to seize/to catch/to apprehend/to take
拿,介,(used in the same way as 把[ba3]: to mark the following noun as a direct object)
鸟,名,"bird/""bird"" radical in Chinese characters (Kangxi radical 196)"
鸟,动,(dialect) to pay attention to
鸟,副,(intensifier) damned
鸟,形,goddamn
肉,名,meat/flesh/pulp (of a fruit)/Kangxi radical 130
肉,形,(coll.) (of a fruit) squashy/(of a person) flabby/irresolute
踢,动,to kick/to play (e.g. soccer)
踢,名,(slang) butch (in a lesbian relationship)
题,名,topic/problem for discussion/exam question/subject
题,动,to inscribe/to mention
头1,名,head/hair style/the top/end/beginning or end/a stub/remnant/chief/boss/side/aspect
头1,量,classifier for pigs or livestock
头1,形,first/leading
完,动,to finish/to be over
完,形,whole/complete/entire
位,量,classifier for people (honorific)/classifier for binary bits (e.g. 十六位 16-bit or 2 bytes)
位,名,position/location/place/seat/(physics) potential
药,名,"medicine/drug/substance used for a specific purpose (e.g. poisoning, explosion, fermenting)"
药,动,to poison
阴,形,overcast (weather)/cloudy/shady/negative (electric.)/feminine/implicit/hidden
阴,名,Yin (the negative principle of Yin and Yang)/moon/genitalia
远,形,far/distant/remote
远,副,(intensifier in a comparison) by far/much (lower etc)
走,动,"to walk/to go/to run/to move (of vehicle)/to visit/to leave/to go away/to die (euph.)/away (in compound verbs, such as 撤走[che4 zou3])/to change (shape, form, meaning)"
走,介,from/through
最,副,(before an adjective or verb) to the highest degree; (the) most ...; -est
最,名,"(after 之[zhi1]) best or most extreme example (e.g. 世界之最[shi4 jie4 zhi1 zui4] ""the greatest in the world"")"
左,名,left/the Left (politics)/east
左,形,unorthodox/queer/wrong/differing/opposite
办,动,"to take care of (a matter); to deal with (a task, procedure etc); to organize (an event)/to establish; to set up; to manage; to run (an enterprise)/(law) to handle; to investigate; to prosecute (a case or suspect)"
办,名,"(bound form) office (as in 招辦|招办[zhao1 ban4], admissions office) (abbr. for 辦公室|办公室[ban4 gong1 shi4])"
北,名,north
北,动,(classical) to be defeated
被,介,"used to indicate passive voice (placed before the doer of the action like ""by"" in English passive-voice sentences, or, if the doer is not mentioned, before the verb)/(since c. 2009) (sarcastic or jocular) used to indicate that the following word should be regarded as being in air quotes (as in 被旅遊|被旅游[bei4 lu : 3 you2] to ""go on a trip"")"
被,动,to cover (with)/(literary) to suffer (a misfortune)
被,名,quilt
变,动,to change/to become different/to transform/to vary
变,名,rebellion
遍,量,classifier for actions: one time
遍,副,everywhere/all over
草,名,grass/straw/manuscript/draft (of a document)
草,形,careless/rough
层,量,classifier for layers
层,名,layer; stratum/floor (of a building); story/(math.) sheaf
层,动,to pile on top of one another
常,副,often/frequently/always/ever
常,形,common/general/constant
得2,动,to obtain/to get/to gain/to catch (a disease)/to allow/to permit
得2,形,proper/suitable/proud/contented/ready/finished
短,形,short/brief
短,动,to lack
短,名,weak point/fault
段,量,"classifier for stories, periods of time, lengths of thread etc"
段,名,paragraph/section/segment/stage (of a process)
该1,动,should/ought to/must be/to deserve/to owe/to be sb's turn to do sth
该1,副,probably
刚,副,exactly; precisely/barely; only just/just; only a short while ago
刚,形,(literary) hard; firm; strong
海,名,ocean/sea/great number of people or things
海,形,(dialect) numerous
极,副,extremely
极,名,"pole (geography, physics)"
极,形,utmost/top
讲,动,to speak/to explain/to negotiate/to emphasize/to be particular about/as far as sth is concerned
讲,名,speech/lecture
借,动,to borrow/(used in combination with 給|给[gei3] or 出[chu1] etc) to lend/to make use of; to avail oneself of
借,介,(sometimes followed by 著|着[zhe5]) by; with
句,量,classifier for phrases or lines of verse
句,名,sentence/clause/phrase
蓝,形,blue
蓝,名,indigo plant
练,动,to practice/to train/to drill/to perfect (one's skill)/to boil and scour raw silk
练,名,exercise/(literary) white silk
聊,动,(coll.) to chat/(literary) to depend upon
聊,副,(literary) temporarily; for a while/(literary) somewhat; slightly
市,名,market/city/municipality (administrative unit)
市,动,(literary) to trade; to buy and sell goods
试,动,to test/to try
试,名,experiment/examination/test
受,动,to receive/to accept/to suffer/subjected to/to bear/to stand
受,介,(passive marker)
受,形,pleasant
受,名,(LGBT) bottom
树,名,tree
树,动,to cultivate/to set up
先,副,beforehand; first; earlier/at first; originally/for the time being; for now
先,前缀,(prefix) my late (in referring to deceased relatives older than oneself)
行1,动,(bound form) to walk; to go; to travel/(bound form) to do; to perform
行1,形,capable; competent/all right; OK!; will do/(bound form) temporary; makeshift/(bound form) current; in circulation
行1,名,(literary) trip; journey; visit/behavior; conduct (Taiwan pr. [xing4])
行1,副,(literary) about to; soon
用,动,to use; to make use of; to employ/to need; to have to (usu. used in the negative or in questions)/(courteous) to eat; to drink
用,介,(coverb) with; using
用,名,usefulness; utility/(bound form) expense; outlay
用,连,(literary) hence; therefore
员,后缀,(bound form) person engaged in a certain field of activity/(bound form) member
员,量,classifier for military generals
照,动,to take (a photo)/to shine/to illuminate/to reflect/to look at (one's reflection)
照,介,according to/in accordance with
照,名,photo
照,副,as requested/as before
中1,名,middle; center/within; among; in/while (doing sth); during
中1,形,(dialect) OK; all right
种1,量,"classifier for types, kinds, sorts"
种1,名,seed/species/kind/type
倍,量,"(two, three etc) -fold/times (multiplier)/double"
倍,动,to increase or multiply
场,量,classifier for sporting or recreational activities/classifier for number of exams
场,名,large place used for a specific purpose/stage/scene (of a play)
重1,副,again
重1,动,to repeat
重1,名,repetition
重1,前缀,re-
重1,量,classifier: layer
村,名,village
村,形,rustic; boorish
村,动,(dialect) to scold
当1,动,to be/to act as/manage/withstand/ought/should/match equally/obstruct
当1,介,when/during/just at (a time or place)/just at
当1,形,equal/same/right
当1,副,on the spot
倒1,动,to invert; to place upside down or frontside back/to pour out/to tip out; to dump/to go backward
倒1,副,contrary to what one might expect; but; yet
倒1,形,inverted; upside down; reversed
底,名,bottom; base/background; foundation/copy (of a manuscript or receipt etc) kept as a record/(math.) radix; base (abbr. for 底數|底数[di3 shu4])
底,后缀,(suffix) end of a year or month
掉,动,"to fall/to drop/to lag behind/to lose/to go missing/to reduce/to lose (value, weight etc)/to wag/to swing/to turn/to change/to exchange/to swap/to show off/to shed (hair)"
掉,名,fall (in prices)
掉,助,"(used after certain verbs to express completion, fulfillment, removal etc)"
定,动,to fix; to set; to make definite/to subscribe to (a newspaper etc); to book (tickets etc); to order (goods etc)/to congeal; to coagulate
定,副,(literary) definitely
法,名,law/method/way/(Buddhism) dharma/(abbr. for 法家[Fa3 jia1]) the Legalists/(physics) farad (abbr. for 法拉[fa3 la1])
法,动,to emulate
幅,量,classifier for textiles or pictures
幅,名,width/roll
干2,形,dry/empty; hollow/taken in to nominal kinship; adoptive; foster/futile; in vain/(dialect) rude; blunt
干2,名,dried food
干2,动,(dialect) to cold-shoulder
敢,动,to dare/(polite) may I venture
敢,形,daring
感,后缀,(suffix) sense of ~
感,动,to feel/to move/to touch/to affect
感,名,feeling/emotion
共,副,together/altogether/total
共,形,common/general
共,动,to share
共,名,"abbr. for 共產黨|共产党[Gong4 chan3 dang3], Communist party"
汗,名,perspiration/sweat
汗,叹,"to be speechless (out of helplessness, embarrassment etc) (Internet slang used as an interjection)"
厚,形,thick/deep or profound/kind/generous/rich or strong in flavor
厚,动,to favor/to stress
假,形,fake/false/artificial
假,动,to borrow/suppose
假,连,if
举,动,to lift/to hold up/to cite/to enumerate/to act/to raise/to choose/to elect/act/move
举,名,deed
聚,动,to assemble; to gather (transitive or intransitive)
聚,前缀,(chemistry) poly-
空1,形,empty
空1,副,in vain
空1,名,air/sky
空2,动,to empty
空2,形,vacant/unoccupied
空2,名,space/leisure/free time
苦,形,bitter
苦,动,to suffer/to bring suffering to
苦,名,hardship/pain
苦,副,painstakingly
流,动,to flow/to disseminate/to circulate or spread/to move or drift/to degenerate/to banish or send into exile
流,名,"stream of water or sth resembling one/class, rate or grade"
落1,动,to fall or drop/(of the sun) to set/(of a tide) to go out/to lower/to decline or sink/to lag or fall behind/to fall onto/to rest with/to get or receive/to write down
落1,名,whereabouts/settlement
美,形,beautiful/very satisfactory; good/to be pleased with oneself
美,动,to beautify
秒,量,second (unit of time)/arc second (angular measurement unit)
秒,副,(coll.) instantly
期,量,"classifier for issues of a periodical, courses of study"
期,名,a period of time/phase/stage/time/term/period/cycle
期,动,to hope
巧,形,skillful/timely
巧,副,opportunely/coincidentally/as it happens
轻,形,light/easy/gentle/soft/reckless/unimportant/frivolous/small in number/unstressed/neutral
轻,动,to disparage
区,名,area/region/district
区,形,small
区,动,distinguish
缺,动,lack/to run short of
缺,名,deficiency/vacant post
缺,形,scarce
却,副,but/yet/however/while/nevertheless/even though
却,动,to go back/to decline/to retreat
仍,副,still; yet/(literary) frequently; often
仍,动,to remain
入,动,"to enter; to go into/to join; to become a member of/(bound form) to conform to (as in 入時|入时[ru4 shi2])/(on product packaging, after {number n} + {classifier}) containing (n pieces) (from Japanese 入 ""iri"")"
入,名,abbr. for 入聲|入声[ru4 sheng1]
生1,动,to grow; to give birth; to produce; to be born/to arise; to occur/to light (a fire)/to live; to be alive
生1,名,life/(bound form) student; person engaged in a field/(bound form) male role in traditional opera/(bound form) life; lifetime/(bound form) means of livelihood
使,动,to make/to cause/to enable/to use/to employ/to send/to instruct sb to do sth
使,名,envoy/messenger
首,量,"classifier for poems, songs etc"
首,名,head
首,形,"chief/first (occasion, thing etc)"
数1,名,number; figure
数1,数,several; a few
帅,形,handsome; graceful; dashing; elegant/(coll.) cool!; sweet!
帅,名,"(bound form) commander-in-chief/(Chinese chess) general (on the red side, equivalent to a king in Western chess)"
帅,动,(bound form) to lead; to command
酸,形,sour/tart/sick at heart/grieved/sore/aching/pedantic/impractical
酸,动,to make sarcastic remarks about sb
酸,名,an acid
弹,动,to pluck (a string)/to play (a string instrument)/to spring or leap/to shoot (e.g. with a catapult)/(of cotton) to fluff or tease/to flick/to flip/to accuse/to impeach
弹,形,elastic (of materials)
提,动,to carry (hanging down from the hand)/to lift/to put forward/to mention/to raise (an issue)
提,名,upwards character stroke/lifting brush stroke (in painting)/scoop for measuring liquid
推,动,to push/to cut/to refuse/to reject/to decline/to shirk (responsibility)/to put off/to delay/to push forward/to nominate/to elect
推,名,massage
闻,动,to smell/to sniff at/to hear
闻,名,news/reputation/fame
闻,形,well-known/famous
无,动,not to have/to lack
无,副,no/none/not
无,前缀,un-
无,后缀,-less
鲜,形,fresh/bright (in color)/delicious/tasty
鲜,名,delicacy/aquatic foods
香,形,fragrant/sweet smelling/aromatic/savory or appetizing/(to eat) with relish/(of sleep) sound
香,名,perfume or spice/joss or incense stick
项,量,"classifier for principles, items, clauses, tasks, research projects etc"
项,名,item/thing/back of neck/term (in a mathematical formula)/sum (of money)
性,后缀,"suffix forming adjective from verb/suffix forming noun from adjective, corresponding to -ness or -ity"
性,名,nature/character/property/quality/attribute/sexuality/sex/gender/essence
熊,名,bear
熊,动,(coll.) to scold; to rebuke
熊,形,(coll.) weak; incapable
压,动,to press/to push down/to keep under (control)
压,名,pressure
烟,名,cigarette or pipe tobacco/smoke/mist/vapour/tobacco plant
烟,动,(of the eyes) to be irritated by smoke
已,副,already/then/afterwards
已,动,to stop
由,介,from/because of; due to/by; via; through/(before a noun and a verb) it is for ... to ...
由,动,to follow
油,名,oil/fat/grease/petroleum
油,形,oily/greasy/glib/cunning
油,动,"to apply tung oil, paint or varnish"
着2,动,to touch/to come in contact with/to feel/to be affected by/to catch fire/to burn/(coll.) to fall asleep
着2,助,(after a verb) hitting the mark/succeeding in
者,助,"(used after a number or 後|后[hou4] or 前[qian2] to refer to sth mentioned previously)/(used after a term, to mark a pause before defining the term)/(old) (used at the end of a command)"
者,后缀,(after a verb or adjective) one who (is) .../(after a noun) person involved in .../-er/-ist
者,代,(old) this
整,形,(bound form) whole; complete; entire; (before a measure word) whole; (before or after number + measure word) exactly/(bound form) in good order; tidy; neat
整,动,(bound form) to put in order; to straighten/(bound form) to repair; to mend; to renovate/(coll.) to fix sb; to give sb a hard time; to mess with sb/(dialect) to tinker with; to do sth to
证,名,certificate/proof
证,动,to prove/to demonstrate/to confirm
重2,形,heavy/serious
重2,动,to attach importance to
祝,动,"to pray for/to wish (sb bon voyage, happy birthday etc)"
祝,名,person who invokes the spirits during sacrificial ceremonies
自,介,from; since
自,代,(bound form) self; oneself
自,副,naturally; as a matter of course
租,动,to hire/to rent/to charter/to rent out/to lease out
租,名,rent/land tax
宝,名,jewel/gem/treasure
宝,形,precious
背2,名,the back of a body or object
背2,动,to turn one's back/to hide something from/to learn by heart/to recite from memory
背2,形,(slang) unlucky/hard of hearing
便,副,equivalent to 就[jiu4]: then/soon afterwards/in that case
便,形,plain/informal/suitable/convenient/opportune
便,动,to urinate or defecate
便,连,even if
别2,动,"to leave; to part (from)/(literary) to differentiate; to distinguish/to fasten with a pin or clip/to stick in; to insert (in order to hinder movement)/(dialect) to turn away; to turn aside; to avert (one's face, gaze etc)"
别2,形,(bound form) other; another; different
别2,后缀,"(noun suffix) category (as in 性別|性别[xing4 bie2], 派別|派别[pai4 bie2])"
册,量,classifier for books
册,名,book/booklet
曾,副,once/already/ever (in the past)/previously/(past tense marker used before verb or clause)
曾,形,former
产,动,to give birth/to reproduce/to produce
产,名,product/resource/estate/property
超,动,to exceed/to overtake/to surpass/to transcend/to pass/to cross
超,前缀,ultra-/super-
称2,动,to name/to state/to praise
称2,名,name/appellation
丑,形,ugly/shameful/disgraceful
臭,形,smelly/to smell (bad)/repulsive/loathsome/terrible/bad/dud (ammunition)
臭,名,stench
臭,副,severely/ruthlessly
淡,形,insipid/diluted/weak/mild/light in color/tasteless/indifferent
淡,名,(variant of 氮[dan4]) nitrogen
挡,动,to resist/to obstruct/to hinder/to keep off/to block (a blow)/to get in the way of
挡,名,cover/gear (e.g. in a car's transmission)
递,动,to hand over; to pass on; to deliver
递,副,(bound form) progressively; in the proper order
冻,动,to freeze/to feel very cold
冻,名,aspic or jelly
洞,名,cave/hole
洞,数,zero (unambiguous spoken form when spelling out numbers)
断,动,to break/to snap/to cut off/to give up or abstain from sth/to judge
断,副,(usu. used in the negative) absolutely/definitely/decidedly
朵,量,"classifier for flowers, clouds etc"
朵,名,flower/earlobe/fig. item on both sides
古,形,ancient/old
古,前缀,paleo-
广,形,wide/numerous
广,动,to spread
行2,名,(bound form) row; line/(bound form) line of business; trade; profession/(bound form) commercial firm/(in data tables) row; (Tw) column
行2,量,classifier for rows or lines
行2,动,"(bound form) to rank (first, second etc) among one's siblings (by age)"
合,动,to close/to join/to fit/to be equal to
合,形,whole
合,副,together
合,名,conjunction (astronomy)/1st note of pentatonic scale
合,量,round (in battle)
黑,形,black/dark/sinister/secret/shady/illegal
黑,动,to hide (sth) away/to vilify/(loanword) to hack (computing)
红,形,red/popular/revolutionary
红,名,bonus
划1,动,to row/to paddle/worth (the effort)/it pays (to do sth)/to cut/to slash/to scratch (cut into the surface of sth)/to strike (a match)
划1,形,profitable
伙,量,classifier for groups of people
伙,名,companion/partner/group
伙,动,to combine
伙,副,together
及,连,and
及,动,to reach/in time for
及,介,up to
剪,动,"to cut as with scissors/(bound form) to wipe out; to exterminate/to edit (video, audio etc)"
剪,名,(bound form) scissors or similar tool
届,量,"classifier for events, meetings, elections, sporting fixtures, years (of graduation)"
届,动,to arrive at (place or time)/to become due
届,名,period
据,介,according to
据,动,to act in accordance with/to depend on/to seize/to occupy
距,动,to be at a distance of ... from; to be apart from
距,名,"(bound form) distance/spur (on the leg of certain birds: gamecock, pheasant etc)"
捐,动,to contribute; to donate/to relinquish; to abandon
捐,名,(bound form) tax; levy
靠,动,to depend on/to trust/to lean against or on/to stand by the side of/to come near to/to fuck (vulgar)
靠,名,traditional military costume drama where the performers wear armor (old)
亏,动,to lose (money); to have a deficit/to be deficient/to treat unfairly
亏,副,luckily; fortunately; thanks to/(used to introduce an ironic remark about sb who has fallen short of expectations)
量2,名,"capacity/quantity/amount/abbr. for 量詞|量词[liang4 ci2], classifier (in Chinese grammar)/measure word"
量2,动,to estimate
漏,动,to leak/to divulge/to leave out by mistake
漏,名,waterclock or hourglass (old)
迷,动,to bewilder/crazy about
迷,名,fan/enthusiast
迷,形,lost/confused
面2,名,flour/noodles
面2,形,(of food) soft (not crunchy)/(slang) (of a person) ineffectual/spineless
念,动,to read/to study (a subject)/to attend (a school)/to read aloud/to give (sb) a tongue-lashing/to miss (sb)
念,名,idea/remembrance
念,数,twenty (banker's anti-fraud numeral corresponding to 廿[nian4])
批1,量,"classifier for batches, lots, military flights"
批1,名,tier (for the ranking of universities and colleges)
匹,量,"classifier for horses, mules etc (Taiwan pr. [pi1])/classifier for cloth: bolt"
匹,形,(bound form) matching; comparable to/(bound form) alone; single; one of a pair
匹,名,horsepower
签1,动,to sign one's name/to write brief comments on a document
签1,名,inscribed bamboo stick (variant of 籤|签[qian1])/visa
欠,动,to owe/to lack/(literary) to be deficient in/to raise slightly (a part of one's body)
欠,名,(bound form) yawn
墙,名,wall
墙,动,(slang) to block (a website) (usu. in the passive: 被牆|被墙[bei4 qiang2])
切,动,to cut; to slice; to carve
切,形,(math.) tangential
青,形,green/blue/black/young (of people)
青,名,youth
穷,形,poor/destitute
穷,动,to use up/to exhaust
穷,副,thoroughly/extremely/(coll.) persistently and pointlessly
赏,动,to appreciate (beauty)/to bestow (a reward)/to give (to an inferior)/to hand down
赏,名,a reward (bestowed by a superior)
守,动,to guard/to defend/to keep watch/to abide by the law/to observe (rules or ritual)
守,形,nearby/adjoining
束,量,"classifier for bunches, bundles, beams of light etc"
束,动,to bind/to control
束,名,bunch/bundle
随,动,to follow/to comply with/varying according to.../to allow
随,副,subsequently
围,动,"to encircle/to surround/to wear by wrapping around (scarf, shawl)"
围,形,all around
为2,介,by (in the passive voice)/as (in the capacity of)
为2,动,to take sth as
闲,形,(variant of 閒|闲[xian2]) idle/unoccupied/leisure
闲,名,enclosure
需,动,to require/to need/to want
需,名,necessity/need
呀,叹,ah (used to express surprise)
呀,拟声,(onom.) creaking
乙,名,"second of the ten Heavenly Stems 十天干[shi2 tian1 gan1]/letter ""B"" or Roman ""II"" in list ""A, B, C"", or ""I, II, III"" etc/second party (in legal contract, usually 乙方[yi3 fang1], as opposed to 甲方[jia3 fang1])/ethyl/radical in Chinese characters (Kangxi radical 5)/ancient Chinese compass point: 105°"
乙,形,second in order/bent/winding
原,形,former/original/primary/raw/level
原,名,cause/source
愿,动,to be willing/to wish (that sth may happen); may ...
愿,名,(bound form) wish; hope; desire/vow; pledge
运,动,to move/to transport/to use/to apply
运,名,fortune/luck/fate
糟,形,rotten/messy/ruined/pickled in wine
糟,名,dregs/draff
阵,量,classifier for events or states of short duration/wave/spate/burst/spell/short period of time
阵,名,disposition of troops
争,动,to strive for/to vie for/to argue or debate
争,形,deficient or lacking (dialect)
争,代,how or what (literary)
支1,量,"classifier for rods such as pens and guns, for army divisions and for songs or compositions"
支1,名,branch/division
止,动,to stop/to prohibit
止,介,until
止,副,only
至,动,to arrive
至,副,most
至,介,to/until
追,动,to chase/to pursue/to look into/to investigate/to reminisce/to recall/to court (one's beloved)/to binge-watch (a TV drama)
追,副,retroactively/posthumously
族,后缀,"by extension, social group (e.g. office workers 上班族)"
族,名,race/nationality/ethnicity/clan
摆,动,to arrange/to exhibit/to move to and fro
摆,名,a pendulum
逼,动,to force (sb to do sth)/to compel/to press for/to extort/to press on towards/to press up to/to close in on/to pressure
逼,名,euphemistic variant of 屄[bi1]
兵,名,soldiers/a force/an army/weapons/arms
兵,形,military/warlike
布,名,cloth
布,动,to declare/to announce/to spread/to make known
撑,动,to support/to prop up/to push or move with a pole/to maintain/to open or unfurl/to fill to bursting point
撑,名,brace/stay/support
乘2,动,to multiply (math.)/to make use of/to avail oneself of/to take advantage of
乘2,名,Buddhist sect or creed
寸,量,a unit of length/inch
寸,名,thumb
栋,量,classifier for houses or buildings
栋,名,ridgepole (old)
端,动,to hold sth level with both hands; to carry/to eliminate; to wipe out
端,名,(bound form) tip; end; extremity/(bound form) aspect; facet
端,形,(bound form) upright; proper
番,量,"classifier for processes or actions that take time and effort/(classifier) a kind; a sort/(classifier) (used after the verb 翻[fan1] to indicate how many times a quantity doubles, as in 翻一番[fan1 yi1 fan1] ""to double"")"
番,形,(bound form) foreign (non-Chinese); barbarian
犯,动,to violate/to offend/to assault/to make a mistake/recurrence (of mistake or sth bad)
犯,名,criminal/crime
浮,动,to float/to exceed
浮,形,superficial/floating/unstable/movable/provisional/temporary/transient/impetuous/hollow/inflated/superfluous/excessive/surplus
副2,形,secondary/auxiliary/deputy/assistant/vice-
副2,名,abbr. for 副詞|副词 adverb
肝,名,liver
肝,动,"(slang) to put in long hours, typically late into the night, playing (a video game)"
肝,形,(of a video game) involving a lot of repetition in order to progress; grindy
公,形,"public/collectively owned/common/international (e.g. high seas, metric system, calendar)/fair/just/honorable (gentlemen)/male (animal)"
公,动,make public
公,名,"Duke, highest of five orders of nobility 五等爵位[wu3 deng3 jue2 wei4]/father-in-law"
拐,动,to turn (a corner etc)/to kidnap/to swindle/to misappropriate
拐,数,seven (used as a substitute for 七[qi1])
官,名,government official/organ of the body
官,形,governmental/official/public
户,量,a household
户,名,door/family
患,动,to suffer (from illness)/to contract (a disease)
患,名,misfortune/trouble/danger/worry
黄,名,yellow
黄,形,pornographic
黄,动,to fall through
夹,动,to press from either side/to place in between/to sandwich/to carry sth under armpit/to intersperse/to mix/to mingle
夹,形,wedged between/between
夹,名,clip/folder
解,动,to divide/to break up/to split/to separate/to dissolve/to solve/to melt/to remove/to untie/to loosen/to open/to emancipate/to explain/to understand/to know
解,名,a solution/a dissection
尽1,动,to use up/to exhaust/to end/to finish/to the utmost/exhausted/finished/to the limit (of sth)
尽1,副,all/entirely
井,名,a well
井,形,neat/orderly
卷1,动,to roll up/(fig.) to sweep up; to engulf; to drag into (a situation)/(slang) to compete to an unhealthy degree; hypercompetitive/to sweep up; to carry along
卷1,名,a roll
卷1,量,"classifier for small rolled-up things (wad of paper money, movie reel etc)/classifier for rolls, spools etc"
卷2,量,"classifier for books, paintings: volume, scroll"
卷2,名,scroll/book/volume/chapter/examination paper
科,名,branch of study/administrative section/division/field/branch/stage directions/family (taxonomy)/rules/laws
科,动,to mete out (punishment)/to levy (taxes etc)/to fine sb
烂,形,soft; mushy/well-cooked and soft/to rot; to decompose/rotten/worn out/chaotic; messy/crappy; bad
烂,副,utterly; thoroughly
雷,名,"thunder/(bound form) (military) mine, as in 地雷[di4 lei2] land mine/(Tw) (coll.) spoiler"
雷,动,(coll.) to shock; to stun; to astound/(Tw) (coll.) to reveal plot details to (sb)
立,动,to stand/to set up/to establish/to lay down/to draw up
立,副,at once/immediately
迈,动,to step; to stride
迈,形,(bound form) old; elderly
迈,量,(loanword) mile (esp. in expressions of vehicle speed)
冒,动,"to emit; to give off; to send out (or up, forth)/to brave; to face/to falsely adopt (sb's identity etc); to feign/(literary) to cover"
冒,形,(bound form) reckless
密,形,dense; close; thick/intimate; close/(bound form) secret; confidential
密,动,(Internet slang) to send a private message to (sb); to DM
棉,名,generic term for cotton or kapok/cotton
棉,形,padded or quilted with cotton
母,形,(of animals) female
母,名,mother/elderly female relative/origin/source
泼,动,to splash/to spill
泼,形,rough and coarse/brutish
铺,动,to spread/to display/to set up
铺,名,(old) holder for door-knocker
圈1,名,circle; ring; loop/(fig.) social circle; niche group; community; fandom
圈1,动,to surround; to encircle/to circle (sth); to mark with a circle
圈1,量,"classifier for loops, orbits, laps"
杀,动,to kill; to slay; to murder; to attack/to weaken; to reduce/(dialect) to smart
杀,副,(used after a verb) extremely
闪,动,to dodge/to duck out of the way/to beat it/to sprain/to pull a muscle/to flash (across one's mind)/to leave behind
闪,形,"shaken (by a fall)/(Internet slang) (of a display of affection) ""dazzlingly"" saccharine"
闪,名,lightning/spark/a flash
扇2,量,"classifier for doors, windows etc"
扇2,名,"fan/sliding, hinged or detachable flat part of sth"
识,动,to know
识,名,knowledge
拾,动,to pick up/to collate or arrange
拾,数,ten (banker's anti-fraud numeral)
特,副,especially/very
特,形,special/unique/distinguished/unusual
特,名,"abbr. for 特克斯[te4 ke4 si1], tex"
哇,拟声,sound of a child's crying/sound of vomiting
哇,叹,Wow!
歪,形,askew/at a crooked angle/devious/noxious
歪,动,(coll.) to lie on one's side
未,副,not yet/did not/have not/not
未,名,"8th earthly branch: 1-3 p.m., 6th solar month (7th July-6th August), year of the Sheep/ancient Chinese compass point: 210°"
嫌,动,to dislike
嫌,名,"suspicion/resentment/enmity/abbr. for 嫌犯[xian2 fan4], criminal suspect"
限,动,to limit/to restrict
限,名,(bound form) limit/bound
歇,动,to rest/to take a break/to stop/to halt/(dialect) to sleep
歇,名,a moment/a short while
严,形,tight (closely sealed)/stern/strict/rigorous/severe
严,名,father
野,形,rude/feral
野,名,field/plain/open space/limit/boundary
业,后缀,industry/line of business
业,名,occupation/job/employment/school studies/enterprise/property/(Buddhism) karma/deed
业,动,to engage in
业,副,already
银,名,silver
银,形,silver-colored/relating to money or currency
引,动,to attract/to lead/to guide/to provide evidence or justification for/to involve or implicate in/to draw (e.g. a bow)/to pull/to stretch sth/to extend/to lengthen/to leave
引,量,"old unit of distance equal to 10 丈[zhang4], one-thirtieth of a km or 33.33 meters"
杂,形,mixed/miscellaneous/various
杂,动,to mix
扎,动,to prick/to run or stick (a needle etc) into/(of troops) to be stationed (at)
扎,名,"mug or jug used for serving beer (loanword from ""jar"")"
章,量,chapter/section/clause/movement (of symphony)
章,名,seal/badge/regulation/order
招,动,to recruit/to provoke/to beckon/to incur/to infect/to confess
招,名,a move (chess)/a maneuver/device/trick
招,形,contagious
肿,动,to swell/swollen
肿,名,swelling
株,量,classifier for trees or plants
株,名,tree trunk/stump (tree root)/a plant/strain (biology)
株,动,to involve others (in shady business)
傲,形,proud/arrogant/unyielding
傲,动,to despise/to defy
报,动,to report; to inform; to announce/to respond; to reply/to sign up for; to register for (abbr. for 報名|报名[bao4 ming2])/to reward; to recompense/to take revenge; to retaliate
报,名,newspaper/periodical; journal/bulletin/telegram
奔,动,to go to/to head for
奔,介,towards
绷,动,to draw tight; to stretch taut/to tack (with thread or pin)
绷,名,(bound form) embroidery hoop/(bound form) woven bed mat
扁,形,flat
扁,动,(coll.) to beat (sb) up
裁,动,to cut out (as a dress)/to cut/to trim/to reduce/to diminish/to cut back (e.g. on staff)
裁,名,decision/judgment
残,动,to destroy/to spoil/to ruin/to injure/to remain/to survive
残,形,cruel/oppressive/savage/brutal/incomplete/disabled
残,名,remnant/surplus
扯,动,"to pull/to tear/(of cloth, thread etc) to buy/to chat/to gossip"
扯,形,(coll.) (Tw) ridiculous/hokey
呈,动,to present (a certain appearance)/to assume (a shape)/to be (a certain color)/to present to a superior
呈,名,memorial/petition
仇,名,hatred/animosity/enmity/foe/enemy
仇,动,"to feel animosity toward (the wealthy, foreigners etc)"
喘,动,to gasp/to pant
喘,名,asthma
垂,动,to hang (down)/droop/dangle/bend down/hand down/bequeath/to approach
垂,副,nearly/almost
蠢,形,stupid/sluggish/clumsy
蠢,动,to wiggle (of worms)/to move in a disorderly fashion
辞,动,to resign/to dismiss/to decline/(literary) to take leave
辞,名,(archaic poetic genre) ballad
赐,动,(bound form) to confer; to bestow; to grant
赐,名,(literary) gift; favor
丛,量,cluster
丛,名,collection/collection of books/thicket
担2,名,two buckets full/carrying pole and its load
担2,量,"classifier for loads carried on a shoulder pole/picul (100 catties, 50 kg)"
盗,动,to steal/to rob/to plunder
盗,名,thief/bandit/robber
雕,动,to carve/to engrave
雕,形,shrewd
雕,名,bird of prey
独,副,alone/only
独,形,independent/single/sole
兑,动,to cash/to exchange/to add (liquid)/to blend
兑,名,"one of the Eight Trigrams 八卦[ba1 gua4], symbolizing swamp/☱"
敷,动,"to spread/to lay out/to apply (powder, ointment etc)"
敷,形,sufficient (to cover)/enough
概,副,without exception; categorically
概,形,(bound form) general; approximate
概,名,(bound form) bearing; deportment
拱,动,to cup one's hands in salute/to surround/to arch/to dig earth with the snout
拱,形,arched
股,量,"classifier for long winding things like ropes, rivers etc/classifier for smoke, smells etc: thread, puff, whiff/classifier for bands of people, gangs etc/classifier for sudden forceful actions"
股,名,"thigh/part of a whole; portion of a sum/(finance) stock; share/strand of a thread/low-level administrative unit, translated as ""section"" or ""department"" etc, ranked below 科[ke1]"
裹,动,to wrap around/to press into service; to pressgang; to make off with (sth)
裹,名,bundle; parcel; package
耗,动,to waste/to spend/to consume/to squander/(coll.) to delay/to dilly-dally
耗,名,news
呵,动,(bound form) to scold/to expel breath
呵,拟声,(onom.) laughter (usu. reduplicated)
呵,叹,interjection of surprise
何,代,what/how/why/which
何,动,carry
和2,形,(bound form) harmonious
和2,动,to make peace/(sports) to draw; to tie
和2,名,(math.) sum/(bound form) Japan; Japanese
核,名,pit/stone/nucleus
核,动,to examine/to check/to verify
核,形,nuclear
哼,动,to groan/to snort/to hum/to croon
哼,叹,humph!
吼,动,to roar/to howl/to shriek
吼,名,roar or howl of an animal/bellow of rage
糊,动,to paste; to glue
糊,形,blurry; unclear; muddled/(esp. of food) scorched; burnt
糊,名,paste; mush; thick gruel
缓,动,to postpone/to defer/to stall/to stave off/to revive/to recuperate
缓,形,slow/unhurried/sluggish/gradual/not tense/relaxed
荒,动,to neglect
荒,形,desolate/scarce/out of practice/absurd/uncultivated
荒,名,shortage
荤,名,"strong-smelling vegetable (garlic etc)/non-vegetarian food (meat, fish etc)"
荤,形,vulgar/obscene
豁,动,stake all/sacrifice
豁,名,opening/crack/slit
积,动,to amass; to accumulate; to store up
积,名,(math.) product (the result of multiplication)/(TCM) constipation; indigestion
即,副,at once/at present/namely/that is/i.e.
即,连,even if
即,动,to approach/to come into contact/to assume (office)/to draw near/prompted (by the occasion)
即,形,prompt
继,连,then/afterwards
继,动,to continue/to follow after/to go on with/to succeed/to inherit
祭,动,to offer a sacrifice to (gods or ancestors)/(in classical novels) to recite an incantation to activate a magic weapon; to wield (sth magic)
祭,名,(bound form) ceremony/(Tw) (bound form) (celebratory) festival
暨,连,(literary) and; as well as
暨,介,"(literary) up to; as far as (as in 暨今[ji4 jin1] ""up to now"")"
兼,动,holding two or more (official) posts at the same time
兼,副,twice/simultaneous
兼,形,double
焦,形,burnt/scorched/charred/worried/anxious
焦,名,coke/joule (abbr. for 焦耳[jiao1 er3])
劫,动,to rob/to plunder/to seize by force/to coerce
劫,名,calamity/abbr. for kalpa 劫波[jie2 bo1]
戒,动,to guard against/to exhort/to admonish or warn/to give up or stop doing sth
戒,名,Buddhist monastic discipline/ring (for a finger)
尽2,动,to the greatest extent/to be within the limits of/to give priority to
尽2,副,(when used before a noun of location) furthest or extreme
精,形,proficient (refined ability)/highly perfected/elite
精,名,essence/extract/vitality/energy/semen/sperm/mythical goblin spirit/the pick of sth/selected rice (archaic)
精,副,extremely (fine)
良,副,very/very much
良,形,good
缕,量,"classifier for wisps (of smoke, mist or vapor), strands, locks (of hair)"
缕,名,strand/thread
缕,形,detailed
缕,副,in detail
卵,名,egg; ovum; spawn/(coll.) testicles/(old) penis
卵,形,(expletive) fucking
码1,量,"classifier for matters, items, situations etc (esp. when indicating whether they are the same or different, as in 不是一碼事|不是一码事[bu4 shi4 yi1 ma3 shi4] ""not the same thing"")/yard (unit of length)/(coll.) kilometers per hour (informal misuse of ""yard"" to mean kph in speed references)/(Tw, HK) (finance) unit of 25 basis points (i.e. a 0.25% change in interest rate)"
码1,名,(clothing) size/number/(computing) code/(bound form) standard weight used with a balance scale/(archaic) agate
漫,动,to inundate
漫,形,free/unrestrained
枚,量,"classifier for small objects: coins, badges, rings, carved seals, chess pieces, eggs, fingerprints etc (more formal than 個|个[ge4])/classifier for bombs, missiles, satellites etc/(on product packaging) classifier for flat items (from Japanese 枚 ""mai"")"
枚,名,(old) stick used as a gag to prevent soldiers from talking while sneaking up on the enemy
蒙2,动,to cover/to suffer (misfortune)/to receive (a favor)/to cheat
蒙2,形,ignorant
猛,形,ferocious/fierce/violent/brave/abrupt/(slang) awesome
猛,副,suddenly
庙,名,temple/ancestral shrine/temple fair/great imperial hall
庙,形,imperial
乃,副,thus/so/then/only/thereupon
乃,连,therefore
乃,动,to be
拟,动,to plan to/to draft (a plan)/to imitate/to assess/to compare/to emulate
拟,前缀,pseudo-
黏,形,sticky; glutinous
黏,动,(Tw) to adhere; to stick on; to glue
娘,名,mother/young lady
娘,形,(coll.) effeminate
拧2,动,to twist
拧2,形,mistake
趴,动,"to lie on one's stomach/to lean forward, resting one's upper body (on a desktop etc)"
趴,量,"(Tw) percent (from Japanese ""pā"", short for ""pāsento"")"
判,动,to judge; to decide; to grade/(of a judge) to sentence/(bound form) to differentiate; to distinguish
判,副,(bound form) clearly (different)
颇,副,rather/quite/considerably
颇,形,oblique/inclined/slanting
呛2,动,"to irritate the nose/to choke (of smoke, smell etc)/(coll.) (Tw) to shout at sb/to scold/to speak out against sb"
呛2,形,pungent
且,连,and/moreover/yet/both (... and...)
且,副,for the time being/to be about to
若,连,if
若,动,to seem/like/as
赛,动,to compete/to surpass/better than/superior to/to excel
赛,名,competition/match
筛,动,to sieve; to sift; to filter/to eliminate through selection/to warm a pot of rice wine (over a fire or in hot water)/to pour (wine or tea)/(dialect) to strike (a gong)
筛,名,(bound form) a sieve
善,形,good (virtuous)/benevolent/well-disposed/good at sth
善,动,to improve or perfect
设,动,to set up; to put in place
设,连,(math.) given; suppose; if
审,动,to examine/to investigate/to try (in court)
审,副,carefully
梳,动,to comb
梳,名,(bound form) a comb
率2,动,to lead/to command
率2,形,rash/hasty/frank/straightforward
率2,副,generally/usually
爽,形,pleasurable/to feel well/invigorating/bright/clear/crisp/open/frank/straightforward/fine
爽,动,to deviate
耸,动,to excite/to raise up/to shrug
耸,形,high/lofty/towering
酥,形,crunchy/limp/soft/silky
酥,名,flaky pastry
俗,形,popular/common/coarse/vulgar/secular
俗,名,custom/convention
缩,动,to withdraw/to pull back/to contract/to shrink/to reduce
缩,名,abbreviation
淘,动,"to wash (rice, sand etc in water to remove impurities)/to dredge; to scoop out (sediment or waste)/(dialect) to hunt for and buy (bargains or second-hand goods)"
淘,形,(dialect) naughty; mischievous
腾,动,to make room; to clear out; to vacate/(bound form) to gallop; to prance/(bound form) to soar; to hover
腾,后缀,(verb suffix indicating repeated action)
筒,名,tube/cylinder
筒,动,to encase in sth cylindrical (such as hands in sleeves etc)
涂,动,to apply (paint etc)/to smear/to daub/to blot out/to scribble/to scrawl
涂,名,(literary) mud/street
微,副,slightly
微,形,tiny/miniature/profound/abtruse
微,动,to decline
微,前缀,micro-
微,数,one millionth part of
唯,副,only/alone
唯,前缀,"-ism (in Chinese, a prefix, often combined with a suffix such as 主義|主义[zhu3 yi4] or 論|论[lun4], e.g. 唯理論|唯理论[wei2 li3 lun4], rationalism)"
捂,动,"to enclose/to cover with the hand (one's eyes, nose or ears)/to cover up (an affair)/to contradict"
捂,形,contrary
稀,形,sparse; scattered/rare; uncommon/diluted; thin; watery
稀,名,"(bound form) sth liquid or of thin consistency (as in 綠豆稀|绿豆稀[lu : 4 dou4 xi1] ""sweet mung bean soup"")"
稀,副,"(bound form) totally; extremely (used with negative attributes, as in 稀糟[xi1 zao1] ""utterly ruined"")"
献,动,to offer/to present/to dedicate/to donate/to show/to put on display
献,名,worthy person (old)
镶,动,to inlay/to embed
镶,名,ridge/border
销,动,to melt (metal)/to cancel; to annul/to sell/to expend; to spend/to fasten with a pin or bolt
销,名,pin; bolt
邪,形,demonic/iniquitous/nefarious/evil/(coll.) strange/abnormal
邪,名,unhealthy influences that cause disease (Chinese medicine)
泻,动,to flow out swiftly/to flood
泻,名,a torrent/diarrhea/laxative
凶,形,vicious/fierce/ominous/inauspicious/terrible/fearful
凶,名,famine
悬,动,to hang or suspend/to worry
悬,形,unresolved/baseless/without foundation
悬,名,public announcement
训,动,to teach; to train; to admonish
训,名,(bound form) instruction (from superiors); teachings; rule
驯,动,to tame/to attain gradually
扬,动,to raise/to hoist/scattering (in the wind)/to flutter/to propagate
扬,名,the action of tossing or winnowing
溢,动,to overflow
溢,形,(literary) excessive
愈,副,the more...(the more...)
愈,动,to recover/to heal
愈,形,better
怨,动,to blame
怨,名,(bound form) resentment; hatred; grudge
宰,动,to slaughter; to butcher; to kill (animals etc)/(coll.) to fleece; to rip off; to overcharge/(bound form) to govern; to rule
宰,名,(bound form) (a title for certain government officials in ancient China)
凿,动,to bore a hole; to chisel; to dig
凿,名,(bound form) chisel
凿,形,(literary) certain; authentic; irrefutable
榨,动,to press/to extract (juice)
榨,名,"device for extracting juice, oils etc"
盏,量,classifier for lamps
盏,名,a small cup
枕,动,to rest one's head on (Taiwan pr. [zhen4])
枕,名,(bound form) pillow
震,动,to shake/to vibrate/to jolt/to quake/excited/shocked
震,名,"one of the Eight Trigrams 八卦[ba1 gua4], symbolizing thunder/☳"
征,动,to invite/to recruit/to levy (taxes)/to draft (troops)/to go on long campaign/to attack
征,名,phenomenon/symptom/characteristic sign (used as proof)/evidence/journey/trip/expedition
蒸,动,to evaporate/(of cooking) to steam
蒸,名,torch made from hemp stalks or bamboo (old)/finely chopped firewood (old)
幢,量,classifier for buildings (Taiwan pr. [chuang2])
幢,名,(archaic) curtain hung over boat or carriage windows
兹,代,(literary) this
兹,副,(literary) now
兹,名,(literary) year
宗,量,"classifier for batches, items, cases (medical or legal), reservoirs"
宗,名,school/sect/purpose/model/ancestor/clan
宗,动,to take as one's model (in academic or artistic work)
大家,代,everyone
大家,名,influential family/great expert
那个,代,"that one/that thing/that (as opposed to this)/(used before a verb or adjective for emphasis)/(used to humorously or indirectly refer to sth embarrassing, funny etc, or when one can't think of the right word)/(used in speech as a filler, similar to ""umm"", ""you know"" etc)"
那个,名,(euph.) menstruation/sex
便宜,形,cheap; inexpensive
便宜,名,a petty advantage
便宜,动,to let sb off lightly
休息,动,to rest/rest
一点儿,数量,"a bit; a little bit/(used in negative expressions) (not) the least bit/(after an adjective, used to form the comparative) a bit more, -er"
一点儿,名,a point (in a discussion etc)/(calligraphy) dot stroke (、)/one o'clock (abbr. for 一點鍾|一点钟[yi1 dian3 zhong1])
不错,形,not bad/pretty good/correct/right
经常,副,frequently; constantly; regularly; often
经常,形,day-to-day; everyday; daily
旅游,动,to travel/trip/journey/tourism/travel/tour
意思,名,"meaning/idea/opinion/wish/desire/interest/fun/token of appreciation, affection etc"
意思,动,to give as a small token/to do sth as a gesture of goodwill etc
游泳,动,to swim/swimming
准备,动,to prepare/to intend/to be about to/preparation/reserve (fund)
帮助,动,to help; to assist/assistance; aid
表演,动,to perform/to act/to demonstrate/play/show/performance/exhibition
大小,名,large and small/size/adults and children/consideration of seniority
大小,副,at any rate
担心,动,to worry/to be anxious/anxious/worried/uneasy
方便,形,convenient; suitable/having money to spare
方便,动,to facilitate; to make things easy/(euphemism) to relieve oneself
后来,名,afterwards; later
后来,形,newly arrived
后天,名,"the day after tomorrow/life after birth (the period in which one develops through experiences, contrasted with 先天[xian1 tian1])"
后天,形,acquired (not innate or congenital)/a posteriori
黄色,名,yellow
黄色,形,vulgar; lewd; pornographic
或者,连,or
或者,副,possibly; maybe; perhaps
健康,形,healthy/health
开心,形,to feel happy/to rejoice/to have a great time
开心,动,to make fun of sb
可是,连,but; however
可是,副,(used for emphasis) indeed
凉快,形,pleasantly cool (weather etc)/(Tw) (slang) (of clothing) scanty; revealing
凉快,动,to cool oneself; to cool off/(coll.) to stay out of it; to butt out
奇怪,形,strange/odd
奇怪,动,to marvel/to be baffled
认真,形,conscientious/earnest/serious
认真,动,to take seriously/to take to heart
生气,动,to get angry; to be furious
生气,名,vitality; liveliness
水平,名,"a standard; a level (of ability, development etc)"
水平,形,horizontal; level
晚点,动,(of trains etc) late/delayed/behind schedule
晚点,名,light dinner
文化,名,culture/civilization
文化,形,cultural
喜爱,动,to like/to love/to be fond of
喜爱,形,favorite
相机,名,camera (abbr. for 照相機|照相机[zhao4 xiang4 ji1])
相机,副,at the opportune moment/as the circumstances allow
一般,形,ordinary/same/so-so/common/general
一般,副,generally/in general
一边,副,doing while/on the one hand/on the other hand
一边,名,one side/either side
游戏,名,game
游戏,动,to play
只有,连,"(used in combination with 才[cai2]) it is only if ... (that one can ...) (as in 只有通過治療才能痊愈|只有通过治疗才能痊愈[zhi3 you3 tong1 guo4 zhi4 liao2 cai2 neng2 quan2 yu4] ""the only way to cure it is with therapy"")/it is only (someone) who ... (as in 只有男性才有此需要[zhi3 you3 nan2 xing4 cai2 you3 ci3 xu1 yao4] ""only men would have such a requirement"")"
只有,动,only have ...; there is only ...
只有,副,"(used to express lack of alternatives) can only; have no choice but to (as in 只有屈服[zhi3 you3 qu1 fu2] ""the only thing you can do is give in"")"
最好,副,had better ...; it would be best to ...
最好,形,best
最后,名,final; last; ultimate
最后,副,finally; in the end
作业,名,homework/school assignment/work/task/operation
作业,动,to operate
安检,动,to do a security check/security check (abbr. for 安全檢查|安全检查[an1 quan2 jian3 cha2])
毕业,动,to graduate/to finish school/graduation
不论,连,"whatever/no matter what (who, how etc)/regardless of"
不论,动,not to discuss
不管,连,regardless of/no matter
不管,动,not to be concerned
大大,副,greatly/enormously
大大,名,(dialect) dad/uncle
大量,形,numerous/great amount/large quantity/bulk/generous/magnanimous
等到,介,by the time when (sth is ready etc)
等到,动,to wait until
动作,名,movement; motion; action
动作,动,to act; to move
高速,形,high speed
高速,名,expressway (abbr. for 高速公路[gao1 su4 gong1 lu4])
共同,形,common/joint/collaborative
共同,副,jointly/together
基础,名,base; foundation; basis
基础,形,basic; fundamental
积累,动,to accumulate/accumulation
积累,形,cumulative
积累,副,cumulatively
加上,连,in addition/on top of that/plus
加上,动,to put in/to add/to add on/to add into
结果1,名,outcome; result; consequence
结果1,连,in the end; as a result
结果1,动,to kill; to dispatch
节约,动,to economize/to conserve (resources)/economy
节约,形,frugal
解释,动,to explain/to interpret/to resolve/explanation
经验,名,experience
经验,动,to go through; to experience
垃圾,名,trash/refuse/garbage
垃圾,形,(coll.) of poor quality
联系,动,to get in touch with/to integrate/to link/to touch/connection/contact/relation
流行,动,"(of a style of clothing, song etc) popular; fashionable/(of a contagious disease etc) to spread; to propagate"
千万,副,one must by all means
千万,数,ten million
千万,形,countless/many
轻松,形,light/gentle/relaxed/effortless/uncomplicated
轻松,动,to relax/to take things less seriously
确实,副,indeed/really
确实,形,reliable/real/true
入口,名,entrance
入口,动,to import
申请,动,to apply for sth
申请,名,application form
十分,副,very/completely/utterly/extremely/absolutely/hundred percent
十分,动,to divide into ten equal parts
数量,名,amount; quantity/(math.) scalar quantity
数量,形,quantitative
数字,名,numeral/digit/number/figure/amount
数字,形,digital (electronics etc)
抬头,动,to raise one's head; to look up/(fig.) to begin to emerge; to show signs of growth
抬头,名,"(commerce) account name, or space for writing the name on checks, bills etc"
同样,形,same; equal; similar
同样,副,similarly; also; too
网购,动,to purchase online/Internet shopping
想法,名,way of thinking; opinion; notion
想法,动,to think of a way (to do sth)
兄弟,名,brothers/younger brother
兄弟,代,"I, me (humble term used by men in public speech)"
兄弟,形,brotherly/fraternal
研究,动,to research/to look into/research/a study
阳光,名,sunshine
阳光,形,(of personality) upbeat; energetic/transparent (open to public scrutiny)
幽默,形,humorous/(loanword) humor
友好,形,friendly; amicable
友好,名,close friend
知识,名,knowledge
知识,形,intellectual
职业,名,occupation; profession; vocation
职业,形,professional
自学,动,to study on one's own/self-study
宝贵,形,valuable/precious
宝贵,动,to value/to treasure/to set store by
必需,动,to need/to require
必需,形,essential/indispensable
表情,名,(facial) expression
表情,动,to express one's feelings
补充,动,to replenish/to supplement/to complement
补充,形,additional/supplementary
彩色,名,color
彩色,形,multicolored
参考,动,to consult/to refer/consultation/reference
曾经,副,once/already/previously/ever/(past tense marker used before verb or clause)
曾经,形,former
产业,名,industry/estate/property
产业,形,industrial
长途,形,long distance
长途,名,long-distance phone call (abbr. for 長途電話|长途电话[chang2 tu2 dian4 hua4])/long-distance coach (abbr. for 長途汽車|长途汽车[chang2 tu2 qi4 che1])
超速,动,to exceed the speed limit/to speed
超速,形,high-speed
成年1,动,to grow to adulthood
成年1,形,fully grown; adult
充分,形,ample/sufficient/adequate/full
充分,副,fully/to the full
传递,动,to transmit; to pass on to sb else
传递,形,(math.) transitive
大事,名,major event/major political event (war or change of regime)/major social event (wedding or funeral)
大事,副,(do sth) in a big way
大众,名,the masses/the great bulk of the population
大众,形,"popular (of music, science etc)"
胆小,形,timid/cowardice
当年,名,in those days; back then; in those years
当年,动,to be in the prime of life
电动,形,electric-powered
电动,名,(Tw) video game
电商,名,e-commerce (abbr. for 電子商務|电子商务[dian4 zi3 shang1 wu4])
电商,动,(old) to negotiate by telegram or telephone
二手,形,"indirectly acquired/second-hand (information, equipment etc)"
二手,名,assistant
反正,副,anyway/in any case
反正,动,to come over from the enemy's side
改革,动,to reform/reform
改天,副,another day/some other time
改天,动,to find another day (for appointment etc)/to take a rain check
格外,副,especially; particularly; even more than usual
格外,形,extra; additional
恭喜,动,to congratulate
恭喜,叹,(interj.) congratulations!
固定,动,to fix/to fasten/to set rigidly in place
固定,形,fixed/set/regular
互动,动,to interact
互动,形,interactive
花费,动,to spend (time or money)
花费,名,expense/cost/expenditure
集合,动,to gather; to assemble
集合,名,(math.) set
集体,名,a group/a team
集体,形,collective (decision)/joint (effort)
集体,副,en masse/as a group
驾驶,动,"to drive (vehicle); to pilot (ship, airplane etc)"
驾驶,名,driver; pilot; captain
讲话,名,a speech
讲话,动,to speak/to talk/to address
交换,动,to exchange/to swap/to switch (telecom)/to commute
交换,形,commutative (math)
接收,动,to receive/to accept/to admit/to take over (e.g. a factory)/to expropriate/reception (of transmitted signal)
结论,名,conclusion/verdict
结论,动,to conclude/to reach a verdict
节省,动,to save/to use sparingly/to cut down on/saving
进口,动,to import
进口,形,imported
进口,名,"entrance/inlet (for the intake of air, water etc)"
进一步,副,"(develop, understand, improve etc) more; further"
进一步,动,to go a step further
惊喜,形,to be pleasantly surprised/nice surprise
可见,连,it can clearly be seen (that this is the case)/it is (thus) clear
可见,形,clear/visible
论文,名,paper/treatise/thesis
论文,动,to discuss a paper or thesis (old)
满足,动,to satisfy/to meet (the needs of)
满足,形,satisfied/content
美味,名,delicious food/delicacy
美味,形,delicious
迷路,动,to lose the way/lost
迷路,名,labyrinth/labyrinthus vestibularis (of the inner ear)
面向,动,to face; to turn towards; geared towards; catering for; -oriented
面向,名,(Tw) aspect; facet
难得,形,rare/hard to come by
难得,副,seldom
偶然,形,occasional
偶然,副,incidentally/occasionally/by chance/randomly
排列,动,to arrange in order
排列,名,(math.) permutation
配合,动,to coordinate with/to act in concert with/to cooperate/to correspond/to fit/to conform to/to become man and wife/to combine parts of machine/matching/fitting in with/compatible with/rapport
破坏,动,to wreck/to break/to destroy/destruction/damage
普及,动,to spread extensively/to generalize
普及,形,widespread/popular/universal/ubiquitous/pervasive
前来,动,to come (formal)
前来,副,before/previously
情感,名,feeling/emotion
情感,动,to move (emotionally)
人际,形,interpersonal/human relationships
上下,名,"the top and bottom of sth/the full vertical extent of sth; from top to bottom/before and after (as in 上下文[shang4 xia4 wen2] ""context"")/(in a social hierarchy) the high and the low; seniors and juniors (as in 上下和睦[shang4 xia4 he2 mu4] ""harmony between superiors and subordinates"")/all members of a group (as in 舉國上下|举国上下[ju3 guo2 shang4 xia4] ""the entire nation"")/relative superiority (as in 不相上下[bu4 xiang1 shang4 xia4] ""evenly matched"")/(used after a quantity) approximately; ... or so"
上下,动,to go up and down
烧烤,名,barbecue
烧烤,动,to roast
失业,动,to lose one's job/unemployment
实践,动,to put into practice/to live up to (a promise)/to carry out (a project)/practice
实习,动,to intern/to practice/field work/internship
食用,动,to eat; to consume
食用,形,edible
使得,动,to make; to cause; to bring about
使得,形,usable; serviceable/feasible; workable; doable
试验,动,to experiment/experiment/test/experimental
睡眠,名,sleep
睡眠,动,to sleep/(computing) to enter sleep mode
损害,动,to damage/to impair/harm
疼痛,形,(of a body part) to be painful; to be sore; to hurt/(of a person) to be in pain/pain
统计,动,to count/to add up/statistics
痛苦,形,painful/pain/suffering
违法,动,to break the law/illegal
维修,动,to protect and maintain/maintenance (of equipment)
向上,动,to advance/to try to improve oneself/to make progress/upward/up
信用,名,trustworthiness/(commerce) credit
信用,动,(literary) to trust and appoint
形容,动,to describe
形容,名,(literary) countenance; appearance
休闲,动,to enjoy leisure/to lie fallow/leisure/relaxation/not working/idle
需求,名,requirement/(economics) demand
需求,动,to require
研发,动,to develop/research and development
移动,动,to move/movement/migration
移动,形,mobile/portable
优惠,形,favorable (terms)/preferential (treatment)/privilege/discount (price)
语音,名,speech sounds/pronunciation/colloquial (rather than literary) pronunciation of a Chinese character/phonetic/audio/voice/voice message
语音,动,(Internet) to voice chat
预约,动,to book/to make an appointment/booking/reservation
糟糕,形,terrible/bad/too bad/how terrible/what bad luck
站台,名,platform (at a railway station)/(Tw) (dated) website
站台,动,(Tw) (of an influential person) to publicly endorse or campaign for (a candidate)
指导,动,to guide; to direct; to instruct
指导,名,coach; trainer
主持,动,to take charge of/to manage or direct/to preside over/to uphold/to stand for (justice etc)/to host (a TV or radio program etc)
主持,名,(TV) anchor
主动,形,spontaneous/active/to take the initiative/to do sth of one's own accord/opposite: passive 被動|被动[bei4 dong4]/drive (of gears and shafts etc)
综合,动,to sum up/to integrate/to synthesize
综合,形,comprehensive/composite/synthesized/mixed
按摩,动,to massage/massage
白白,副,in vain/to no purpose/for nothing
白白,形,white
保管,动,to hold in safekeeping; to have in one's care/to guarantee
保管,副,certainly; surely
保管,名,custodian; curator
保健,动,to maintain in good health/health protection/health care
爆炸,动,to explode/to blow up/to detonate/explosion
残疾,名,deformity on a person or animal/disabled/handicapped
测量,动,to measure/to gauge/to determine/survey
策略,名,strategy; tactics
策略,形,crafty; adroit
惩罚,动,to punish/penalty/punishment
冲突,动,to conflict/conflict/clash of opposing forces/collision (of interests)/contention
筹备,动,to get ready for sth/preparations
挫折,动,to frustrate/to discourage/to set sb back/to blunt/to subdue/setback/reverse/check/defeat/frustration/disappointment
大都,副,for the most part/on the whole
大都,形,metropolitan
大幅,副,substantially; by a wide margin
大幅,形,"large-format (picture, banner, photo etc)"
单纯,形,simple/pure/unsophisticated
单纯,副,merely/purely
定制,动,to have sth custom made/custom-made; made-to-order
对称,形,symmetrical/symmetry
风光,名,scene/view/sight/landscape
风光,形,to be well-regarded/to be well-off/grand (dialect)/impressive (dialect)
干旱,形,"(of land, climate etc) arid; dry/drought"
关怀,动,to show care for/concerned about/attentive to/care/solicitude
海岸,名,seacoast/coastal
好客,形,hospitable/friendly/to treat guests well/to enjoy having guests/hospitality
和谐,形,harmonious/harmony
和谐,动,(euphemism) to censor
怀孕,动,to have conceived/pregnant/gestation/pregnancy
欢乐,形,happy/joyous/gay/gaiety/gladness/glee/merriment/pleasure
回报,动,to report back/to reciprocate/(in) return/reciprocation/payback/retaliation
即便,连,even if/even though
即便,副,right away/immediately
家居,名,home; residence
家居,动,to stay at home (unemployed)
艰辛,形,arduous/difficult/hardships
将军,名,general/high-ranking military officer
将军,动,to check or checkmate/fig. to embarrass/to challenge/to put sb on the spot
救命,动,to save sb's life
救命,叹,(interj.) Help!/Save me!
开关,名,power switch/gas valve
开关,动,to open the city (or frontier) gate/to open and close/to switch on and off
模拟,动,to simulate/to imitate/imitation
模拟,形,"analog (device, as opposed to digital)"
内外,名,inside and outside/domestic and foreign
内外,副,approximately/about
疲劳,形,weary/fatigue/weariness/wearily
恰恰,副,exactly; just; precisely
恰恰,名,(loanword) cha-cha; cha-cha-cha (dance)
认知,动,to be cognizant of/to recognize/to realize/cognition/cognitive/understanding/perception/awareness
融合,动,to be in harmony with (nature)/to harmonize with/to fit in/welding together/fusion/a mixture/an amalgam
神经,名,nerve/mental state/nutjob
神经,形,(coll.) unhinged
天才,名,talent/gift/genius
天才,形,talented/gifted
通风,动,to ventilate/to disclose information/ventilation
通风,形,airy
透过,动,to pass through/to penetrate
透过,介,by means of/via
推测,动,to conjecture/to surmise/to speculate/speculation
弯曲,形,curved/crooked/to bend/to curve around/to wind/to warp
往来,动,to go back and forth/dealings/contacts
相应,动,to correspond/answering (one another)/to agree (among the part)
相应,形,corresponding/relevant/appropriate
相应,副,(modify) accordingly
心灵,名,heart/thoughts/spirit
心灵,形,bright/smart/quick-witted
遗传,动,to inherit (a trait)/to pass on (to one's offspring)/heredity
一律,副,uniformly; all; without exception
一律,形,same; identical
一向,副,(indicating a period of time up to the present) all along; the whole time
一向,名,a period of time in the recent past
一口气,副,in one breath/at a stretch
一口气,名,one breath
隐藏,动,to hide/to conceal/to mask/to shelter/to harbor (i.e. keep sth hidden)/to hide oneself/to lie low/to nestle
隐藏,形,hidden/implicit/private/covert/recessed (lighting)
用人,动,to employ sb for a job/to manage people/to be in need of staff
用人,名,servant
用心,形,to be diligent or attentive/careful
用心,名,motive/intention
原本,副,originally
原本,形,the original; original copy; original version
原先,名,original/former
原先,副,originally
照明,动,to light up/to illuminate/lighting/illumination
争议,动,to dispute/controversy/dispute
支撑,动,to prop up/to support
支撑,名,strut/brace
终身,名,all one's life/marriage
终身,形,lifelong
中央,名,middle/center/central authorities (of a state)
中央,形,central
祝福,动,to wish sb well/blessings
霸道,形,"overbearing/(of liquor, medicine etc) strong/potent"
霸道,名,the Way of the Hegemon/abbr. for 霸王之道/despotic rule/rule by might/evil as opposed to the Way of the King 王道/tyranny
罢工,动,to go on strike/a strike
逼真,形,lifelike/true to life
逼真,副,distinctly/clearly
辩论,动,to argue over/debate/argument
变通,动,to act differently in different situations/to accommodate to circumstances/pragmatic/flexible
标点,名,punctuation/a punctuation mark
标点,动,to punctuate
并购,动,to take over/acquisition/merger and acquisition (M and A)
不平,形,uneven/indignant/dissatisfied
不平,名,injustice/unfairness/wrong/grievance
痴呆,形,stupid; dull
痴呆,名,(medicine) dementia
抽查,动,to do a spot check/random inspection
出息,名,future prospects/profit
出息,动,to mature/to grow up
传奇,名,fantasy saga/romance/short stories of the Tang and Song Dynasty
传奇,形,legendary
凑合,动,to make do in a bad situation/to just get by/to improvise/to bring together
凑合,形,passable/not too bad
打岔,动,to interrupt (esp. talk)/to change the subject/interruption
带队,动,to lead a team/to lead a group
带队,名,group leader/(tourism) tour guide
胆怯,形,timid/cowardly/timidity
敌视,动,to view as enemy/to stand against/hostile/malevolence/antagonism
订阅,动,to subscribe to/subscription
防御,动,to defend/defense
分红,动,to award a bonus/dividend
分支,名,"branch (of company, river etc)"
分支,动,to branch/to diverge/to ramify/to subdivide
风趣,形,humorous/witty/charm/humor/wit
腐蚀,动,to corrode (degrade chemically)/to rot/corrosion/corruption
复合,动,to compound/to combine
复合,形,complex/compound/composite/hybrid
感性,形,perceptual/sensitive/emotional/sentimental/sensibility/perception
高贵,形,noble/grandeur
高雅,形,elegant/dainty/elegance
工整,形,carefully and neatly done/fine work
固执,形,obstinate/stubborn
固执,动,to fixate on/to cling to
官僚,名,bureaucrat/bureaucracy
官僚,形,bureaucratic
管家,名,(old) butler; steward/manager; administrator; housekeeper
管家,动,to manage a household
惯性,名,(physics) inertia/(fig.) force of habit/tendency to do things in the accustomed way
惯性,形,habitual
合唱,动,to chorus/chorus
和解,动,to settle (a dispute out of court)/to reconcile/to become reconciled/settlement/conciliation
烘托,动,to offset (something to advantage)
烘托,名,background (of a painting)/backdrop/a foil (to set off something to advantage)
后续,形,follow-up
后续,动,(dialect) to remarry
化验,动,to do a lab test/chemical examination
挥霍,动,to squander money
挥霍,形,extravagant/prodigal/free and easy/agile
汇合,动,to converge/to join/to fuse/confluence/fusion
汇聚,动,to come together/convergence
会意,动,to comprehend without being told explicitly/to cotton on
会意,名,combined ideogram (one of the Six Methods 六書|六书[liu4 shu1] of forming Chinese characters)/Chinese character that combines the meanings of existing elements/also known as joint ideogram or associative compound
会意,形,"knowing (smile, glance etc)"
计较,动,to bother about/to haggle/to bicker/to argue
计较,名,plan/stratagem
寄托,动,"to entrust (to sb)/to place (one's hope, energy etc) in"
寄托,名,"a thing in which one invests (one's hope, energy etc)"
家教,名,family education/upbringing/private tutor
家教,动,to bring sb up
假定,动,to assume/to suppose/assumption/hypothesis
假定,形,supposed/so-called
监管,动,to oversee/to take charge of/to supervise/to administer/supervision
监管,形,supervisory
兼任,动,to hold a concurrent post
兼任,形,part-time; (in academia) adjunct
艰险,形,difficult and dangerous
艰险,名,hardships and perils
交集,动,(of diverse emotions) to occur simultaneously; to intermingle
交集,名,common ground; points of commonality; overlap; connection/interaction; dealings/(math.) (set theory) intersection
焦急,形,anxious/anxiety
接手,动,to take over (duties etc)
接手,名,catcher (baseball etc)
界定,动,to delimit/definition
精神2,名,spirit/mind/consciousness/thought/essence/gist
精神2,形,mental/psychological
警戒,动,to warn/to alert/to be on the alert/to stand guard
警戒,名,sentinel
警惕,动,to be on the alert/to warn
警惕,形,vigilant/alert/on guard
救济,动,to help the needy with cash or goods/emergency relief
局部,名,part
局部,形,local
开支,名,expenditures; expenses
开支,动,to spend money/(coll.) to pay wages
看护,动,to nurse/to look after/to watch over
看护,名,(old) hospital nurse
宽容,动,to forgive
宽容,形,lenient/tolerant/indulgent/charitable
狂欢,动,to carouse/party/carousal/hilarity/merriment/whoopee
狂热,形,fanatical/feverish/zealotry
扩张,动,to expand (e.g. one's power or influence)/to broaden/expansion/dilation
连锁,形,chain (store etc)
连锁,动,to interlock/to be linked
列举,动,to list/to enumerate/a list
落实,动,to implement/to carry out/to decide
落实,形,practical/workable
麻醉,动,to anesthetize; (fig.) to corrupt (sb's mind); to enervate; to numb the mind (to escape from harsh reality)/anesthesia
慢性,形,chronic (disease)/slow to take effect (e.g. a slow poison)/slow and patient
迷信,动,to have a superstitious belief (in sth)/superstition
民事,形,civil
民事,名,civil case/agricultural affairs
蘑菇,名,mushroom
蘑菇,动,to pester/to dawdle
拍板,动,(fig.) to make a decision; to have the final say/to beat time with clappers (for a singer)/to slap the board to signal a sale; to bring down the gavel
拍板,名,wooden clappers (percussion instrument)/(auctioneer's) board or gavel
疲倦,形,tired/to tire
漂浮,动,"to float/to hover/to drift (also fig., to lead a wandering life)/to rove"
漂浮,形,showy/superficial
平面,名,(geometry) plane/flat surface
平面,形,flat; two-dimensional
平日,名,ordinary day/everyday
平日,副,ordinarily/usually
启蒙,动,to instruct the young/to initiate/to awake sb from ignorance/to free sb from prejudice or superstition
启蒙,名,primer/the Enlightenment/Western learning from the late Qing dynasty
启蒙,形,enlightened
气泡,名,bubble/blister (in metal)
气泡,形,(of beverages) sparkling/carbonated
牵头,动,to lead (an animal by the head)/to take the lead/to coordinate (a combined operation)/to mediate
牵头,名,a go-between (e.g. marriage broker)
前任,名,predecessor/ex (spouse etc)
前任,形,ex-/former
巧合,形,coincidental
巧合,名,coincidence
巧合,动,to coincide
情商,名,emotional intelligence; emotional intelligence quotient (EQ) (abbr. for 情緒商數|情绪商数[qing2 xu4 shang1 shu4])
情商,动,(Tw) to ask a special favor of (sb)
驱动,动,to drive/to propel
驱动,名,drive (vehicle wheel)/drive mechanism (tape or disk)/device driver (computing software)
区区,形,insignificant/trifling
区区,副,merely
曲线,名,curve/curved line
曲线,形,indirect
曲线,副,in a roundabout way
确信,动,to be convinced/to be sure/to firmly believe/to be positive that
确信,名,definite news
赛跑,动,to race (running)/race (running)
骚乱,动,to create a disturbance/disturbance; riot
上空,名,the skies above a certain place; (aviation) airspace
上空,形,(Tw) topless
设定,动,to set/to set up/to install
设定,名,setting/preferences
审判,动,to try sb/a trial
生平,名,life (a person's whole life)
生平,副,in one's entire life
施工,动,to carry out construction or large-scale repairs/construction
数码,形,digital
数码,名,number/numerals/figures/amount/numerical code
私自,副,secretly; without explicit approval/private; personal
缩影,名,miniature version of sth/microcosm/epitome
缩影,动,(Tw) to microfilm
锁定,动,"to lock (a door)/to close with a latch/to lock into place/to lock a computer file (to prevent it being overwritten)/to lock (denying access to a computer system or device or files, e.g. by password-protection)/to focus attention on/to target"
锁定,名,a lock/a latch
天生,形,innate/natural
天生,名,nature/disposition
调侃,动,to ridicule/to tease/to mock
调侃,名,idle talk/chitchat
停滞,动,at a standstill/bogged down/stagnation
同期,名,the corresponding time period (in a different year etc)
同期,形,concurrent/synchronous
统筹,动,to plan an entire project as a whole/an overall plan
推理,动,to infer/to deduce/reasoning/inference
退步,动,to do less well than before/to make a concession/setback/backward step
退步,名,leeway/room to maneuver/fallback
万分,副,very much/extremely
万分,名,one ten thousandth part
万万,副,absolutely; certainly (usually followed by a negative expression)
万万,数,hundred million; (fig.) enormous quantity
温馨,形,warm/soft and fragrant/comfort
无能,形,incapable/powerless/incompetence/inability
膝盖,名,knee
膝盖,动,(Internet slang) to kneel down (in admiration)
牺牲,动,to sacrifice one's life/to sacrifice (sth valued)
牺牲,名,beast slaughtered as a sacrifice
袭击,动,to attack/attack (esp. surprise attack)/raid
喜好,动,to like/fond of/to prefer/to love
喜好,名,one's tastes/preference
下场,名,the end
下场,动,"to conclude/to leave (the stage, an exam room, the playing field etc)"
下级,名,subordinate/underclass
下级,形,low ranking/low level
吓人,形,scary/frightening/to scare
下手,动,to start/to put one's hand to/to set about
下手,名,the seat to the right of the main guest
嫌疑,名,suspicion
嫌疑,动,to have suspicions
显现,动,to appear/appearance
小康,形,moderately affluent/well-off
小康,名,a period of peace and prosperity
性感,形,sexy/sex appeal/eroticism/sexuality
酗酒,动,to get drunk/to drink to excess/heavy drinking
选项,名,option; alternative; choice
选项,动,to choose a project
炫耀,动,to show off; to flaunt/dazzling
压轴,动,opera term: to present the second to last item in a theatrical performance
压轴,名,"final and most important item (on a program, schedule etc); grand finale; (attributive) final; climactic/(traditional Chinese opera) penultimate item on the program/short for 壓軸子|压轴子"
意味,名,meaning/implication/flavor/overtone
意味,动,to mean/to imply/(Tw) to get a sense of
盈利,名,profit/gain
盈利,动,to make profits
优雅,形,graceful/grace
展望,动,to look ahead/to look forward to/outlook/prospect
针灸,名,acupuncture and moxibustion
针灸,动,to give or have acupuncture and moxibustion
争辩,动,to wrangle/a dispute
整洁,形,tidy/neatly
直观,形,directly perceived through the senses/intuitive/audiovisual/direct observation
指控,动,to accuse/accusation/a (criminal) charge
致命,动,to sacrifice one's life
致命,形,fatal/mortal/deadly
终结,动,to come to an end; to terminate (sth)/end; conclusion
主打,动,to specialize in; to take as one's priority; to primarily focus on/principal; main; flagship (product); title (track)
注射,动,to inject/injection
转眼,动,to glance/in a flash/in the blink of an eye
走向,名,direction/strike (i.e. angle of inclination in geology)/inclination/trend
走向,动,to move towards/to head for
作战,动,to fight/combat
拟,形,doubtful/suspicious
精练,形,refined/polished/succinct/skilled/capable
精练,动,"to refine (a substance)/to purify/to refine (one's skills, writing etc)/(textiles) to scour/to degum (silk)"
穿,动,"to wear; to put on (clothes, shoes etc.)/to bore through; to pierce; to perforate/to go through (e.g. a tunnel); to cross (e.g. a street)/to thread; to string together/verb complement indicating thoroughness or completion"
酒店,名,hotel/wine shop/pub (public house)/restaurant/(Tw) hostess club
一块儿,副,together; in the same place; in company
一块儿,名,"a piece; a chunk/(fig.) (coll.) (typically preceded by a specifier such as 這|这[zhe4]) aspect; area; dimension (Example: 情感這一塊|情感这一块[qing2 gan3 zhe4 yi1 kuai4] ""the emotional aspect (of it)"")/(coll.) one yuan; a dollar"
表,名,a table (listing information)/a form/watch (timepiece)/a meter (measuring sth)/meter; gauge/exterior surface/family relationship via females/a model
表,动,to show (one's opinion)
打印,动,to print out (with a printer)/to affix a seal/to stamp
订,动,to order/to subscribe to (a newspaper etc)/to agree/to conclude/to draw up
寄,动,to send by post; to mail/to entrust; to place in sb's care/(bound form) to depend on; to attach oneself to; to reside temporarily/(bound form) foster (as in 寄女[ji4 nu : 3] foster daughter)
家长,名,parent or guardian of a child/head of a household/family head/patriarch
修,动,to repair/to build/to decorate/to embellish/to write/to cultivate/to study/to take (a class)
应聘,动,to apply for an advertised position/to accept a job offer
值,动,(to be) worth/to happen to/to be on duty
值,名,value
质量,名,quality (i.e. degree of excellence)/(physics) mass/quality and quantity
中餐,名,Chinese meal; Chinese food/lunch
大厦,名,large building; skyscraper; edifice/(used in the names of grand buildings such as 百老匯大廈|百老汇大厦 Broadway Mansions (in Shanghai) or 帝國大廈|帝国大厦 Empire State Building etc)
恋爱,动,in love/to have an affair
恋爱,名,(romantic) love
录,动,to record; to write down/to record (using instruments)/to copy/to hit
录,名,record/diary
在乎,动,(often used in the negative) to care about/to rest with; to lie in; to be due to (a certain attribute)
总体,名,total/entire/overall/population (statistics)
总体,副,completely/totally
策划,动,planning/to bring about/to engineer/to plot/to scheme
策划,名,producer/planner
好不,副,how very .../not at all ...
酷,形,(loanword) cool/hip/ruthless/strong (e.g. of wine)
易于,动,to be apt to; to be easy to/very likely/prone to
编制,动,"to compile; to put together (a lesson plan, budget etc)/to weave; to plait/to establish (a unit or department)"
编制,名,authorized staffing allocation in government or public institutions (excluding temporary or contract staff)
盗版,名,pirated/illegal/see also 正版[zheng4 ban3]
点子,名,idea/spot/point/dot/speck/drop (of liquid)/droplet/point (of argument)/crux/indication/pointer
发火,动,to get angry/to catch fire/to ignite/to detonate
敷衍,动,perfunctory/to skimp/to botch/to do sth half-heartedly or just for show/barely enough to get by/to elaborate (on a theme)/to expound (the classics)
忽悠,动,to trick sb into doing sth/to dupe/to con/to rock/to sway/to flicker (e.g. of lights reflected on water)/to flutter (e.g. of a flag)
家伙,名,"(coll.) guy/chap/household dish, implement or furniture/domestic animal/weapon"
开朗,形,(of character) optimistic/cheerful/carefree/spacious and well-lit/open and clear
麻1,形,to have pins and needles or tingling/to feel numb/(of materials) rough or coarse/pocked/pitted
小人,名,"nasty person/vile character/person of low social status (old)/I, me (used to refer humbly to oneself)"
引领,动,to lead/to show the way/to crane one's neck/to await eagerly
底蕴,名,"deep foundation; accumulated depth (of culture, learning etc)/inside information/concrete details"
